{"credit":"ObeeNow","ambientocclusion":false,"textures":{"0":"block/acacia_door_bottom","particle":"block/acacia_door_bottom"},"elements":[{"from":[0,0,0],"to":[3,3,16],"faces":{"north":{"uv":[13,13,16,16],"texture":"#0"},"east":{"uv":[0,13,16,16],"texture":"#0"},"south":{"uv":[0,13,3,16],"texture":"#0"},"west":{"uv":[16,13,0,16],"texture":"#0"},"up":{"uv":[0,13,16,16],"rotation":270,"texture":"#0"},"down":{"uv":[0,13,16,16],"rotation":90,"texture":"#0"}}},{"from":[0,15,0],"to":[3,16,16],"faces":{"north":{"uv":[13,1,16,2],"texture":"#0"},"east":{"uv":[0,0,16,1],"texture":"#0"},"south":{"uv":[0,0,3,1],"texture":"#0"},"west":{"uv":[16,0,0,1],"texture":"#0"},"up":{"uv":[0,13,16,16],"rotation":270,"texture":"#0"},"down":{"uv":[0,13,16,16],"rotation":90,"texture":"#0"}}},{"from":[0,3,13],"to":[3,15,16],"faces":{"north":{"uv":[13,1,16,13],"texture":"#0"},"east":{"uv":[0,1,3,13],"texture":"#0"},"south":{"uv":[0,1,3,13],"texture":"#0"},"west":{"uv":[3,1,0,13],"texture":"#0"}}},{"from":[0,3,0],"to":[3,15,3],"faces":{"north":{"uv":[13,2,16,14],"texture":"#0"},"east":{"uv":[13,1,16,13],"texture":"#0"},"south":{"uv":[16,1,13,13],"texture":"#0"},"west":{"uv":[16,1,13,13],"texture":"#0"}}},{"from":[0,3,5],"to":[3,15,7],"faces":{"north":{"uv":[13,1,16,13],"texture":"#0"},"east":{"uv":[9,1,11,13],"texture":"#0"},"south":{"uv":[13,1,16,13],"texture":"#0"},"west":{"uv":[7,1,5,13],"texture":"#0"}}},{"from":[0,3,9],"to":[3,15,11],"faces":{"north":{"uv":[13,1,16,13],"texture":"#0"},"east":{"uv":[5,1,7,13],"texture":"#0"},"south":{"uv":[13,1,16,13],"texture":"#0"},"west":{"uv":[11,1,9,13],"texture":"#0"}}},{"from":[-0.5,15,1],"to":[0,16,2],"faces":{"north":{"uv":[14,0,15,1],"texture":"#0"},"south":{"uv":[14,0,15,1],"texture":"#0"},"west":{"uv":[14,0,15,1],"texture":"#0"},"up":{"uv":[14,0,15,1],"rotation":180,"texture":"#0"},"down":{"uv":[14,0,15,1],"rotation":180,"texture":"#0"}}},{"from":[3,15,1],"to":[3.5,16,2],"faces":{"north":{"uv":[14,0,15,1],"texture":"#0"},"east":{"uv":[14,0,15,1],"texture":"#0"},"south":{"uv":[14,0,15,1],"texture":"#0"},"up":{"uv":[14,0,15,1],"rotation":180,"texture":"#0"},"down":{"uv":[14,0,15,1],"rotation":180,"texture":"#0"}}}]}