{"credit":"ObeeNow","ambientocclusion":false,"textures":{"0":"block/birch_door_bottom","particle":"block/birch_door_bottom"},"elements":[{"from":[0,0,0],"to":[3,12,16],"faces":{"north":{"uv":[3,4,0,16],"texture":"#0"},"east":{"uv":[16,4,0,16],"texture":"#0"},"south":{"uv":[13,4,16,16],"texture":"#0"},"west":{"uv":[0,4,16,16],"texture":"#0"},"up":{"uv":[0,4,16,5],"rotation":90,"texture":"#0"},"down":{"uv":[16,13,0,16],"rotation":90,"texture":"#0"}}},{"from":[0,12,13],"to":[3,16,16],"faces":{"north":{"uv":[13,0,14,4],"texture":"#0"},"east":{"uv":[16,0,13,4],"texture":"#0"},"south":{"uv":[16,4,13,0],"rotation":180,"texture":"#0"},"west":{"uv":[13,0,16,4],"texture":"#0"},"up":{"uv":[13,0,16,3],"rotation":90,"texture":"#0"}}},{"from":[0,12,0],"to":[3,16,3],"faces":{"north":{"uv":[3,0,0,4],"texture":"#0"},"east":{"uv":[3,0,0,4],"texture":"#0"},"south":{"uv":[2,0,3,4],"texture":"#0"},"west":{"uv":[0,0,3,4],"texture":"#0"},"up":{"uv":[0,0,3,3],"texture":"#0"}}},{"from":[1,12,3],"to":[2,16,13],"faces":{"east":{"uv":[13,0,3,4],"texture":"#0"},"west":{"uv":[3,0,13,4],"texture":"#0"},"up":{"uv":[3,0,13,1],"rotation":90,"texture":"#0"}}}]}