{"credit":"ObeeNow","ambientocclusion":false,"textures":{"0":"block/birch_trapdoor","particle":"block/birch_trapdoor"},"elements":[{"from":[13,0,13],"to":[16,16,16],"faces":{"north":{"uv":[16,0,13,16],"texture":"#0"},"east":{"uv":[0,0,16,3],"rotation":270,"texture":"#0"},"south":{"uv":[0,0,3,16],"rotation":180,"texture":"#0"},"west":{"uv":[2,0,3,16],"rotation":180,"texture":"#0"},"up":{"uv":[0,0,3,3],"rotation":180,"texture":"#0"},"down":{"uv":[13,0,16,3],"texture":"#0"}}},{"from":[3,13,13],"to":[13,16,16],"faces":{"north":{"uv":[13,13,3,16],"rotation":180,"texture":"#0"},"south":{"uv":[3,13,13,16],"rotation":180,"texture":"#0"},"up":{"uv":[3,0,13,3],"rotation":180,"texture":"#0"},"down":{"uv":[0,0,10,3],"texture":"#0"}}},{"from":[5,12,13],"to":[11,13,16],"faces":{"north":{"uv":[11,12,5,13],"texture":"#0"},"east":{"uv":[0,0,1,3],"rotation":270,"texture":"#0"},"south":{"uv":[5,12,11,13],"rotation":180,"texture":"#0"},"west":{"uv":[0,0,1,3],"rotation":90,"texture":"#0"},"down":{"uv":[5,12,11,13],"texture":"#0"}}},{"from":[3,0,13],"to":[13,3,16],"faces":{"north":{"uv":[13,0,3,3],"texture":"#0"},"south":{"uv":[3,0,13,3],"rotation":180,"texture":"#0"},"up":{"uv":[2,0,12,3],"rotation":180,"texture":"#0"},"down":{"uv":[3,0,13,3],"texture":"#0"}}},{"from":[3,3,14],"to":[13,13,15],"faces":{"north":{"uv":[13,13,3,3],"texture":"#0"},"south":{"uv":[3,3,13,13],"rotation":180,"texture":"#0"}}},{"from":[0,0,13],"to":[3,16,16],"faces":{"north":{"uv":[3,16,0,0],"texture":"#0"},"east":{"uv":[0,0,16,3],"rotation":270,"texture":"#0"},"south":{"uv":[13,0,16,16],"rotation":180,"texture":"#0"},"west":{"uv":[0,0,16,3],"rotation":90,"texture":"#0"},"up":{"uv":[13,0,16,3],"rotation":180,"texture":"#0"},"down":{"uv":[0,0,3,3],"texture":"#0"}}}],"display":{"thirdperson_righthand":{"rotation":[75,45,0],"translation":[0,2.5,2.5],"scale":[0.375,0.375,0.375]},"thirdperson_lefthand":{"rotation":[75,45,0],"translation":[0,2.5,0],"scale":[0.375,0.375,0.375]},"firstperson_righthand":{"rotation":[0,45,0],"translation":[0,3.5,0],"scale":[0.4,0.4,0.4]},"firstperson_lefthand":{"rotation":[0,225,0],"translation":[0,3.5,0],"scale":[0.4,0.4,0.4]},"ground":{"translation":[0,3,0],"scale":[0.25,0.25,0.25]},"gui":{"rotation":[30,225,0],"scale":[0.625,0.625,0.625]},"fixed":{"scale":[0.5,0.5,0.5]}}}