{"credit":"ObeeNow","parent":"block/block","textures":{"1":"block/chain","particle":"block/chain"},"elements":[{"from":[4.9,14,12.2],"to":[5.9,16,13.2],"rotation":{"angle":-45,"axis":"y","origin":[12.9,8,12.2]},"faces":{"north":{"uv":[3,2,4,0],"rotation":180,"texture":"#1"},"east":{"uv":[3,0,4,2],"texture":"#1"},"south":{"uv":[3,0,4,2],"texture":"#1"},"west":{"uv":[3,0,4,2],"texture":"#1"},"up":{"uv":[4,0,3,1],"rotation":180,"texture":"#1"},"down":{"uv":[3,1,4,2],"texture":"#1"}}},{"from":[6.9,14,12.2],"to":[7.9,16,13.2],"rotation":{"angle":-45,"axis":"y","origin":[12.9,8,12.2]},"faces":{"north":{"uv":[5,2,6,0],"rotation":180,"texture":"#1"},"east":{"uv":[5,0,6,2],"texture":"#1"},"south":{"uv":[5,0,6,2],"texture":"#1"},"west":{"uv":[5,0,6,2],"texture":"#1"},"up":{"uv":[6,0,5,1],"rotation":180,"texture":"#1"},"down":{"uv":[5,1,6,2],"texture":"#1"}}},{"from":[4.9,12,12.2],"to":[7.9,13,13.2],"rotation":{"angle":-45,"axis":"y","origin":[12.9,8,12.2]},"faces":{"north":{"uv":[3,4,6,3],"rotation":180,"texture":"#1"},"east":{"uv":[5,3,6,4],"texture":"#1"},"south":{"uv":[3,3,6,4],"texture":"#1"},"west":{"uv":[3,3,4,4],"texture":"#1"},"up":{"uv":[6,3,3,4],"rotation":180,"texture":"#1"},"down":{"uv":[3,3,6,4],"texture":"#1"}}},{"from":[4.9,9,12.2],"to":[5.9,12,13.2],"rotation":{"angle":-45,"axis":"y","origin":[12.9,8,12.2]},"faces":{"north":{"uv":[3,7,4,4],"rotation":180,"texture":"#1"},"east":{"uv":[3,4,4,7],"texture":"#1"},"south":{"uv":[3,4,4,7],"texture":"#1"},"west":{"uv":[3,4,4,7],"texture":"#1"},"down":{"uv":[3,6,4,7],"texture":"#1"}}},{"from":[6.9,9,12.2],"to":[7.9,12,13.2],"rotation":{"angle":-45,"axis":"y","origin":[12.9,8,12.2]},"faces":{"north":{"uv":[5,7,6,4],"rotation":180,"texture":"#1"},"east":{"uv":[5,4,6,7],"texture":"#1"},"south":{"uv":[5,4,6,7],"texture":"#1"},"west":{"uv":[5,4,6,7],"texture":"#1"},"down":{"uv":[5,6,6,7],"texture":"#1"}}},{"from":[4.9,6,12.2],"to":[7.9,7,13.2],"rotation":{"angle":-45,"axis":"y","origin":[12.9,8,12.2]},"faces":{"north":{"uv":[3,10,6,9],"rotation":180,"texture":"#1"},"east":{"uv":[5,9,6,10],"texture":"#1"},"south":{"uv":[3,9,6,10],"texture":"#1"},"west":{"uv":[3,9,4,10],"texture":"#1"},"up":{"uv":[6,9,3,10],"rotation":180,"texture":"#1"},"down":{"uv":[3,9,6,10],"texture":"#1"}}},{"from":[4.9,3,12.2],"to":[5.9,6,13.2],"rotation":{"angle":-45,"axis":"y","origin":[12.9,8,12.2]},"faces":{"north":{"uv":[3,13,4,10],"rotation":180,"texture":"#1"},"east":{"uv":[3,10,4,13],"texture":"#1"},"south":{"uv":[3,10,4,13],"texture":"#1"},"west":{"uv":[3,10,4,13],"texture":"#1"},"down":{"uv":[3,12,4,13],"texture":"#1"}}},{"from":[6.9,3,12.2],"to":[7.9,6,13.2],"rotation":{"angle":-45,"axis":"y","origin":[12.9,8,12.2]},"faces":{"north":{"uv":[5,13,6,10],"rotation":180,"texture":"#1"},"east":{"uv":[5,10,6,13],"texture":"#1"},"south":{"uv":[5,10,6,13],"texture":"#1"},"west":{"uv":[5,10,6,13],"texture":"#1"},"down":{"uv":[5,12,6,13],"texture":"#1"}}},{"from":[4.9,1,12.2],"to":[7.9,2,13.2],"rotation":{"angle":-45,"axis":"y","origin":[12.9,8,12.2]},"faces":{"north":{"uv":[3,15,6,14],"rotation":180,"texture":"#1"},"east":{"uv":[5,14,6,15],"texture":"#1"},"south":{"uv":[3,14,6,15],"texture":"#1"},"west":{"uv":[3,14,4,15],"texture":"#1"},"up":{"uv":[6,14,3,15],"rotation":180,"texture":"#1"},"down":{"uv":[3,14,6,15],"texture":"#1"}}},{"from":[4.9,0,12.2],"to":[5.9,1,13.2],"rotation":{"angle":-45,"axis":"y","origin":[12.9,8,12.2]},"faces":{"north":{"uv":[3,16,4,15],"rotation":180,"texture":"#1"},"east":{"uv":[3,15,4,16],"texture":"#1"},"south":{"uv":[3,15,4,16],"texture":"#1"},"west":{"uv":[3,15,4,16],"texture":"#1"},"down":{"uv":[3,15,4,16],"texture":"#1"}}},{"from":[6.9,0,12.2],"to":[7.9,1,13.2],"rotation":{"angle":-45,"axis":"y","origin":[12.9,8,12.2]},"faces":{"north":{"uv":[5,16,6,15],"rotation":180,"texture":"#1"},"east":{"uv":[5,15,6,16],"texture":"#1"},"south":{"uv":[5,15,6,16],"texture":"#1"},"west":{"uv":[5,15,6,16],"texture":"#1"},"down":{"uv":[5,15,6,16],"texture":"#1"}}},{"from":[7.5,1,7.3],"to":[8.5,3,8.3],"rotation":{"angle":-45,"axis":"y","origin":[9,8,8.3]},"faces":{"north":{"uv":[2,13,3,15],"texture":"#1"},"east":{"uv":[2,13,3,15],"texture":"#1"},"south":{"uv":[2,13,3,15],"texture":"#1"},"west":{"uv":[2,15,3,13],"rotation":180,"texture":"#1"},"down":{"uv":[2,14,3,15],"rotation":90,"texture":"#1"}}},{"from":[7.5,12,7.3],"to":[8.5,14,8.3],"rotation":{"angle":-45,"axis":"y","origin":[9,8,8.3]},"faces":{"north":{"uv":[2,2,3,4],"texture":"#1"},"east":{"uv":[2,2,3,4],"texture":"#1"},"south":{"uv":[2,2,3,4],"texture":"#1"},"west":{"uv":[2,4,3,2],"rotation":180,"texture":"#1"},"down":{"uv":[2,3,3,4],"rotation":90,"texture":"#1"}}},{"from":[7.5,12,9.3],"to":[8.5,14,10.3],"rotation":{"angle":-45,"axis":"y","origin":[9,8,8.3]},"faces":{"north":{"uv":[0,2,1,4],"texture":"#1"},"east":{"uv":[0,2,1,4],"texture":"#1"},"south":{"uv":[0,2,1,4],"texture":"#1"},"west":{"uv":[0,4,1,2],"rotation":180,"texture":"#1"},"down":{"uv":[0,3,1,4],"rotation":90,"texture":"#1"}}},{"from":[7.5,14,7.3],"to":[8.5,15,10.3],"rotation":{"angle":-45,"axis":"y","origin":[9,8,8.3]},"faces":{"north":{"uv":[2,1,3,2],"texture":"#1"},"east":{"uv":[0,1,3,2],"texture":"#1"},"south":{"uv":[0,1,1,2],"texture":"#1"},"west":{"uv":[0,2,3,1],"rotation":180,"texture":"#1"},"up":{"uv":[3,1,0,2],"rotation":90,"texture":"#1"},"down":{"uv":[0,1,3,2],"rotation":90,"texture":"#1"}}},{"from":[7.5,9,7.3],"to":[8.5,10,10.3],"rotation":{"angle":-45,"axis":"y","origin":[9,8,8.3]},"faces":{"north":{"uv":[2,6,3,7],"texture":"#1"},"east":{"uv":[0,6,3,7],"texture":"#1"},"south":{"uv":[0,6,1,7],"texture":"#1"},"west":{"uv":[0,7,3,6],"rotation":180,"texture":"#1"},"up":{"uv":[3,6,0,7],"rotation":90,"texture":"#1"},"down":{"uv":[0,6,3,7],"rotation":90,"texture":"#1"}}},{"from":[7.5,6,7.3],"to":[8.5,9,8.3],"rotation":{"angle":-45,"axis":"y","origin":[9,8,8.3]},"faces":{"north":{"uv":[2,7,3,10],"texture":"#1"},"east":{"uv":[2,7,3,10],"texture":"#1"},"south":{"uv":[2,7,3,10],"texture":"#1"},"west":{"uv":[2,10,3,7],"rotation":180,"texture":"#1"},"down":{"uv":[2,9,3,10],"rotation":90,"texture":"#1"}}},{"from":[7.5,6,9.3],"to":[8.5,9,10.3],"rotation":{"angle":-45,"axis":"y","origin":[9,8,8.3]},"faces":{"north":{"uv":[0,7,1,10],"texture":"#1"},"east":{"uv":[0,7,1,10],"texture":"#1"},"south":{"uv":[0,7,1,10],"texture":"#1"},"west":{"uv":[0,10,1,7],"rotation":180,"texture":"#1"},"down":{"uv":[0,9,1,10],"rotation":90,"texture":"#1"}}},{"from":[7.5,3,7.3],"to":[8.5,4,10.3],"rotation":{"angle":-45,"axis":"y","origin":[9,8,8.3]},"faces":{"north":{"uv":[2,12,3,13],"texture":"#1"},"east":{"uv":[0,12,3,13],"texture":"#1"},"south":{"uv":[0,12,1,13],"texture":"#1"},"west":{"uv":[0,13,3,12],"rotation":180,"texture":"#1"},"up":{"uv":[3,12,0,13],"rotation":90,"texture":"#1"},"down":{"uv":[0,12,3,13],"rotation":90,"texture":"#1"}}},{"from":[7.5,1,9.3],"to":[8.5,3,10.3],"rotation":{"angle":-45,"axis":"y","origin":[9,8,8.3]},"faces":{"north":{"uv":[0,13,1,15],"texture":"#1"},"east":{"uv":[0,13,1,15],"texture":"#1"},"south":{"uv":[0,13,1,15],"texture":"#1"},"west":{"uv":[0,15,1,13],"rotation":180,"texture":"#1"},"down":{"uv":[0,14,1,15],"rotation":90,"texture":"#1"}}}],"display":{"thirdperson_righthand":{"rotation":[4,0,0],"translation":[-0.25,0,1.5],"scale":[0.75,0.75,0.75]},"thirdperson_lefthand":{"rotation":[4,0,0],"translation":[-0.25,0,1.5],"scale":[0.75,0.75,0.75]},"ground":{"translation":[0,2,0],"scale":[0.5,0.5,0.5]},"head":{"translation":[0,4.25,0]}},"groups":[{"name":"chain","origin":[8,8,8],"children":[0,1,2,3,4,5,6,7,8,9,10]},{"name":"chain2","origin":[8,8,8],"children":[11,12,13,14,15,16,17,18,19]}]}