{"credit":"ObeeNow","textures":{"0":"block/crimson_trapdoor","particle":"block/crimson_trapdoor"},"elements":[{"from":[0,13,13],"to":[16,16,16],"faces":{"north":{"uv":[0,13,16,16],"rotation":180,"texture":"#0"},"east":{"uv":[13,0,16,3],"rotation":270,"texture":"#0"},"south":{"uv":[0,0,16,3],"texture":"#0"},"west":{"uv":[0,0,3,3],"rotation":90,"texture":"#0"},"up":{"uv":[0,0,16,3],"rotation":180,"texture":"#0"},"down":{"uv":[16,0,0,3],"texture":"#0"}}},{"from":[0,9,13],"to":[16,12,16],"faces":{"north":{"uv":[0,9,16,12],"rotation":180,"texture":"#0"},"east":{"uv":[9,0,12,3],"rotation":270,"texture":"#0"},"south":{"uv":[0,4,16,7],"texture":"#0"},"west":{"uv":[4,0,7,3],"rotation":90,"texture":"#0"},"up":{"uv":[16,4,0,7],"rotation":180,"texture":"#0"},"down":{"uv":[16,4,0,7],"texture":"#0"}}},{"from":[0,4,13],"to":[16,7,16],"faces":{"north":{"uv":[0,4,16,7],"rotation":180,"texture":"#0"},"east":{"uv":[4,0,7,3],"rotation":270,"texture":"#0"},"south":{"uv":[0,9,16,12],"texture":"#0"},"west":{"uv":[9,0,12,3],"rotation":90,"texture":"#0"},"up":{"uv":[16,9,0,12],"rotation":180,"texture":"#0"},"down":{"uv":[16,9,0,12],"texture":"#0"}}},{"from":[0,0,13],"to":[16,3,16],"faces":{"north":{"uv":[0,0,16,3],"rotation":180,"texture":"#0"},"east":{"uv":[0,0,3,3],"rotation":270,"texture":"#0"},"south":{"uv":[0,13,16,16],"texture":"#0"},"west":{"uv":[13,0,16,3],"rotation":90,"texture":"#0"},"up":{"uv":[16,13,0,16],"rotation":180,"texture":"#0"},"down":{"uv":[0,0,16,3],"texture":"#0"}}},{"from":[0,12,13],"to":[3,13,16],"faces":{"north":{"uv":[0,12,3,13],"rotation":180,"texture":"#0"},"east":{"uv":[10,0,11,3],"rotation":270,"texture":"#0"},"south":{"uv":[0,3,3,4],"texture":"#0"},"west":{"uv":[3,0,4,3],"rotation":90,"texture":"#0"}}},{"from":[13,12,13],"to":[16,13,16],"faces":{"north":{"uv":[13,12,16,13],"rotation":180,"texture":"#0"},"east":{"uv":[12,0,13,3],"rotation":270,"texture":"#0"},"south":{"uv":[13,3,16,4],"texture":"#0"},"west":{"uv":[12,0,13,3],"rotation":90,"texture":"#0"}}},{"from":[0,7,13],"to":[3,9,16],"faces":{"north":{"uv":[0,7,3,9],"rotation":180,"texture":"#0"},"east":{"uv":[7,0,9,3],"rotation":270,"texture":"#0"},"south":{"uv":[0,7,3,9],"texture":"#0"},"west":{"uv":[7,0,9,3],"rotation":90,"texture":"#0"}}},{"from":[13,7,13],"to":[16,9,16],"faces":{"north":{"uv":[13,7,16,9],"rotation":180,"texture":"#0"},"east":{"uv":[7,0,9,3],"rotation":270,"texture":"#0"},"south":{"uv":[13,7,16,9],"texture":"#0"},"west":{"uv":[6,0,8,3],"rotation":90,"texture":"#0"}}},{"from":[0,3,13],"to":[3,4,16],"faces":{"north":{"uv":[0,3,3,4],"rotation":180,"texture":"#0"},"east":{"uv":[2,0,3,3],"rotation":270,"texture":"#0"},"south":{"uv":[0,12,3,13],"texture":"#0"},"west":{"uv":[12,0,13,3],"rotation":90,"texture":"#0"}}},{"from":[13,3,13],"to":[16,4,16],"faces":{"north":{"uv":[13,3,16,4],"rotation":180,"texture":"#0"},"east":{"uv":[3,0,4,3],"rotation":270,"texture":"#0"},"south":{"uv":[13,12,16,13],"texture":"#0"},"west":{"uv":[3,0,4,3],"rotation":90,"texture":"#0"}}}],"display":{"thirdperson_righthand":{"rotation":[75,45,0],"translation":[0,2.5,2.5],"scale":[0.375,0.375,0.375]},"thirdperson_lefthand":{"rotation":[75,45,0],"translation":[0,2.5,2.5],"scale":[0.375,0.375,0.375]},"firstperson_righthand":{"rotation":[0,45,0],"translation":[0,3.5,0],"scale":[0.4,0.4,0.4]},"firstperson_lefthand":{"rotation":[0,225,0],"translation":[0,3.5,0],"scale":[0.4,0.4,0.4]},"ground":{"translation":[0,3,0],"scale":[0.25,0.25,0.25]},"gui":{"rotation":[30,225,0],"scale":[0.625,0.625,0.625]},"fixed":{"scale":[0.5,0.5,0.5]}}}