{"credit":"ObeeNow","parent":"minecraft:block/door_bottom","textures":{"bottom":"block/crimson_door_bottom"},"elements":[{"from":[1,0,0],"to":[2,16,16],"faces":{"north":{"uv":[1,0,2,16],"texture":"#bottom"},"east":{"uv":[16,0,0,16],"texture":"#bottom"},"south":{"uv":[1,0,2,16],"texture":"#bottom"},"west":{"uv":[0,0,16,16],"texture":"#bottom"},"up":{"uv":[0,0,16,1],"rotation":90,"texture":"#bottom"},"down":{"uv":[0,15,16,16],"rotation":270,"texture":"#bottom"}}},{"from":[0,0,12],"to":[1,5,16],"faces":{"north":{"uv":[12,11,13,16],"texture":"#bottom"},"south":{"uv":[2,11,3,16],"texture":"#bottom"},"west":{"uv":[12,11,16,16],"texture":"#bottom"},"up":{"uv":[12,11,16,12],"rotation":90,"texture":"#bottom"},"down":{"uv":[12,15,16,16],"rotation":270,"texture":"#bottom"}}},{"from":[2,0,12],"to":[3,5,16],"faces":{"north":{"uv":[12,11,13,16],"texture":"#bottom"},"east":{"uv":[12,11,16,16],"texture":"#bottom"},"south":{"uv":[0,11,1,16],"texture":"#bottom"},"up":{"uv":[12,11,16,12],"rotation":270,"texture":"#bottom"},"down":{"uv":[16,15,12,16],"rotation":90,"texture":"#bottom"}}},{"from":[0,12,15],"to":[1,16,16],"faces":{"south":{"uv":[2,0,3,4],"texture":"#bottom"},"west":{"uv":[15,0,16,4],"texture":"#bottom"},"up":{"uv":[15,0,16,1],"rotation":90,"texture":"#bottom"},"down":{"uv":[14,3,16,4],"rotation":270,"texture":"#bottom"}}},{"from":[0,12,14],"to":[1,15,15],"faces":{"west":{"uv":[14,1,15,4],"texture":"#bottom"},"down":{"uv":[14,3,16,4],"rotation":270,"texture":"#bottom"}}},{"from":[2,12,15],"to":[3,16,16],"faces":{"east":{"uv":[16,0,15,4],"texture":"#bottom"},"south":{"uv":[0,0,1,4],"texture":"#bottom"},"up":{"uv":[16,0,15,1],"rotation":270,"texture":"#bottom"},"down":{"uv":[16,3,12,4],"rotation":90,"texture":"#bottom"}}},{"from":[2,12,14],"to":[3,15,15],"faces":{"east":{"uv":[15,1,14,4],"texture":"#bottom"},"down":{"uv":[16,3,12,4],"rotation":90,"texture":"#bottom"}}},{"from":[0,0,5],"to":[1,5,11],"faces":{"north":{"uv":[5,11,6,16],"texture":"#bottom"},"south":{"uv":[10,11,11,16],"texture":"#bottom"},"west":{"uv":[5,11,11,16],"texture":"#bottom"},"up":{"uv":[5,11,11,12],"rotation":90,"texture":"#bottom"},"down":{"uv":[5,15,11,16],"rotation":270,"texture":"#bottom"}}},{"from":[2,0,5],"to":[3,5,11],"faces":{"north":{"uv":[5,11,6,16],"texture":"#bottom"},"east":{"uv":[5,11,11,16],"texture":"#bottom"},"south":{"uv":[10,11,11,16],"texture":"#bottom"},"up":{"uv":[5,11,11,12],"rotation":270,"texture":"#bottom"},"down":{"uv":[11,15,5,16],"rotation":90,"texture":"#bottom"}}},{"from":[0,12,5],"to":[1,16,11],"faces":{"north":{"uv":[5,0,6,4],"texture":"#bottom"},"south":{"uv":[10,0,11,4],"texture":"#bottom"},"west":{"uv":[5,0,11,4],"texture":"#bottom"},"up":{"uv":[5,0,11,1],"rotation":90,"texture":"#bottom"},"down":{"uv":[5,3,11,4],"rotation":270,"texture":"#bottom"}}},{"from":[2,12,5],"to":[3,16,11],"faces":{"north":{"uv":[5,0,6,4],"texture":"#bottom"},"east":{"uv":[11,0,5,4],"texture":"#bottom"},"south":{"uv":[10,0,11,4],"texture":"#bottom"},"up":{"uv":[11,0,5,1],"rotation":270,"texture":"#bottom"},"down":{"uv":[11,3,5,4],"rotation":90,"texture":"#bottom"}}},{"from":[0,0,0],"to":[1,5,4],"faces":{"north":{"uv":[2,11,3,16],"texture":"#bottom"},"south":{"uv":[3,11,4,16],"texture":"#bottom"},"west":{"uv":[0,11,4,16],"texture":"#bottom"},"up":{"uv":[0,11,4,12],"rotation":90,"texture":"#bottom"},"down":{"uv":[0,15,4,16],"rotation":270,"texture":"#bottom"}}},{"from":[2,0,0],"to":[3,5,4],"faces":{"north":{"uv":[0,11,1,16],"texture":"#bottom"},"east":{"uv":[4,11,0,16],"texture":"#bottom"},"south":{"uv":[3,11,4,16],"texture":"#bottom"},"up":{"uv":[0,11,4,12],"rotation":270,"texture":"#bottom"},"down":{"uv":[4,15,0,16],"rotation":90,"texture":"#bottom"}}},{"from":[0,12,0],"to":[1,16,4],"faces":{"north":{"uv":[0,0,1,4],"texture":"#bottom"},"south":{"uv":[3,0,4,4],"texture":"#bottom"},"west":{"uv":[0,0,4,4],"texture":"#bottom"},"up":{"uv":[0,0,4,1],"rotation":90,"texture":"#bottom"},"down":{"uv":[0,3,4,4],"rotation":270,"texture":"#bottom"}}},{"from":[2,12,0],"to":[3,16,4],"faces":{"north":{"uv":[0,0,1,4],"texture":"#bottom"},"east":{"uv":[4,0,0,4],"texture":"#bottom"},"south":{"uv":[0,0,1,4],"texture":"#bottom"},"up":{"uv":[4,0,0,1],"rotation":270,"texture":"#bottom"},"down":{"uv":[4,3,0,4],"rotation":90,"texture":"#bottom"}}},{"from":[0,6,0],"to":[1,11,16],"faces":{"north":{"uv":[2,5,3,10],"texture":"#bottom"},"south":{"uv":[2,5,3,10],"texture":"#bottom"},"west":{"uv":[0,5,16,10],"texture":"#bottom"},"up":{"uv":[0,5,16,6],"rotation":90,"texture":"#bottom"},"down":{"uv":[0,9,16,10],"rotation":270,"texture":"#bottom"}}},{"from":[2,6,0],"to":[3,11,16],"faces":{"north":{"uv":[0,5,1,10],"texture":"#bottom"},"east":{"uv":[16,5,0,10],"texture":"#bottom"},"south":{"uv":[0,5,1,10],"texture":"#bottom"},"up":{"uv":[0,5,16,6],"rotation":270,"texture":"#bottom"},"down":{"uv":[16,9,0,10],"rotation":90,"texture":"#bottom"}}},{"from":[0,12,12],"to":[1,14,14],"faces":{"north":{"uv":[12,2,14,4],"texture":"#bottom"},"west":{"uv":[12,2,14,4],"texture":"#bottom"},"down":{"uv":[12,3,14,4],"rotation":180,"texture":"#bottom"}}},{"from":[2,12,12],"to":[3,14,14],"faces":{"north":{"uv":[12,2,14,4],"texture":"#bottom"},"east":{"uv":[12,2,14,4],"texture":"#bottom"},"down":{"uv":[12,3,14,4],"rotation":180,"texture":"#bottom"}}},{"from":[-0.5,14,11],"to":[3.5,16,14],"rotation":{"angle":0,"axis":"y","origin":[11,22,21]},"faces":{"north":{"uv":[11,0,15,2],"texture":"#bottom"},"east":{"uv":[14,0,11,2],"texture":"#bottom"},"south":{"uv":[11,0,15,2],"texture":"#bottom"},"west":{"uv":[11,0,14,2],"texture":"#bottom"},"up":{"uv":[11,0,12,3],"texture":"#bottom"},"down":{"uv":[11,0,15,3],"texture":"#bottom"}}},{"from":[-0.5,15,14],"to":[3.5,16,15],"rotation":{"angle":0,"axis":"y","origin":[11,22,22]},"faces":{"east":{"uv":[15,0,14,1],"texture":"#bottom"},"south":{"uv":[11,0,15,1],"texture":"#bottom"},"west":{"uv":[14,0,15,1],"texture":"#bottom"},"up":{"uv":[11,0,15,1],"texture":"#bottom"},"down":{"uv":[11,0,15,1],"texture":"#bottom"}}}],"display":{"thirdperson_righthand":{"rotation":[75,45,0],"translation":[0,2.5,0],"scale":[0.375,0.375,0.375]},"thirdperson_lefthand":{"rotation":[75,45,0],"translation":[0,2.5,0],"scale":[0.375,0.375,0.375]},"firstperson_righthand":{"rotation":[0,45,0],"scale":[0.4,0.4,0.4]},"firstperson_lefthand":{"rotation":[0,225,0],"scale":[0.4,0.4,0.4]},"ground":{"translation":[0,3,0],"scale":[0.25,0.25,0.25]},"gui":{"rotation":[30,225,0],"scale":[0.625,0.625,0.625]},"fixed":{"scale":[0.5,0.5,0.5]}}}