{"credit":"ObeeNow","parent":"minecraft:block/door_top","textures":{"top":"block/crimson_door_top"},"elements":[{"from":[1,0,0],"to":[2,16,16],"faces":{"north":{"uv":[1,0,2,16],"texture":"#top"},"east":{"uv":[16,0,0,16],"texture":"#top"},"south":{"uv":[1,0,2,16],"texture":"#top"},"west":{"uv":[0,0,16,16],"texture":"#top"},"up":{"uv":[0,0,16,1],"rotation":90,"texture":"#top"},"down":{"uv":[0,15,16,16],"rotation":270,"texture":"#top"}}},{"from":[0,0,0],"to":[1,5,4],"faces":{"north":{"uv":[0,11,1,16],"texture":"#top"},"south":{"uv":[3,11,4,16],"texture":"#top"},"west":{"uv":[0,11,4,16],"texture":"#top"},"up":{"uv":[0,11,1,12],"rotation":180,"texture":"#top"},"down":{"uv":[0,15,4,16],"rotation":270,"texture":"#top"}}},{"from":[2,0,0],"to":[3,5,4],"faces":{"north":{"uv":[2,11,3,16],"texture":"#top"},"east":{"uv":[4,11,0,16],"texture":"#top"},"south":{"uv":[3,11,4,16],"texture":"#top"},"up":{"uv":[0,11,1,12],"texture":"#top"},"down":{"uv":[0,15,4,16],"rotation":90,"texture":"#top"}}},{"from":[0,6,0],"to":[1,11,16],"faces":{"north":{"uv":[0,5,1,10],"texture":"#top"},"south":{"uv":[0,5,1,10],"texture":"#top"},"west":{"uv":[0,5,16,10],"texture":"#top"},"up":{"uv":[0,5,16,6],"rotation":90,"texture":"#top"},"down":{"uv":[0,9,16,10],"rotation":270,"texture":"#top"}}},{"from":[2,6,0],"to":[3,11,16],"faces":{"north":{"uv":[2,5,3,10],"texture":"#top"},"east":{"uv":[16,5,0,10],"texture":"#top"},"south":{"uv":[2,5,3,10],"texture":"#top"},"up":{"uv":[0,5,16,6],"rotation":90,"texture":"#top"},"down":{"uv":[0,9,16,10],"rotation":90,"texture":"#top"}}},{"from":[0,12,12],"to":[1,16,16],"faces":{"north":{"uv":[0,0,1,4],"texture":"#top"},"south":{"uv":[0,0,1,4],"texture":"#top"},"west":{"uv":[12,0,16,4],"texture":"#top"},"up":{"uv":[12,0,13,1],"rotation":180,"texture":"#top"},"down":{"uv":[12,3,16,4],"rotation":270,"texture":"#top"}}},{"from":[2,12,0],"to":[3,16,4],"faces":{"north":{"uv":[2,0,3,4],"texture":"#top"},"east":{"uv":[16,0,12,4],"texture":"#top"},"south":{"uv":[0,0,1,4],"texture":"#top"},"up":{"uv":[0,0,4,1],"rotation":90,"texture":"#top"},"down":{"uv":[12,3,16,4],"rotation":90,"texture":"#top"}}},{"from":[0,12,5],"to":[1,16,11],"faces":{"north":{"uv":[0,0,1,4],"texture":"#top"},"south":{"uv":[0,0,1,4],"texture":"#top"},"west":{"uv":[5,0,11,4],"texture":"#top"},"up":{"uv":[10,0,11,1],"rotation":180,"texture":"#top"},"down":{"uv":[5,3,11,4],"rotation":270,"texture":"#top"}}},{"from":[2,12,5],"to":[3,16,11],"faces":{"north":{"uv":[0,0,1,4],"texture":"#top"},"east":{"uv":[11,0,5,4],"texture":"#top"},"south":{"uv":[0,0,1,4],"texture":"#top"},"up":{"uv":[10,0,11,1],"texture":"#top"},"down":{"uv":[5,3,11,4],"rotation":90,"texture":"#top"}}},{"from":[0,12,0],"to":[1,16,4],"faces":{"north":{"uv":[0,0,1,4],"texture":"#top"},"south":{"uv":[0,0,1,4],"texture":"#top"},"west":{"uv":[0,0,4,4],"texture":"#top"},"up":{"uv":[0,0,4,1],"rotation":90,"texture":"#top"},"down":{"uv":[0,3,4,4],"rotation":270,"texture":"#top"}}},{"from":[2,12,12],"to":[3,16,16],"faces":{"north":{"uv":[0,0,1,4],"texture":"#top"},"east":{"uv":[4,0,0,4],"texture":"#top"},"south":{"uv":[2,0,3,4],"texture":"#top"},"up":{"uv":[12,0,16,1],"rotation":270,"texture":"#top"},"down":{"uv":[0,3,4,4],"rotation":90,"texture":"#top"}}},{"from":[0,0,15],"to":[1,5,16],"faces":{"south":{"uv":[0,11,1,16],"texture":"#top"},"west":{"uv":[15,11,16,16],"texture":"#top"},"up":{"uv":[12,11,13,12],"rotation":180,"texture":"#top"},"down":{"uv":[0,0,1,1],"rotation":180,"texture":"#top"}}},{"from":[2,0,15],"to":[3,5,16],"faces":{"east":{"uv":[16,11,15,16],"texture":"#top"},"south":{"uv":[2,11,3,16],"texture":"#top"},"up":{"uv":[12,11,13,12],"texture":"#top"},"down":{"uv":[0,0,1,1],"texture":"#top"}}},{"from":[0,1,12],"to":[1,5,15],"faces":{"north":{"uv":[12,11,13,15],"texture":"#top"},"west":{"uv":[12,11,15,15],"texture":"#top"},"up":{"uv":[12,11,13,12],"rotation":180,"texture":"#top"}}},{"from":[2,1,12],"to":[3,5,15],"faces":{"north":{"uv":[12,11,13,15],"texture":"#top"},"east":{"uv":[15,11,12,15],"texture":"#top"},"up":{"uv":[12,11,13,12],"texture":"#top"}}},{"from":[0,0,12],"to":[1,1,14],"faces":{"west":{"uv":[12,15,14,16],"texture":"#top"},"down":{"uv":[0,0,1,2],"rotation":180,"texture":"#top"}}},{"from":[2,0,12],"to":[3,1,14],"faces":{"east":{"uv":[14,15,12,16],"texture":"#top"},"down":{"uv":[0,0,1,2],"texture":"#top"}}},{"from":[0,0,11],"to":[1,2,12],"faces":{"north":{"uv":[11,14,12,16],"texture":"#top"},"west":{"uv":[11,14,12,16],"texture":"#top"},"up":{"uv":[11,14,12,16],"rotation":180,"texture":"#top"},"down":{"uv":[11,14,12,16],"rotation":180,"texture":"#top"}}},{"from":[2,0,11],"to":[3,2,12],"faces":{"north":{"uv":[11,14,12,16],"texture":"#top"},"east":{"uv":[12,14,11,16],"texture":"#top"},"up":{"uv":[11,14,12,16],"texture":"#top"},"down":{"uv":[11,14,12,16],"texture":"#top"}}},{"from":[0,0,5],"to":[1,2,10],"faces":{"north":{"uv":[5,14,6,16],"texture":"#top"},"south":{"uv":[9,14,10,16],"texture":"#top"},"west":{"uv":[5,14,10,16],"texture":"#top"},"down":{"uv":[0,0,1,5],"rotation":180,"texture":"#top"}}},{"from":[2,0,5],"to":[3,2,10],"faces":{"north":{"uv":[5,14,6,16],"texture":"#top"},"east":{"uv":[10,14,5,16],"texture":"#top"},"south":{"uv":[9,14,10,16],"texture":"#top"},"down":{"uv":[0,0,1,5],"texture":"#top"}}},{"from":[0,2,5],"to":[1,5,11],"faces":{"north":{"uv":[5,11,6,14],"texture":"#top"},"south":{"uv":[10,11,11,14],"texture":"#top"},"west":{"uv":[5,11,11,14],"texture":"#top"},"up":{"uv":[5,11,6,12],"rotation":180,"texture":"#top"},"down":{"uv":[10,13,11,14],"rotation":180,"texture":"#top"}}},{"from":[2,2,5],"to":[3,5,11],"faces":{"north":{"uv":[5,11,6,14],"texture":"#top"},"east":{"uv":[11,11,5,14],"texture":"#top"},"south":{"uv":[10,11,11,14],"texture":"#top"},"up":{"uv":[5,11,6,12],"texture":"#top"},"down":{"uv":[10,13,11,14],"texture":"#top"}}},{"from":[-0.5,0,14],"to":[3.5,1,15],"rotation":{"angle":0,"axis":"y","origin":[8,8,22]},"faces":{"north":{"uv":[14,15,15,16],"texture":"#top"},"east":{"uv":[14,15,15,16],"texture":"#top"},"south":{"uv":[14,15,15,16],"texture":"#top"},"west":{"uv":[14,15,15,16],"texture":"#top"},"up":{"uv":[14,15,15,16],"texture":"#top"},"down":{"uv":[14,15,15,16],"texture":"#top"}}}],"display":{"thirdperson_righthand":{"rotation":[75,45,0],"translation":[0,2.5,0],"scale":[0.375,0.375,0.375]},"thirdperson_lefthand":{"rotation":[75,45,0],"translation":[0,2.5,0],"scale":[0.375,0.375,0.375]},"firstperson_righthand":{"rotation":[0,45,0],"scale":[0.4,0.4,0.4]},"firstperson_lefthand":{"rotation":[0,225,0],"scale":[0.4,0.4,0.4]},"ground":{"translation":[0,3,0],"scale":[0.25,0.25,0.25]},"gui":{"rotation":[30,225,0],"scale":[0.625,0.625,0.625]},"fixed":{"scale":[0.5,0.5,0.5]}}}