{"credit":"ObeeNow","parent":"block/cube","textures":{"particle":"texture","all":"texture"},"elements":[{"from":[0,0,0],"to":[16,16,16],"faces":{"north":{"uv":[0,0,16,16],"texture":"#base","cullface":"north"},"east":{"uv":[0,0,16,16],"texture":"#base","cullface":"east"},"south":{"uv":[0,0,16,16],"texture":"#base","cullface":"south"},"west":{"uv":[0,0,16,16],"texture":"#base","cullface":"west"},"up":{"uv":[0,0,16,16],"texture":"#base","cullface":"up"},"down":{"uv":[0,0,16,16],"texture":"#base","cullface":"down"}}},{"from":[0,0,-0.005],"to":[1,16,-0.005],"faces":{"north":{"uv":[15,0,16,16],"texture":"#all","cullface":"west"}}},{"from":[15,0,-0.005],"to":[16,16,-0.005],"faces":{"north":{"uv":[0,0,1,16],"texture":"#all","cullface":"east"}}},{"from":[0,0,-0.005],"to":[16,1,-0.005],"faces":{"north":{"uv":[0,15,15,16],"texture":"#all","cullface":"down"}}},{"from":[0,15,-0.005],"to":[16,16,-0.005],"faces":{"north":{"uv":[0,0,16,1],"texture":"#all","cullface":"up"}}},{"from":[0,0,16.005],"to":[1,16,16.005],"faces":{"south":{"uv":[0,0,1,16],"texture":"#all","cullface":"west"}}},{"from":[15,0,16.005],"to":[16,16,16.005],"faces":{"south":{"uv":[15,0,16,16],"texture":"#all","cullface":"east"}}},{"from":[0,0,16.005],"to":[16,1,16.005],"faces":{"south":{"uv":[0,15,15,16],"texture":"#all","cullface":"down"}}},{"from":[0,15,16.005],"to":[16,16,16.005],"faces":{"south":{"uv":[0,0,16,1],"texture":"#all","cullface":"up"}}},{"from":[0,16.005,0],"to":[16,16.005,1],"faces":{"up":{"uv":[0,0,16,1],"texture":"#all","cullface":"north"}}},{"from":[0,16.005,15],"to":[16,16.005,16],"faces":{"up":{"uv":[0,15,16,16],"texture":"#all","cullface":"south"}}},{"from":[0,16.005,0],"to":[1,16.005,16],"faces":{"up":{"uv":[0,0,1,16],"texture":"#all","cullface":"west"}}},{"from":[15,16.005,0],"to":[16,16.005,16],"faces":{"up":{"uv":[15,0,16,16],"texture":"#all","cullface":"east"}}},{"from":[0,-0.005,0],"to":[16,-0.005,1],"faces":{"down":{"uv":[0,15,16,16],"texture":"#all","cullface":"north"}}},{"from":[0,-0.005,15],"to":[16,-0.005,16],"faces":{"down":{"uv":[0,0,16,1],"texture":"#all","cullface":"south"}}},{"from":[0,-0.005,0],"to":[1,-0.005,16],"faces":{"down":{"uv":[0,0,1,16],"texture":"#all","cullface":"west"}}},{"from":[15,-0.005,0],"to":[16,-0.005,16],"faces":{"down":{"uv":[15,0,16,16],"texture":"#all","cullface":"east"}}},{"from":[-0.005,0,0],"to":[-0.005,16,1],"faces":{"west":{"uv":[0,0,1,16],"texture":"#all","cullface":"north"}}},{"from":[-0.005,0,15],"to":[-0.005,16,16],"faces":{"west":{"uv":[15,0,16,16],"texture":"#all","cullface":"south"}}},{"from":[-0.005,0,0],"to":[-0.005,1,16],"faces":{"west":{"uv":[0,15,16,16],"texture":"#all","cullface":"down"}}},{"from":[-0.005,15,0],"to":[-0.005,16,16],"faces":{"west":{"uv":[0,0,16,1],"texture":"#all","cullface":"up"}}},{"from":[16.005,0,0],"to":[16.005,16,1],"faces":{"east":{"uv":[15,0,16,16],"texture":"#all","cullface":"north"}}},{"from":[16.005,0,15],"to":[16.005,16,16],"faces":{"east":{"uv":[0,0,1,16],"texture":"#all","cullface":"south"}}},{"from":[16.005,0,0],"to":[16.005,1,16],"faces":{"east":{"uv":[0,15,16,16],"texture":"#all","cullface":"down"}}},{"from":[16.005,15,0],"to":[16.005,16,16],"faces":{"east":{"uv":[0,0,16,1],"texture":"#all","cullface":"up"}}}]}