{"parent":"block/cube","textures":{"particle":"#all","down":"#all","up":"#all","north":"#all","east":"#all","south":"#all","west":"#all","all":"#all"},"elements":[{"from":[0,0,0],"to":[16,16,16],"faces":{"down":{"uv":[0,0,16,16],"texture":"#down","cullface":"down"},"up":{"uv":[0,0,16,16],"texture":"#up","cullface":"up"},"north":{"uv":[0,0,16,16],"texture":"#north","cullface":"north"},"south":{"uv":[0,0,16,16],"texture":"#south","cullface":"south"},"west":{"uv":[0,0,16,16],"texture":"#west","cullface":"west"},"east":{"uv":[0,0,16,16],"texture":"#east","cullface":"east"}}},{"from":[0,0,-0.005],"to":[1,16,-0.005],"faces":{"north":{"texture":"#all","cullface":"west","uv":[15,0,16,16]}}},{"from":[15,0,-0.005],"to":[16,16,-0.005],"faces":{"north":{"texture":"#all","cullface":"east","uv":[0,0,1,16]}}},{"from":[0,0,-0.005],"to":[16,1,-0.005],"faces":{"north":{"texture":"#all","cullface":"down","uv":[0,15,15,16]}}},{"from":[0,15,-0.005],"to":[16,16,-0.005],"faces":{"north":{"texture":"#all","cullface":"up","uv":[0,0,16,1]}}},{"from":[0,0,16.005],"to":[1,16,16.005],"faces":{"south":{"texture":"#all","cullface":"west","uv":[0,0,1,16]}}},{"from":[15,0,16.005],"to":[16,16,16.005],"faces":{"south":{"texture":"#all","cullface":"east","uv":[15,0,16,16]}}},{"from":[0,0,16.005],"to":[16,1,16.005],"faces":{"south":{"texture":"#all","cullface":"down","uv":[0,15,15,16]}}},{"from":[0,15,16.005],"to":[16,16,16.005],"faces":{"south":{"texture":"#all","cullface":"up","uv":[0,0,16,1]}}},{"from":[-0.005,0,0],"to":[-0.005,16,1],"faces":{"west":{"texture":"#all","cullface":"north","uv":[0,0,1,16]}}},{"from":[-0.005,0,15],"to":[-0.005,16,16],"faces":{"west":{"texture":"#all","cullface":"south","uv":[15,0,16,16]}}},{"from":[-0.005,0,0],"to":[-0.005,1,16],"faces":{"west":{"texture":"#all","cullface":"down","uv":[0,15,16,16]}}},{"from":[-0.005,15,0],"to":[-0.005,16,16],"faces":{"west":{"texture":"#all","cullface":"up","uv":[0,0,16,1]}}},{"from":[16.005,0,0],"to":[16.005,16,1],"faces":{"east":{"texture":"#all","cullface":"north","uv":[15,0,16,16]}}},{"from":[16.005,0,15],"to":[16.005,16,16],"faces":{"east":{"texture":"#all","cullface":"south","uv":[0,0,1,16]}}},{"from":[16.005,0,0],"to":[16.005,1,16],"faces":{"east":{"texture":"#all","cullface":"down","uv":[0,15,16,16]}}},{"from":[16.005,15,0],"to":[16.005,16,16],"faces":{"east":{"texture":"#all","cullface":"up","uv":[0,0,16,1]}}}]}