{"credit":"ObeeNow","textures":{"0":"block/dark_oak_door_top","particle":"block/dark_oak_door_top"},"elements":[{"from":[0,0,0],"to":[3,2,16],"faces":{"north":{"uv":[3,14,0,16],"texture":"#0"},"east":{"uv":[16,14,0,16],"texture":"#0"},"south":{"uv":[13,13,16,15],"texture":"#0"},"west":{"uv":[0,14,16,16],"texture":"#0"},"up":{"uv":[7,2,8,10],"rotation":180,"texture":"#0"},"down":{"uv":[6,0,9,16],"rotation":180,"texture":"#0"}}},{"from":[0,2,0],"to":[3,13,3],"faces":{"north":{"uv":[3,3,0,14],"texture":"#0"},"east":{"uv":[3,3,0,14],"texture":"#0"},"south":{"uv":[2,3,3,14],"texture":"#0"},"west":{"uv":[0,3,3,14],"texture":"#0"}}},{"from":[0,2,6],"to":[3,13,10],"faces":{"north":{"uv":[7,4,8,15],"texture":"#0"},"east":{"uv":[10,3,6,14],"texture":"#0"},"south":{"uv":[9,4,10,15],"texture":"#0"},"west":{"uv":[6,3,10,14],"texture":"#0"}}},{"from":[0,2,13],"to":[3,13,16],"faces":{"north":{"uv":[7,3,8,14],"texture":"#0"},"east":{"uv":[16,3,13,14],"texture":"#0"},"south":{"uv":[13,4,16,15],"texture":"#0"},"west":{"uv":[13,3,16,14],"texture":"#0"}}},{"from":[0.5,2,3],"to":[2.5,13,6],"faces":{"east":{"uv":[13,3,10,14],"texture":"#0"},"west":{"uv":[3,3,6,14],"texture":"#0"}}},{"from":[0.5,2,10],"to":[2.5,13,13],"faces":{"east":{"uv":[6,3,3,14],"texture":"#0"},"west":{"uv":[10,3,13,14],"texture":"#0"}}},{"from":[0,13,0],"to":[3,16,16],"faces":{"north":{"uv":[3,0,0,3],"texture":"#0"},"east":{"uv":[16,0,0,3],"texture":"#0"},"south":{"uv":[13,3,16,6],"texture":"#0"},"west":{"uv":[0,0,16,3],"texture":"#0"},"up":{"uv":[6,0,9,16],"rotation":180,"texture":"#0"},"down":{"uv":[3,2,5,3],"rotation":180,"texture":"#0"}}},{"from":[-0.5,0,11],"to":[0,1,14],"faces":{"north":{"uv":[11,15,12,16],"texture":"#0"},"south":{"uv":[13,15,14,16],"texture":"#0"},"west":{"uv":[11,15,14,16],"texture":"#0"},"up":{"uv":[11,15,14,16],"rotation":90,"texture":"#0"},"down":{"uv":[11,15,14,16],"rotation":270,"texture":"#0"}}},{"from":[3,0,11],"to":[3.5,1,14],"faces":{"north":{"uv":[13,15,14,16],"texture":"#0"},"east":{"uv":[11,15,14,16],"texture":"#0"},"south":{"uv":[11,15,12,16],"texture":"#0"},"up":{"uv":[11,15,14,16],"rotation":270,"texture":"#0"},"down":{"uv":[11,15,14,16],"rotation":90,"texture":"#0"}}}]}