{"credit":"ObeeNow","textures":{"0":"block/dark_oak_trapdoor","particle":"block/dark_oak_trapdoor"},"elements":[{"from":[14,0,13],"to":[16,16,16],"faces":{"north":{"uv":[14,0,16,16],"rotation":180,"texture":"#0"},"east":{"uv":[0,0,16,3],"rotation":90,"texture":"#0"},"south":{"uv":[2,0,0,16],"texture":"#0"},"west":{"uv":[0,14,16,15],"rotation":270,"texture":"#0"},"up":{"uv":[14,0,16,3],"texture":"#0"},"down":{"uv":[0,0,2,3],"rotation":180,"texture":"#0"}}},{"from":[6,2,13],"to":[10,14,16],"faces":{"north":{"uv":[6,2,10,14],"rotation":180,"texture":"#0"},"east":{"uv":[2,6,14,7],"rotation":90,"texture":"#0"},"south":{"uv":[10,2,6,14],"texture":"#0"},"west":{"uv":[2,6,14,7],"rotation":270,"texture":"#0"}}},{"from":[2,0,13],"to":[14,2,16],"faces":{"north":{"uv":[2,0,15,2],"rotation":180,"texture":"#0"},"south":{"uv":[14,14,2,16],"texture":"#0"},"up":{"uv":[2,6,14,7],"texture":"#0"},"down":{"uv":[2,0,14,3],"rotation":180,"texture":"#0"}}},{"from":[0,0,13],"to":[2,16,16],"faces":{"north":{"uv":[0,0,2,16],"rotation":180,"texture":"#0"},"east":{"uv":[0,6,16,7],"rotation":90,"texture":"#0"},"south":{"uv":[16,0,14,16],"texture":"#0"},"west":{"uv":[0,0,16,3],"rotation":270,"texture":"#0"},"up":{"uv":[0,0,2,3],"texture":"#0"},"down":{"uv":[14,0,16,3],"rotation":180,"texture":"#0"}}},{"from":[2,14,13],"to":[14,16,16],"faces":{"north":{"uv":[2,14,14,16],"rotation":180,"texture":"#0"},"south":{"uv":[14,0,2,2],"texture":"#0"},"up":{"uv":[2,0,14,3],"texture":"#0"},"down":{"uv":[2,14,14,15],"rotation":180,"texture":"#0"}}},{"from":[2,6,13],"to":[6,10,16],"faces":{"north":{"uv":[10,6,14,10],"rotation":180,"texture":"#0"},"south":{"uv":[14,6,10,10],"texture":"#0"},"up":{"uv":[6,10,7,11],"texture":"#0"},"down":{"uv":[4,6,6,7],"rotation":180,"texture":"#0"}}},{"from":[10,6,13],"to":[14,10,16],"faces":{"north":{"uv":[10,6,14,10],"rotation":180,"texture":"#0"},"south":{"uv":[6,6,2,10],"texture":"#0"},"up":{"uv":[6,10,7,11],"texture":"#0"},"down":{"uv":[6,2,7,5],"rotation":180,"texture":"#0"}}},{"from":[2,2,13.5],"to":[6,6,15.5],"faces":{"north":{"uv":[2,2,6,6],"rotation":180,"texture":"#0"},"south":{"uv":[2,2,6,6],"texture":"#0"}}},{"from":[2,10,13.5],"to":[6,14,15.5],"faces":{"north":{"uv":[2,2,6,6],"rotation":180,"texture":"#0"},"south":{"uv":[2,2,6,6],"texture":"#0"}}},{"from":[10,2,13.5],"to":[14,6,15.5],"faces":{"north":{"uv":[2,2,6,6],"rotation":180,"texture":"#0"},"south":{"uv":[2,2,6,6],"texture":"#0"}}},{"from":[10,10,13.5],"to":[14,14,15.5],"faces":{"north":{"uv":[2,2,6,6],"rotation":180,"texture":"#0"},"south":{"uv":[2,2,6,6],"texture":"#0"}}}],"display":{"thirdperson_righthand":{"rotation":[75,45,0],"translation":[0,2.5,2.5],"scale":[0.375,0.375,0.375]},"thirdperson_lefthand":{"rotation":[75,45,0],"translation":[0,2.5,0],"scale":[0.375,0.375,0.375]},"firstperson_righthand":{"rotation":[0,45,0],"translation":[0,3.5,0],"scale":[0.4,0.4,0.4]},"firstperson_lefthand":{"rotation":[0,225,0],"translation":[0,3.5,0],"scale":[0.4,0.4,0.4]},"ground":{"translation":[0,3,0],"scale":[0.25,0.25,0.25]},"gui":{"rotation":[30,225,0],"scale":[0.625,0.625,0.625]},"fixed":{"scale":[0.5,0.5,0.5]}}}