{
	"credit": "Made with Blockbench",
	"parent": "block/block",
	"ambientocclusion": false,
	"textures": {
		"particle": "#texture"
	},
	"elements": [
		{
			"name": "Left post",
			"from": [6, 0, -1],
			"to": [10, 16, 3],
			"faces": {
				"north": {"uv": [6, 0, 10, 16], "texture": "#texture"},
				"east": {"uv": [0, 0, 4, 16], "texture": "#texture"},
				"south": {"uv": [6, 0, 10, 16], "texture": "#texture"},
				"west": {"uv": [0, 0, 4, 16], "texture": "#texture"},
				"up": {"uv": [6, 0, 10, 4], "texture": "#texture"},
				"down": {"uv": [6, 0, 10, 4], "texture": "#texture", "cullface": "down"}
			}
		},
		{
			"name": "Right post",
			"from": [6, 0, 13],
			"to": [10, 16, 17],
			"faces": {
				"north": {"uv": [6, 0, 10, 16], "texture": "#texture"},
				"east": {"uv": [12, 0, 16, 16], "texture": "#texture"},
				"south": {"uv": [6, 0, 10, 16], "texture": "#texture"},
				"west": {"uv": [12, 0, 16, 16], "texture": "#texture"},
				"up": {"uv": [6, 12, 10, 16], "texture": "#texture"},
				"down": {"uv": [6, 12, 10, 16], "texture": "#texture", "cullface": "down"}
			}
		},
		{
			"name": "Top bar",
			"from": [7, 12, 3],
			"to": [9, 15, 13],
			"faces": {
				"east": {"uv": [0, 1, 10, 4], "texture": "#texture"},
				"west": {"uv": [0, 1, 10, 4], "texture": "#texture"},
				"up": {"uv": [7, 0, 9, 10], "texture": "#texture"},
				"down": {"uv": [7, 0, 9, 10], "texture": "#texture"}
			}
		},
		{
			"name": "Lower bar",
			"from": [7, 6, 3],
			"to": [9, 9, 13],
			"faces": {
				"east": {"uv": [0, 9, 10, 12], "texture": "#texture"},
				"west": {"uv": [0, 9, 10, 12], "texture": "#texture"},
				"up": {"uv": [7, 0, 9, 10], "texture": "#texture"},
				"down": {"uv": [7, 0, 9, 10], "texture": "#texture"}
			}
		}
	],
	"display": {
		"gui": {
			"rotation": [30, 135, 0],
			"scale": [0.625, 0.625, 0.625]
		},
		"fixed": {
			"rotation": [0, 90, 0],
			"scale": [0.5, 0.5, 0.5]
		}
	}
}