{
	"elements": [
		{
			"name": "top bar",
			"from": [7, 12, 0],
			"to": [9, 15, 9],
			"faces": {
				"north": {"uv": [7, 0, 9, 3], "texture": "#side", "cullface": "north"},
				"east": {"uv": [6, 0, 15, 3], "texture": "#side"},
				"west": {"uv": [6, 0, 15, 3], "texture": "#side"},
				"up": {"uv": [0, 5, 9, 7], "rotation": 90, "texture": "#top"},
				"down": {"uv": [0, 5, 9, 7], "rotation": 90, "texture": "#top"}
			}
		},
		{
			"name": "lower bar",
			"from": [7, 6, 0],
			"to": [9, 9, 9],
			"faces": {
				"north": {"uv": [7, 8, 9, 11], "texture": "#side", "cullface": "north"},
				"east": {"uv": [0, 8, 9, 11], "texture": "#side"},
				"west": {"uv": [0, 8, 9, 11], "texture": "#side"},
				"up": {"uv": [4, 12, 13, 14], "rotation": 90, "texture": "#top"},
				"down": {"uv": [4, 12, 13, 14], "rotation": 90, "texture": "#top"}
			}
		}
	]
}