{"credit":"ObeeNow","ambientocclusion":false,"textures":{"particle":"block/iron_bars","bars":"block/iron_bars"},"elements":[{"from":[7.00039,47e-5,9.00033],"to":[9.00039,0.50047,16.00033],"faces":{"north":{"uv":[9,0,8,2],"rotation":90,"texture":"#bars"},"east":{"uv":[9,0,8,7],"rotation":90,"texture":"#bars"},"south":{"uv":[9,0,8,2],"rotation":90,"texture":"#bars","cullface":"north"},"west":{"uv":[8,0,9,7],"rotation":90,"texture":"#bars"},"up":{"uv":[7,0,9,7],"rotation":180,"texture":"#bars"},"down":{"uv":[9,0,7,7],"rotation":180,"texture":"#bars"}}},{"from":[6.99908,15.49917,8.99915],"to":[8.99908,15.99917,15.99915],"faces":{"north":{"uv":[9,0,8,4],"rotation":90,"texture":"#bars"},"east":{"uv":[9,0,8,7],"rotation":90,"texture":"#bars"},"south":{"uv":[9,0,8,4],"rotation":90,"texture":"#bars","cullface":"north"},"west":{"uv":[8,0,9,7],"rotation":90,"texture":"#bars"},"up":{"uv":[7,0,9,7],"rotation":180,"texture":"#bars"},"down":{"uv":[9,0,7,7],"rotation":180,"texture":"#bars"}}},{"from":[7.49944,-25e-5,7.99931],"to":[8.49944,15.99975,8.99931],"faces":{"north":{"uv":[2,0,3,16],"texture":"#bars"},"east":{"uv":[2,0,3,16],"texture":"#bars"},"south":{"uv":[2,0,3,16],"texture":"#bars"},"west":{"uv":[8,0,7,16],"texture":"#bars"},"up":{"uv":[8,2,9,3],"rotation":180,"texture":"#bars","cullface":"up"},"down":{"uv":[7,12,8,13],"rotation":180,"texture":"#bars","cullface":"down"}}},{"from":[7.49984,11.99901,8.99902],"to":[8.49984,13.99901,11.99902],"rotation":{"angle":0,"axis":"y","origin":[8,18,8]},"faces":{"east":{"uv":[9,12,12,14],"texture":"#bars"},"west":{"uv":[7,2,4,4],"texture":"#bars"},"up":{"uv":[8,2,9,5],"rotation":180,"texture":"#bars"},"down":{"uv":[8,12,9,15],"rotation":180,"texture":"#bars"}}},{"from":[7.49996,-48e-5,11.99952],"to":[8.49996,15.99952,13.99952],"faces":{"north":{"uv":[2,0,3,16],"texture":"#bars"},"east":{"uv":[2,0,4,16],"texture":"#bars"},"south":{"uv":[2,0,3,16],"texture":"#bars"},"west":{"uv":[4,0,2,16],"texture":"#bars"}}},{"from":[7.50025,7.00032,13.99954],"to":[8.50025,9.00032,15.99954],"faces":{"east":{"uv":[14,7,16,9],"texture":"#bars"},"south":{"uv":[15,7,16,9],"texture":"#bars","cullface":"north"},"west":{"uv":[2,7,0,9],"texture":"#bars"},"up":{"uv":[8,2,9,4],"rotation":180,"texture":"#bars"},"down":{"uv":[8,12,9,14],"rotation":180,"texture":"#bars"}}}]}