{"credit":"ObeeNow","ambientocclusion":false,"textures":{"particle":"block/iron_bars","edge":"block/iron_bars"},"elements":[{"from":[7,0.001,7],"to":[9,0.501,9],"faces":{"north":{"uv":[9,8,7,9],"texture":"#edge"},"east":{"uv":[8,8,9,9],"texture":"#edge"},"south":{"uv":[7,8,9,9],"texture":"#edge"},"west":{"uv":[7,8,8,9],"texture":"#edge"},"up":{"uv":[7,7,9,9],"texture":"#edge"},"down":{"uv":[7,7,9,9],"texture":"#edge"}}},{"from":[7,15.5,7],"to":[9,16,9],"faces":{"north":{"uv":[9,0,7,1.001],"texture":"#edge"},"east":{"uv":[8,0,9,1.001],"texture":"#edge"},"south":{"uv":[7,0,9,1.001],"texture":"#edge"},"west":{"uv":[7,0,8,1.001],"texture":"#edge"},"up":{"uv":[7,7,9,9],"texture":"#edge"},"down":{"uv":[7,7,9,9],"texture":"#edge"}}}]}