{"credit":"ObeeNow","textures":{"0":"block/iron_trapdoor","particle":"block/iron_trapdoor"},"elements":[{"from":[0,13,13],"to":[16,16,16],"rotation":{"angle":0,"axis":"x","origin":[9,8,8]},"faces":{"north":{"uv":[0,6,16,9],"texture":"#0"},"east":{"uv":[0,0,3,3],"texture":"#0"},"south":{"uv":[0,0,16,3],"texture":"#0"},"west":{"uv":[13,0,16,3],"texture":"#0"},"up":{"uv":[0,0,16,3],"rotation":180,"texture":"#0"},"down":{"uv":[0,13,16,16],"rotation":180,"texture":"#0"}}},{"from":[0,13,0],"to":[16,16,3],"rotation":{"angle":0,"axis":"x","origin":[9,8,8]},"faces":{"north":{"uv":[0,0,16,3],"texture":"#0"},"east":{"uv":[13,0,16,3],"texture":"#0"},"south":{"uv":[0,6,16,9],"texture":"#0"},"west":{"uv":[0,0,3,3],"texture":"#0"},"up":{"uv":[0,13,16,16],"rotation":180,"texture":"#0"},"down":{"uv":[0,0,16,3],"rotation":180,"texture":"#0"}}},{"from":[0,13,3],"to":[3,16,13],"rotation":{"angle":0,"axis":"x","origin":[9,8,8]},"faces":{"east":{"uv":[3,6,13,9],"texture":"#0"},"west":{"uv":[3,0,13,3],"texture":"#0"},"up":{"uv":[13,3,16,13],"rotation":180,"texture":"#0"},"down":{"uv":[13,3,16,13],"rotation":180,"texture":"#0"}}},{"from":[3,13,6],"to":[6,16,10],"rotation":{"angle":0,"axis":"x","origin":[9,8,8]},"faces":{"north":{"uv":[10,6,13,9],"texture":"#0"},"south":{"uv":[3,6,6,9],"texture":"#0"},"up":{"uv":[10,6,13,10],"rotation":180,"texture":"#0"},"down":{"uv":[10,6,13,10],"rotation":180,"texture":"#0"}}},{"from":[10,13,6],"to":[13,16,10],"rotation":{"angle":0,"axis":"x","origin":[9,8,8]},"faces":{"north":{"uv":[3,6,6,9],"texture":"#0"},"south":{"uv":[0,0,3,3],"texture":"#0"},"up":{"uv":[3,6,6,10],"rotation":180,"texture":"#0"},"down":{"uv":[3,6,6,10],"rotation":180,"texture":"#0"}}},{"from":[13,13,3],"to":[16,16,13],"rotation":{"angle":0,"axis":"x","origin":[9,8,8]},"faces":{"east":{"uv":[3,0,13,3],"texture":"#0"},"west":{"uv":[3,6,13,9],"texture":"#0"},"up":{"uv":[0,3,3,13],"rotation":180,"texture":"#0"},"down":{"uv":[0,3,3,13],"rotation":180,"texture":"#0"}}},{"from":[6,13,3],"to":[10,16,13],"rotation":{"angle":0,"axis":"x","origin":[9,8,8]},"faces":{"east":{"uv":[3,6,13,9],"texture":"#0"},"west":{"uv":[3,6,13,9],"texture":"#0"},"up":{"uv":[6,3,10,13],"rotation":180,"texture":"#0"},"down":{"uv":[6,3,10,13],"rotation":180,"texture":"#0"}}}],"display":{"thirdperson_righthand":{"rotation":[75,45,0],"translation":[0,2.5,2.5],"scale":[0.375,0.375,0.375]},"thirdperson_lefthand":{"rotation":[75,45,0],"translation":[0,2.5,0],"scale":[0.375,0.375,0.375]},"firstperson_righthand":{"rotation":[0,45,0],"translation":[0,3.5,0],"scale":[0.4,0.4,0.4]},"firstperson_lefthand":{"rotation":[0,225,0],"translation":[0,3.5,0],"scale":[0.4,0.4,0.4]},"ground":{"translation":[0,3,0],"scale":[0.25,0.25,0.25]},"gui":{"rotation":[30,225,0],"scale":[0.625,0.625,0.625]},"fixed":{"scale":[0.5,0.5,0.5]}}}