{"credit":"ObeeNow","ambientocclusion":false,"textures":{"particle":"block/iron_bars","bars":"block/iron_bars"},"elements":[{"from":[6.99966,94e-5,98e-5],"to":[8.99966,0.50094,7.00098],"faces":{"north":{"uv":[9,0,8,2],"rotation":90,"texture":"#bars","cullface":"north"},"east":{"uv":[9,0,8,7],"rotation":90,"texture":"#bars"},"south":{"uv":[9,0,8,2],"rotation":90,"texture":"#bars"},"west":{"uv":[9,0,8,7],"rotation":90,"texture":"#bars"},"up":{"uv":[7,0,9,7],"texture":"#bars"},"down":{"uv":[9,0,7,7],"texture":"#bars"}}},{"from":[6.99941,15.49985,-4e-4],"to":[8.99941,15.99985,6.9996],"faces":{"north":{"uv":[9,0,8,4],"rotation":90,"texture":"#bars","cullface":"north"},"east":{"uv":[9,0,8,7],"rotation":90,"texture":"#bars"},"south":{"uv":[9,0,8,4],"rotation":90,"texture":"#bars"},"west":{"uv":[9,0,8,7],"rotation":90,"texture":"#bars"},"up":{"uv":[7,0,9,7],"texture":"#bars"},"down":{"uv":[9,0,7,7],"texture":"#bars"}}},{"from":[7.5002,56e-5,7.00021],"to":[8.5002,16.00056,8.00021],"faces":{"north":{"uv":[13,0,14,16],"texture":"#bars"},"east":{"uv":[13,0,14,16],"texture":"#bars"},"south":{"uv":[13,0,14,16],"texture":"#bars"},"west":{"uv":[13,0,14,16],"texture":"#bars"},"up":{"uv":[8,2,9,3],"texture":"#bars","cullface":"up"},"down":{"uv":[7,12,8,13],"texture":"#bars","cullface":"down"}}},{"from":[7.50019,1.99969,3.99912],"to":[8.50019,3.99969,6.99912],"faces":{"east":{"uv":[0,7,3,9],"texture":"#bars"},"west":{"uv":[0,7,3,9],"texture":"#bars"},"up":{"uv":[8,2,9,5],"texture":"#bars"},"down":{"uv":[8,12,9,15],"texture":"#bars"}}},{"from":[7.50039,-47e-5,1.99979],"to":[8.50039,15.99953,3.99979],"faces":{"north":{"uv":[13,0,14,16],"texture":"#bars"},"east":{"uv":[12,0,14,16],"texture":"#bars"},"south":{"uv":[13,0,14,16],"texture":"#bars"},"west":{"uv":[12,0,14,16],"texture":"#bars"}}},{"from":[7.4992,7.00044,26e-5],"to":[8.4992,9.00044,2.00026],"faces":{"north":{"uv":[0,7,1,9],"texture":"#bars","cullface":"north"},"east":{"uv":[0,7,2,9],"texture":"#bars"},"west":{"uv":[0,7,2,9],"texture":"#bars"},"up":{"uv":[8,2,9,4],"texture":"#bars"},"down":{"uv":[8,12,9,14],"texture":"#bars"}}}]}