{"credit":"ObeeNow","textures":{"0":"block/jukebox_side","1":"block/jukebox_top","2":"block/jukebox","particle":"block/jukebox_side"},"elements":[{"from":[9,0,0],"to":[16,16,16],"faces":{"north":{"uv":[0,0,7,16],"texture":"#0","cullface":"north"},"east":{"uv":[0,0,16,16],"texture":"#0","cullface":"east"},"south":{"uv":[9,0,16,16],"texture":"#0","cullface":"south"},"west":{"uv":[1,0,2,16],"texture":"#2"},"up":{"uv":[9,0,16,16],"texture":"#1","cullface":"up"},"down":{"uv":[9,0,16,16],"texture":"#0","cullface":"down"}}},{"from":[0,0,0],"to":[7,16,16],"faces":{"north":{"uv":[9,0,16,16],"texture":"#0","cullface":"north"},"east":{"uv":[1,0,2,16],"texture":"#2"},"south":{"uv":[0,0,7,16],"texture":"#0","cullface":"south"},"west":{"uv":[0,0,16,16],"texture":"#0","cullface":"west"},"up":{"uv":[0,0,7,16],"texture":"#1","cullface":"up"},"down":{"uv":[0,0,7,16],"texture":"#0","cullface":"down"}}},{"from":[7,0,13],"to":[9,16,16],"rotation":{"angle":0,"axis":"y","origin":[10,8,8]},"faces":{"north":{"uv":[7,0,9,16],"texture":"#2"},"south":{"uv":[7,0,9,16],"texture":"#0","cullface":"south"},"up":{"uv":[7,13,9,16],"texture":"#1","cullface":"up"},"down":{"uv":[7,0,9,3],"texture":"#0","cullface":"down"}}},{"from":[7,0,3],"to":[9,2,13],"rotation":{"angle":0,"axis":"y","origin":[10,8,8]},"faces":{"up":{"uv":[7,6,8,7],"texture":"#2"},"down":{"uv":[7,3,9,13],"texture":"#0","cullface":"down"}}},{"from":[7,0,0],"to":[9,16,3],"rotation":{"angle":0,"axis":"y","origin":[10,8,-5]},"faces":{"north":{"uv":[7,0,9,16],"texture":"#0","cullface":"north"},"south":{"uv":[7,0,9,16],"texture":"#2"},"up":{"uv":[7,0,9,3],"texture":"#1","cullface":"up"},"down":{"uv":[7,13,9,16],"texture":"#0","cullface":"down"}}}],"display":{"thirdperson_righthand":{"rotation":[75,45,0],"translation":[0,2.5,0],"scale":[0.375,0.375,0.375]},"thirdperson_lefthand":{"rotation":[75,45,0],"translation":[0,2.5,0],"scale":[0.375,0.375,0.375]},"firstperson_righthand":{"rotation":[0,45,0],"scale":[0.4,0.4,0.4]},"firstperson_lefthand":{"rotation":[0,225,0],"scale":[0.4,0.4,0.4]},"ground":{"translation":[0,3,0],"scale":[0.25,0.25,0.25]},"gui":{"rotation":[30,225,0],"scale":[0.625,0.625,0.625]},"fixed":{"scale":[0.5,0.5,0.5]}}}