{"credit":"ObeeNow","ambientocclusion":false,"textures":{"0":"block/jungle_door_top","particle":"block/jungle_door_top"},"elements":[{"from":[0,11,11],"to":[3,16,16],"faces":{"north":{"uv":[1,3,4,8],"texture":"#0"},"east":{"uv":[0,0,5,5],"texture":"#0"},"south":{"uv":[0,0,3,5],"texture":"#0"},"west":{"uv":[0,5,5,0],"rotation":180,"texture":"#0"},"up":{"uv":[4,11,1,16],"texture":"#0"},"down":{"uv":[0,2,5,5],"rotation":90,"texture":"#0"}}},{"from":[0,13,0],"to":[3,16,11],"faces":{"north":{"uv":[1,0,4,3],"texture":"#0"},"east":{"uv":[5,0,16,3],"texture":"#0"},"west":{"uv":[5,3,16,0],"rotation":180,"texture":"#0"},"up":{"uv":[4,0,1,11],"texture":"#0"},"down":{"uv":[5,0,16,3],"rotation":90,"texture":"#0"}}},{"from":[0,12,9],"to":[3,13,11],"faces":{"north":{"uv":[6,3,7,4],"texture":"#0"},"east":{"uv":[5,3,7,4],"texture":"#0"},"west":{"uv":[5,4,7,3],"rotation":180,"texture":"#0"},"down":{"uv":[5,1,7,4],"rotation":90,"texture":"#0"}}},{"from":[0,12,0],"to":[3,13,7],"faces":{"north":{"uv":[1,3,4,4],"texture":"#0"},"east":{"uv":[9,3,16,4],"texture":"#0"},"south":{"uv":[9,3,10,4],"texture":"#0"},"west":{"uv":[9,4,16,3],"rotation":180,"texture":"#0"},"down":{"uv":[9,1,16,4],"rotation":90,"texture":"#0"}}},{"from":[0,6,9],"to":[3,12,10],"faces":{"north":{"uv":[1,4,4,10],"texture":"#0"},"east":{"uv":[6,4,7,10],"texture":"#0"},"south":{"uv":[6,4,7,10],"texture":"#0"},"west":{"uv":[6,10,7,4],"rotation":180,"texture":"#0"},"down":{"uv":[12,6,13,9],"rotation":90,"texture":"#0"}}},{"from":[0,6,6],"to":[3,12,7],"faces":{"north":{"uv":[12,1,15,7],"texture":"#0"},"east":{"uv":[9,4,10,10],"texture":"#0"},"south":{"uv":[9,4,10,10],"texture":"#0"},"west":{"uv":[9,10,10,4],"rotation":180,"texture":"#0"},"down":{"uv":[15,7,16,10],"rotation":90,"texture":"#0"}}},{"from":[0,11,0],"to":[3,12,5],"faces":{"north":{"uv":[1,4,4,5],"texture":"#0"},"east":{"uv":[11,4,16,5],"texture":"#0"},"south":{"uv":[12,8,15,9],"texture":"#0"},"west":{"uv":[11,5,16,4],"rotation":180,"texture":"#0"},"down":{"uv":[11,2,16,5],"rotation":90,"texture":"#0"}}},{"from":[0,0,12],"to":[3,11,16],"faces":{"north":{"uv":[1,5,4,16],"texture":"#0"},"east":{"uv":[0,5,4,16],"texture":"#0"},"south":{"uv":[0,5,3,16],"texture":"#0"},"west":{"uv":[0,16,4,5],"rotation":180,"texture":"#0"},"down":{"uv":[0,15,4,16],"rotation":90,"texture":"#0"}}},{"from":[0,0,0],"to":[3,11,4],"faces":{"north":{"uv":[1,5,4,16],"texture":"#0"},"east":{"uv":[12,5,16,16],"texture":"#0"},"south":{"uv":[1,5,4,16],"texture":"#0"},"west":{"uv":[12,16,16,5],"rotation":180,"texture":"#0"},"down":{"uv":[12,15,16,16],"rotation":90,"texture":"#0"}}},{"from":[0,0,10],"to":[3,8,12],"faces":{"north":{"uv":[4,8,6,16],"texture":"#0"},"east":{"uv":[4,8,6,16],"texture":"#0"},"west":{"uv":[4,16,6,8],"rotation":180,"texture":"#0"},"up":{"uv":[6,8,4,11],"rotation":90,"texture":"#0"},"down":{"uv":[4,15,6,16],"rotation":90,"texture":"#0"}}},{"from":[0,6,7],"to":[3,8,9],"faces":{"east":{"uv":[7,8,9,10],"texture":"#0"},"west":{"uv":[7,10,9,8],"rotation":180,"texture":"#0"},"up":{"uv":[14,9,12,12],"rotation":90,"texture":"#0"},"down":{"uv":[14,7,16,10],"rotation":90,"texture":"#0"}}},{"from":[0,0,4],"to":[3,8,6],"faces":{"east":{"uv":[10,8,12,16],"texture":"#0"},"south":{"uv":[10,8,12,16],"texture":"#0"},"west":{"uv":[10,16,12,8],"rotation":180,"texture":"#0"},"up":{"uv":[12,8,10,11],"rotation":90,"texture":"#0"},"down":{"uv":[10,15,12,16],"rotation":90,"texture":"#0"}}},{"from":[0,0,9],"to":[3,5,10],"faces":{"north":{"uv":[4,11,7,16],"texture":"#0"},"east":{"uv":[6,11,7,16],"texture":"#0"},"west":{"uv":[6,16,7,11],"rotation":180,"texture":"#0"},"up":{"uv":[7,11,6,14],"rotation":90,"texture":"#0"},"down":{"uv":[6,15,7,16],"rotation":90,"texture":"#0"}}},{"from":[0,0,6],"to":[3,5,7],"faces":{"east":{"uv":[9,11,10,16],"texture":"#0"},"south":{"uv":[9,11,12,16],"texture":"#0"},"west":{"uv":[9,16,10,11],"rotation":180,"texture":"#0"},"up":{"uv":[10,11,9,14],"rotation":90,"texture":"#0"},"down":{"uv":[9,15,10,16],"rotation":90,"texture":"#0"}}},{"from":[0,0,7],"to":[3,4,9],"faces":{"east":{"uv":[7,12,9,16],"texture":"#0"},"west":{"uv":[7,16,9,12],"rotation":180,"texture":"#0"},"up":{"uv":[9,12,7,15],"rotation":90,"texture":"#0"},"down":{"uv":[7,15,9,16],"rotation":90,"texture":"#0"}}},{"from":[-0.5,1,2],"to":[3.5,2,5],"rotation":{"angle":0,"axis":"y","origin":[8,9,10]},"faces":{"north":{"uv":[13,14,14,15],"texture":"#0"},"east":{"uv":[11,14,14,15],"texture":"#0"},"south":{"uv":[11,14,12,15],"texture":"#0"},"west":{"uv":[14,14,11,15],"texture":"#0"},"up":{"uv":[14,14,11,15],"rotation":90,"texture":"#0"},"down":{"uv":[11,14,14,15],"rotation":90,"texture":"#0"}}},{"from":[-0.5,0,4],"to":[3.5,1,5],"rotation":{"angle":0,"axis":"y","origin":[8,9,10]},"faces":{"north":{"uv":[11,15,12,16],"texture":"#0"},"east":{"uv":[11,15,12,16],"texture":"#0"},"south":{"uv":[11,15,12,16],"texture":"#0"},"west":{"uv":[11,15,12,16],"texture":"#0"},"down":{"uv":[11,15,12,16],"texture":"#0"}}}],"groups":[{"name":"jungle_door_top","origin":[8,8,8],"children":[0,1,2,3,4,5,6,7,8,9,10,11,12,13,14]},15,16]}