{"credit":"ObeeNow","textures":{"0":"block/ladder","particle":"block/ladder"},"elements":[{"from":[14,13,15.25],"to":[15,15,16],"faces":{"north":{"uv":[2,3,1,1],"rotation":180,"texture":"#0"},"east":{"uv":[1,3,2,1],"rotation":180,"texture":"#0"},"south":{"uv":[15,1,14,3],"texture":"#0"},"up":{"uv":[2,2,1,1],"texture":"#0"},"down":{"uv":[1,2,2,3],"rotation":180,"texture":"#0"}}},{"from":[2,0,15],"to":[4,16,16],"faces":{"north":{"uv":[14,16,12,0],"rotation":180,"texture":"#0"},"east":{"uv":[12,16,13,0],"rotation":180,"texture":"#0"},"south":{"uv":[4,0,2,16],"texture":"#0"},"west":{"uv":[14,16,13,0],"rotation":180,"texture":"#0"},"up":{"uv":[14,1,12,0],"texture":"#0"},"down":{"uv":[12,15,14,16],"rotation":180,"texture":"#0"}}},{"from":[12,0,15],"to":[14,16,16],"faces":{"north":{"uv":[4,16,2,0],"rotation":180,"texture":"#0"},"east":{"uv":[2,16,3,0],"rotation":180,"texture":"#0"},"south":{"uv":[14,0,12,16],"texture":"#0"},"west":{"uv":[4,16,3,0],"rotation":180,"texture":"#0"},"up":{"uv":[4,1,2,0],"texture":"#0"},"down":{"uv":[2,15,4,16],"rotation":180,"texture":"#0"}}},{"from":[1,1,15.25],"to":[2,3,16],"faces":{"north":{"uv":[15,15,14,13],"rotation":180,"texture":"#0"},"south":{"uv":[2,13,1,15],"texture":"#0"},"west":{"uv":[15,15,14,13],"rotation":180,"texture":"#0"},"up":{"uv":[15,14,14,13],"texture":"#0"},"down":{"uv":[14,14,15,15],"rotation":180,"texture":"#0"}}},{"from":[4,1,15.25],"to":[12,3,16],"faces":{"north":{"uv":[12,15,4,13],"rotation":180,"texture":"#0"},"south":{"uv":[12,13,4,15],"texture":"#0"},"up":{"uv":[12,14,4,13],"texture":"#0"},"down":{"uv":[4,14,12,15],"rotation":180,"texture":"#0"}}},{"from":[1,5,15.25],"to":[2,7,16],"faces":{"north":{"uv":[15,11,14,9],"rotation":180,"texture":"#0"},"south":{"uv":[2,9,1,11],"texture":"#0"},"west":{"uv":[15,11,14,9],"rotation":180,"texture":"#0"},"up":{"uv":[15,10,14,9],"texture":"#0"},"down":{"uv":[14,10,15,11],"rotation":180,"texture":"#0"}}},{"from":[4,5,15.25],"to":[12,7,16],"faces":{"north":{"uv":[12,11,4,9],"rotation":180,"texture":"#0"},"south":{"uv":[12,9,4,11],"texture":"#0"},"up":{"uv":[12,10,4,9],"texture":"#0"},"down":{"uv":[4,10,12,11],"rotation":180,"texture":"#0"}}},{"from":[14,5,15.25],"to":[15,7,16],"faces":{"north":{"uv":[2,11,1,9],"rotation":180,"texture":"#0"},"east":{"uv":[1,11,2,9],"rotation":180,"texture":"#0"},"south":{"uv":[15,9,14,11],"texture":"#0"},"up":{"uv":[2,10,1,9],"texture":"#0"},"down":{"uv":[1,10,2,11],"rotation":180,"texture":"#0"}}},{"from":[1,9,15.25],"to":[2,11,16],"faces":{"north":{"uv":[15,7,14,5],"rotation":180,"texture":"#0"},"south":{"uv":[2,5,1,7],"texture":"#0"},"west":{"uv":[15,7,14,5],"rotation":180,"texture":"#0"},"up":{"uv":[15,6,14,5],"texture":"#0"},"down":{"uv":[14,6,15,7],"rotation":180,"texture":"#0"}}},{"from":[4,9,15.25],"to":[12,11,16],"faces":{"north":{"uv":[12,7,4,5],"rotation":180,"texture":"#0"},"south":{"uv":[12,5,4,7],"texture":"#0"},"up":{"uv":[12,6,4,5],"texture":"#0"},"down":{"uv":[4,6,12,7],"rotation":180,"texture":"#0"}}},{"from":[14,9,15.25],"to":[15,11,16],"faces":{"north":{"uv":[2,7,1,5],"rotation":180,"texture":"#0"},"east":{"uv":[1,7,2,5],"rotation":180,"texture":"#0"},"south":{"uv":[15,5,14,7],"texture":"#0"},"up":{"uv":[2,6,1,5],"texture":"#0"},"down":{"uv":[1,6,2,7],"rotation":180,"texture":"#0"}}},{"from":[1,13,15.25],"to":[2,15,16],"faces":{"north":{"uv":[15,3,14,1],"rotation":180,"texture":"#0"},"south":{"uv":[2,1,1,3],"texture":"#0"},"west":{"uv":[15,3,14,1],"rotation":180,"texture":"#0"},"up":{"uv":[15,2,14,1],"texture":"#0"},"down":{"uv":[14,2,15,3],"rotation":180,"texture":"#0"}}},{"from":[4,13,15.25],"to":[12,15,16],"faces":{"north":{"uv":[12,3,4,1],"rotation":180,"texture":"#0"},"south":{"uv":[12,1,4,3],"texture":"#0"},"up":{"uv":[12,2,4,1],"texture":"#0"},"down":{"uv":[4,2,12,3],"rotation":180,"texture":"#0"}}},{"from":[14,1,15.25],"to":[15,3,16],"faces":{"north":{"uv":[2,15,1,13],"rotation":180,"texture":"#0"},"east":{"uv":[1,15,2,13],"rotation":180,"texture":"#0"},"south":{"uv":[15,13,14,15],"texture":"#0"},"up":{"uv":[2,14,1,13],"texture":"#0"},"down":{"uv":[1,14,2,15],"rotation":180,"texture":"#0"}}}],"groups":[{"name":"ladder","origin":[8,8,8],"children":[0,1,2,3,4,5,6,7,8,9,10,11,12,13]}]}