{"credit":"ObeeNow","textures":{"0":"block/oak_trapdoor","particle":"block/oak_trapdoor"},"elements":[{"from":[0,0,13],"to":[16,3,16],"faces":{"north":{"uv":[0,3,16,0],"texture":"#0"},"east":{"uv":[0,16,3,13],"rotation":270,"texture":"#0"},"south":{"uv":[0,0,16,3],"rotation":180,"texture":"#0"},"west":{"uv":[13,16,16,13],"rotation":90,"texture":"#0"},"up":{"uv":[0,6,16,9],"rotation":180,"texture":"#0"},"down":{"uv":[0,16,16,13],"texture":"#0"}}},{"from":[0,6,13],"to":[16,10,16],"faces":{"north":{"uv":[0,10,16,6],"texture":"#0"},"east":{"uv":[6,16,10,13],"rotation":270,"texture":"#0"},"south":{"uv":[0,6,16,10],"rotation":180,"texture":"#0"},"west":{"uv":[6,16,10,13],"rotation":90,"texture":"#0"},"up":{"uv":[0,6,16,9],"rotation":180,"texture":"#0"},"down":{"uv":[16,6,0,9],"texture":"#0"}}},{"from":[0,13,13],"to":[16,16,16],"faces":{"north":{"uv":[0,16,16,13],"texture":"#0"},"east":{"uv":[13,16,16,13],"rotation":270,"texture":"#0"},"south":{"uv":[0,13,16,16],"rotation":180,"texture":"#0"},"west":{"uv":[0,16,3,13],"rotation":90,"texture":"#0"},"up":{"uv":[0,16,16,13],"rotation":180,"texture":"#0"},"down":{"uv":[0,6,16,9],"texture":"#0"}}},{"from":[0,10,13],"to":[3,13,16],"faces":{"north":{"uv":[13,13,16,10],"texture":"#0"},"east":{"uv":[3,6,6,9],"rotation":270,"texture":"#0"},"south":{"uv":[13,10,16,13],"rotation":180,"texture":"#0"},"west":{"uv":[3,16,6,13],"rotation":90,"texture":"#0"}}},{"from":[0,3,13],"to":[3,6,16],"faces":{"north":{"uv":[13,6,16,3],"texture":"#0"},"east":{"uv":[10,6,13,9],"rotation":270,"texture":"#0"},"south":{"uv":[13,3,16,6],"rotation":180,"texture":"#0"},"west":{"uv":[10,16,13,13],"rotation":90,"texture":"#0"}}},{"from":[6,10,13],"to":[10,13,16],"faces":{"north":{"uv":[6,13,10,10],"texture":"#0"},"east":{"uv":[3,6,6,9],"rotation":270,"texture":"#0"},"south":{"uv":[6,10,10,13],"rotation":180,"texture":"#0"},"west":{"uv":[10,6,13,9],"rotation":90,"texture":"#0"}}},{"from":[6,3,13],"to":[10,6,16],"faces":{"north":{"uv":[6,6,10,3],"texture":"#0"},"east":{"uv":[10,6,13,9],"rotation":270,"texture":"#0"},"south":{"uv":[6,3,10,6],"rotation":180,"texture":"#0"},"west":{"uv":[10,6,13,9],"rotation":90,"texture":"#0"}}},{"from":[13,10,13],"to":[16,13,16],"faces":{"north":{"uv":[0,13,3,10],"texture":"#0"},"east":{"uv":[10,16,13,13],"rotation":270,"texture":"#0"},"south":{"uv":[0,10,3,13],"rotation":180,"texture":"#0"},"west":{"uv":[3,6,6,9],"rotation":90,"texture":"#0"}}},{"from":[13,3,13],"to":[16,6,16],"faces":{"north":{"uv":[0,6,3,3],"texture":"#0"},"east":{"uv":[3,16,6,13],"rotation":270,"texture":"#0"},"south":{"uv":[0,3,3,6],"rotation":180,"texture":"#0"},"west":{"uv":[10,6,13,9],"rotation":90,"texture":"#0"}}}],"display":{"thirdperson_righthand":{"rotation":[75,45,0],"translation":[0,2.5,2.5],"scale":[0.375,0.375,0.375]},"thirdperson_lefthand":{"rotation":[75,45,0],"translation":[0,2.5,0],"scale":[0.375,0.375,0.375]},"firstperson_righthand":{"rotation":[0,45,0],"translation":[0,3.5,0],"scale":[0.4,0.4,0.4]},"firstperson_lefthand":{"rotation":[0,225,0],"translation":[0,3.5,0],"scale":[0.4,0.4,0.4]},"ground":{"translation":[0,3,0],"scale":[0.25,0.25,0.25]},"gui":{"rotation":[30,225,0],"scale":[0.625,0.625,0.625]},"fixed":{"scale":[0.5,0.5,0.5]}}}