{"credit":"ObeeNow","textures":{"0":"block/oak_door_top","particle":"block/oak_door_top"},"elements":[{"from":[0,0,0],"to":[3,5,16],"faces":{"north":{"uv":[13,9,16,14],"texture":"#0"},"east":{"uv":[0,11,16,16],"texture":"#0"},"south":{"uv":[0,11,3,16],"texture":"#0"},"west":{"uv":[16,11,0,16],"texture":"#0"},"up":{"uv":[13,0,16,16],"texture":"#0"},"down":{"uv":[13,0,16,16],"texture":"#0"}}},{"from":[0,13,0],"to":[3,16,16],"faces":{"north":{"uv":[13,0,16,3],"texture":"#0"},"east":{"uv":[0,0,16,3],"texture":"#0"},"south":{"uv":[0,0,3,3],"texture":"#0"},"west":{"uv":[16,0,0,3],"texture":"#0"},"up":{"uv":[13,0,16,16],"texture":"#0"},"down":{"uv":[0,0,3,16],"texture":"#0"}}},{"from":[0,5,0],"to":[3,13,3],"faces":{"north":{"uv":[13,3,16,11],"texture":"#0"},"east":{"uv":[13,3,16,11],"texture":"#0"},"south":{"uv":[16,3,13,11],"texture":"#0"},"west":{"uv":[16,3,13,11],"texture":"#0"}}},{"from":[0,5,13],"to":[3,13,16],"faces":{"north":{"uv":[13,4,16,12],"texture":"#0"},"east":{"uv":[0,0,3,8],"texture":"#0"},"south":{"uv":[0,3,3,11],"texture":"#0"},"west":{"uv":[3,3,0,11],"texture":"#0"}}},{"from":[0,5,7],"to":[3,13,9],"faces":{"north":{"uv":[13,3,16,11],"texture":"#0"},"east":{"uv":[7,3,9,11],"texture":"#0"},"south":{"uv":[16,3,13,11],"texture":"#0"},"west":{"uv":[9,3,7,11],"texture":"#0"}}},{"from":[0,8,9],"to":[3,10,13],"faces":{"east":{"uv":[3,6,7,8],"texture":"#0"},"west":{"uv":[9,6,13,8],"texture":"#0"},"up":{"uv":[13,7,16,11],"texture":"#0"},"down":{"uv":[13,4,16,8],"texture":"#0"}}},{"from":[0,8,3],"to":[3,10,7],"faces":{"east":{"uv":[9,6,13,8],"texture":"#0"},"west":{"uv":[9,6,13,8],"texture":"#0"},"up":{"uv":[13,0,16,4],"texture":"#0"},"down":{"uv":[13,7,16,11],"texture":"#0"}}},{"from":[3,0,4],"to":[3.5,1,5],"faces":{"north":{"uv":[11,15,12,16],"texture":"#0"},"east":{"uv":[11,15,12,16],"texture":"#0"},"south":{"uv":[11,15,12,16],"texture":"#0"},"down":{"uv":[11,15,12,16],"texture":"#0"}}},{"from":[-0.5,0,4],"to":[0,1,5],"faces":{"north":{"uv":[11,15,12,16],"texture":"#0"},"south":{"uv":[11,15,12,16],"texture":"#0"},"west":{"uv":[11,15,12,16],"texture":"#0"},"down":{"uv":[11,15,12,16],"texture":"#0"}}},{"from":[3,1,2],"to":[3.5,2,5],"faces":{"north":{"uv":[13,14,13.5,15],"texture":"#0"},"east":{"uv":[11,14,14,15],"texture":"#0"},"south":{"uv":[11,14,11.5,15],"texture":"#0"},"up":{"uv":[11,14,14,15],"rotation":270,"texture":"#0"},"down":{"uv":[11,14,14,15],"rotation":90,"texture":"#0"}}},{"from":[-0.5,1,2],"to":[0,2,5],"faces":{"north":{"uv":[13,14,13.5,15],"texture":"#0"},"south":{"uv":[11,14,11.5,15],"texture":"#0"},"west":{"uv":[14,14,11,15],"texture":"#0"},"up":{"uv":[11,14,14,15],"rotation":270,"texture":"#0"},"down":{"uv":[11,14,14,15],"rotation":90,"texture":"#0"}}}]}