{"credit":"ObeeNow","ambientocclusion":false,"textures":{"particle":"block/rail","rail":"block/rail"},"elements":[{"from":[1,0,1],"to":[2,0.75,3],"rotation":{"angle":-45,"axis":"x","origin":[0,1,0],"rescale":true},"faces":{"north":{"uv":[1,1,2,2],"texture":"#rail"},"south":{"uv":[1,2,2,3],"texture":"#rail"},"west":{"uv":[1,1,2,3],"rotation":270,"texture":"#rail"},"up":{"uv":[1,1,2,3],"texture":"#rail"},"down":{"uv":[1,1,2,3],"rotation":180,"texture":"#rail"}}},{"from":[2,0,1],"to":[4,0.75,3],"rotation":{"angle":-45,"axis":"x","origin":[0,1,0],"rescale":true},"faces":{"north":{"uv":[4,1,6,2],"texture":"#rail"},"south":{"uv":[4,2,6,3],"rotation":180,"texture":"#rail"},"down":{"uv":[4,1,6,3],"rotation":180,"texture":"#rail"}}},{"from":[4,0,1],"to":[12,0.75,3],"rotation":{"angle":-45,"axis":"x","origin":[0,1,0],"rescale":true},"faces":{"north":{"uv":[4,1,12,2],"rotation":180,"texture":"#rail"},"south":{"uv":[4,2,12,3],"texture":"#rail"},"up":{"uv":[4,1,12,3],"texture":"#rail"},"down":{"uv":[12,1,4,3],"rotation":180,"texture":"#rail"}}},{"from":[12,0,1],"to":[14,0.75,3],"rotation":{"angle":-45,"axis":"x","origin":[0,1,0],"rescale":true},"faces":{"north":{"uv":[10,1,12,2],"texture":"#rail"},"south":{"uv":[10,2,12,3],"rotation":180,"texture":"#rail"},"down":{"uv":[10,1,12,3],"rotation":180,"texture":"#rail"}}},{"from":[14,0,1],"to":[15,0.75,3],"rotation":{"angle":-45,"axis":"x","origin":[0,1,0],"rescale":true},"faces":{"north":{"uv":[14,1,15,2],"texture":"#rail"},"east":{"uv":[14,1,15,3],"rotation":90,"texture":"#rail"},"south":{"uv":[14,2,15,3],"texture":"#rail"},"up":{"uv":[14,1,15,3],"texture":"#rail"},"down":{"uv":[14,1,15,3],"rotation":180,"texture":"#rail"}}},{"from":[1,0,5],"to":[2,0.75,7],"rotation":{"angle":-45,"axis":"x","origin":[0,1,0],"rescale":true},"faces":{"north":{"uv":[1,5,2,6],"texture":"#rail"},"south":{"uv":[1,6,2,7],"texture":"#rail"},"west":{"uv":[1,5,2,7],"rotation":270,"texture":"#rail"},"up":{"uv":[1,5,2,7],"texture":"#rail"},"down":{"uv":[1,5,2,7],"rotation":180,"texture":"#rail"}}},{"from":[2,0,5],"to":[4,0.75,7],"rotation":{"angle":-45,"axis":"x","origin":[0,1,0],"rescale":true},"faces":{"north":{"uv":[4,5,6,6],"texture":"#rail"},"south":{"uv":[4,6,6,7],"rotation":180,"texture":"#rail"},"down":{"uv":[4,5,6,7],"rotation":180,"texture":"#rail"}}},{"from":[4,0,5],"to":[12,0.75,7],"rotation":{"angle":-45,"axis":"x","origin":[0,1,0],"rescale":true},"faces":{"north":{"uv":[4,5,12,6],"rotation":180,"texture":"#rail"},"south":{"uv":[4,6,12,7],"texture":"#rail"},"up":{"uv":[4,5,12,7],"texture":"#rail"},"down":{"uv":[12,5,4,7],"rotation":180,"texture":"#rail"}}},{"from":[12,0,5],"to":[14,0.75,7],"rotation":{"angle":-45,"axis":"x","origin":[0,1,0],"rescale":true},"faces":{"north":{"uv":[10,5,12,6],"texture":"#rail"},"south":{"uv":[10,6,12,7],"rotation":180,"texture":"#rail"},"down":{"uv":[10,5,12,7],"rotation":180,"texture":"#rail"}}},{"from":[14,0,5],"to":[15,0.75,7],"rotation":{"angle":-45,"axis":"x","origin":[0,1,0],"rescale":true},"faces":{"north":{"uv":[14,5,15,6],"texture":"#rail"},"east":{"uv":[14,5,15,7],"rotation":90,"texture":"#rail"},"south":{"uv":[14,6,15,7],"texture":"#rail"},"up":{"uv":[14,1,15,3],"texture":"#rail"},"down":{"uv":[14,5,15,7],"rotation":180,"texture":"#rail"}}},{"from":[1,0,9],"to":[2,0.75,11],"rotation":{"angle":-45,"axis":"x","origin":[0,1,0],"rescale":true},"faces":{"north":{"uv":[1,9,2,10],"texture":"#rail"},"south":{"uv":[1,10,2,11],"texture":"#rail"},"west":{"uv":[1,9,2,11],"rotation":270,"texture":"#rail"},"up":{"uv":[1,9,2,11],"texture":"#rail"},"down":{"uv":[1,9,2,11],"rotation":180,"texture":"#rail"}}},{"from":[2,0,9],"to":[4,0.75,11],"rotation":{"angle":-45,"axis":"x","origin":[0,1,0],"rescale":true},"faces":{"north":{"uv":[4,9,6,10],"texture":"#rail"},"south":{"uv":[4,10,6,11],"rotation":180,"texture":"#rail"},"down":{"uv":[4,9,6,11],"rotation":180,"texture":"#rail"}}},{"from":[4,0,9],"to":[12,0.75,11],"rotation":{"angle":-45,"axis":"x","origin":[0,1,0],"rescale":true},"faces":{"north":{"uv":[4,9,12,10],"rotation":180,"texture":"#rail"},"south":{"uv":[4,10,12,11],"texture":"#rail"},"up":{"uv":[4,9,12,11],"texture":"#rail"},"down":{"uv":[12,9,4,11],"rotation":180,"texture":"#rail"}}},{"from":[12,0,9],"to":[14,0.75,11],"rotation":{"angle":-45,"axis":"x","origin":[0,1,0],"rescale":true},"faces":{"north":{"uv":[10,9,12,10],"texture":"#rail"},"south":{"uv":[10,10,12,11],"rotation":180,"texture":"#rail"},"down":{"uv":[10,9,12,11],"rotation":180,"texture":"#rail"}}},{"from":[14,0,9],"to":[15,0.75,11],"rotation":{"angle":-45,"axis":"x","origin":[0,1,0],"rescale":true},"faces":{"north":{"uv":[14,9,15,10],"texture":"#rail"},"east":{"uv":[14,9,15,11],"rotation":90,"texture":"#rail"},"south":{"uv":[14,10,15,11],"texture":"#rail"},"up":{"uv":[14,9,15,11],"texture":"#rail"},"down":{"uv":[14,9,15,11],"rotation":180,"texture":"#rail"}}},{"from":[1,0,13],"to":[2,0.75,15],"rotation":{"angle":-45,"axis":"x","origin":[0,1,0],"rescale":true},"faces":{"north":{"uv":[1,13,2,14],"texture":"#rail"},"south":{"uv":[1,14,2,15],"texture":"#rail"},"west":{"uv":[1,13,2,15],"rotation":270,"texture":"#rail"},"up":{"uv":[1,13,2,15],"texture":"#rail"},"down":{"uv":[1,13,2,15],"rotation":180,"texture":"#rail"}}},{"from":[2,0,13],"to":[4,0.75,15],"rotation":{"angle":-45,"axis":"x","origin":[0,1,0],"rescale":true},"faces":{"north":{"uv":[4,13,6,14],"texture":"#rail"},"south":{"uv":[4,14,6,15],"rotation":180,"texture":"#rail"},"down":{"uv":[4,13,6,15],"rotation":180,"texture":"#rail"}}},{"from":[4,0,13],"to":[12,0.75,15],"rotation":{"angle":-45,"axis":"x","origin":[0,1,0],"rescale":true},"faces":{"north":{"uv":[4,13,12,14],"rotation":180,"texture":"#rail"},"south":{"uv":[4,14,12,15],"texture":"#rail"},"up":{"uv":[4,13,12,15],"texture":"#rail"},"down":{"uv":[12,13,4,15],"rotation":180,"texture":"#rail"}}},{"from":[12,0,13],"to":[14,0.75,15],"rotation":{"angle":-45,"axis":"x","origin":[0,1,0],"rescale":true},"faces":{"north":{"uv":[10,13,12,14],"texture":"#rail"},"south":{"uv":[10,14,12,15],"rotation":180,"texture":"#rail"},"down":{"uv":[10,13,12,15],"rotation":180,"texture":"#rail"}}},{"from":[14,0,13],"to":[15,0.75,15],"rotation":{"angle":-45,"axis":"x","origin":[0,1,0],"rescale":true},"faces":{"north":{"uv":[14,13,15,14],"texture":"#rail"},"east":{"uv":[14,13,15,15],"rotation":90,"texture":"#rail"},"south":{"uv":[14,14,15,15],"texture":"#rail"},"up":{"uv":[14,13,15,15],"texture":"#rail"},"down":{"uv":[14,13,15,15],"rotation":180,"texture":"#rail"}}},{"from":[1.999,0.25,0],"to":[4.001,1,16],"rotation":{"angle":-45,"axis":"x","origin":[0,1,0],"rescale":true},"faces":{"north":{"uv":[4,0,2,2],"texture":"#rail"},"east":{"uv":[3.5,1,3.6,2],"texture":"#rail"},"south":{"uv":[2,14,4,16],"texture":"#rail"},"west":{"uv":[2.5,1,2.6,2],"texture":"#rail"},"up":{"uv":[2,0,4,16],"texture":"#rail"},"down":{"uv":[2,0,4,16],"texture":"#rail"}}},{"from":[11.999,0.25,0],"to":[14.001,1,16],"rotation":{"angle":-45,"axis":"x","origin":[0,1,0],"rescale":true},"faces":{"north":{"uv":[14,0,12,2],"texture":"#rail"},"east":{"uv":[13.5,1,13.6,2],"texture":"#rail"},"south":{"uv":[12,14,14,16],"texture":"#rail"},"west":{"uv":[12.5,1,12.6,2],"texture":"#rail"},"up":{"uv":[12,0,14,16],"texture":"#rail"},"down":{"uv":[12,0,14,16],"texture":"#rail"}}}]}