{"credit":"ObeeNow","ambientocclusion":false,"textures":{"particle":"block/rail_corner","rail":"block/rail_corner"},"elements":[{"from":[11,0,1],"to":[13,0.75,2],"faces":{"north":{"uv":[11,1,13,2],"rotation":180,"texture":"#rail"},"east":{"uv":[12,1,13,2],"texture":"#rail"},"west":{"uv":[11,1,12,2],"texture":"#rail"},"up":{"uv":[11,1,13,2],"texture":"#rail"},"down":{"uv":[11,1,13,2],"texture":"#rail","cullface":"down"}}},{"from":[11,0,2],"to":[12,0.75,3],"faces":{"west":{"uv":[11,2,12,3],"texture":"#rail"},"up":{"uv":[11,2,12,3],"texture":"#rail"},"down":{"uv":[11,2,12,3],"texture":"#rail","cullface":"down"}}},{"from":[12,0,4],"to":[14,0.75,7],"faces":{"north":{"uv":[12,4,14,5],"rotation":180,"texture":"#rail"},"east":{"uv":[13,4,14,7],"rotation":90,"texture":"#rail"},"south":{"uv":[12,6,14,7],"texture":"#rail"},"west":{"uv":[12,4,13,7],"rotation":270,"texture":"#rail"},"up":{"uv":[12,4,14,7],"texture":"#rail"},"down":{"uv":[14,4,12,7],"rotation":180,"texture":"#rail","cullface":"down"}}},{"from":[13,0,7],"to":[15,0.75,10],"faces":{"north":{"uv":[13,7,15,8],"rotation":180,"texture":"#rail"},"east":{"uv":[14,7,15,10],"rotation":90,"texture":"#rail"},"south":{"uv":[13,9,15,10],"texture":"#rail"},"west":{"uv":[13,7,14,10],"rotation":90,"texture":"#rail"},"up":{"uv":[13,7,15,10],"texture":"#rail"},"down":{"uv":[15,7,13,10],"rotation":180,"texture":"#rail","cullface":"down"}}},{"from":[14,0,10],"to":[16,0.75,12],"faces":{"north":{"uv":[14,10,16,11],"rotation":180,"texture":"#rail"},"east":{"uv":[15,10,16,12],"rotation":90,"texture":"#rail","cullface":"east"},"west":{"uv":[14,10,15,12],"rotation":270,"texture":"#rail"},"up":{"uv":[14,10,16,12],"texture":"#rail"},"down":{"uv":[16,10,14,12],"rotation":180,"texture":"#rail","cullface":"down"}}},{"from":[14,0,14],"to":[16,0.75,15],"faces":{"east":{"uv":[15,14,16,15],"texture":"#rail","cullface":"east"},"south":{"uv":[14,14,16,15],"texture":"#rail"},"up":{"uv":[14,14,16,15],"texture":"#rail"},"down":{"uv":[14,14,16,15],"texture":"#rail","cullface":"down"}}},{"from":[14,0,15],"to":[15,0.75,16],"faces":{"east":{"uv":[14,15,15,16],"texture":"#rail"},"south":{"uv":[14,15,15,16],"texture":"#rail","cullface":"south"},"up":{"uv":[14,15,15,16],"texture":"#rail"},"down":{"uv":[14,15,15,16],"texture":"#rail","cullface":"down"}}},{"from":[5,0,5],"to":[7,0.75,6],"faces":{"north":{"uv":[5,5,7,6],"rotation":180,"texture":"#rail"},"east":{"uv":[6,5,7,6],"texture":"#rail"},"west":{"uv":[5,5,6,6],"texture":"#rail"},"up":{"uv":[5,5,7,6],"texture":"#rail"},"down":{"uv":[5,5,7,6],"texture":"#rail","cullface":"down"}}},{"from":[5,0,6],"to":[6,0.75,7],"faces":{"south":{"uv":[5,6,6,7],"texture":"#rail"},"west":{"uv":[5,6,6,7],"texture":"#rail"},"up":{"uv":[5,6,6,7],"texture":"#rail"},"down":{"uv":[5,6,6,7],"texture":"#rail","cullface":"down"}}},{"from":[7,0,7],"to":[9,0.75,9],"faces":{"north":{"uv":[7,7,9,8],"rotation":180,"texture":"#rail"},"east":{"uv":[8,7,9,9],"rotation":90,"texture":"#rail"},"south":{"uv":[7,8,9,9],"texture":"#rail"},"west":{"uv":[7,7,8,9],"rotation":270,"texture":"#rail"},"up":{"uv":[7,7,9,9],"texture":"#rail"},"down":{"uv":[9,7,7,9],"rotation":180,"texture":"#rail","cullface":"down"}}},{"from":[9,0,8],"to":[10,0.75,9],"faces":{"north":{"uv":[9,8,10,9],"texture":"#rail"},"east":{"uv":[9,8,10,9],"texture":"#rail"},"up":{"uv":[9,8,10,9],"texture":"#rail"},"down":{"uv":[9,8,10,9],"texture":"#rail","cullface":"down"}}},{"from":[8,0,9],"to":[9,0.75,10],"faces":{"south":{"uv":[8,9,9,10],"texture":"#rail"},"west":{"uv":[8,9,9,10],"texture":"#rail"},"up":{"uv":[8,9,9,10],"texture":"#rail"},"down":{"uv":[8,9,9,10],"texture":"#rail","cullface":"down"}}},{"from":[9,0,9],"to":[11,0.75,11],"faces":{"north":{"uv":[9,9,11,10],"rotation":180,"texture":"#rail"},"east":{"uv":[10,9,11,11],"rotation":180,"texture":"#rail"},"south":{"uv":[9,10,11,11],"texture":"#rail"},"west":{"uv":[9,9,10,11],"rotation":270,"texture":"#rail"},"up":{"uv":[9,9,11,11],"texture":"#rail"},"down":{"uv":[11,9,9,11],"rotation":180,"texture":"#rail","cullface":"down"}}},{"from":[11,0,10],"to":[12,0.75,11],"faces":{"north":{"uv":[11,10,12,11],"texture":"#rail"},"east":{"uv":[11,10,12,11],"texture":"#rail"},"up":{"uv":[11,10,12,11],"texture":"#rail"},"down":{"uv":[11,10,12,11],"texture":"#rail","cullface":"down"}}},{"from":[10,0,11],"to":[11,0.75,12],"faces":{"south":{"uv":[10,11,11,12],"texture":"#rail"},"west":{"uv":[10,11,11,12],"texture":"#rail"},"up":{"uv":[10,11,11,12],"texture":"#rail"},"down":{"uv":[10,11,11,12],"texture":"#rail","cullface":"down"}}},{"from":[11,0,11],"to":[13,0.75,13],"faces":{"north":{"uv":[12,11,13,12],"texture":"#rail"},"east":{"uv":[12,11,13,13],"rotation":90,"texture":"#rail"},"south":{"uv":[11,12,13,13],"texture":"#rail"},"west":{"uv":[11,11,12,13],"rotation":270,"texture":"#rail"},"up":{"uv":[11,11,13,13],"texture":"#rail"},"down":{"uv":[13,11,11,13],"rotation":180,"texture":"#rail","cullface":"down"}}},{"from":[13,0,12],"to":[14,0.75,13],"faces":{"north":{"uv":[13,12,14,13],"texture":"#rail"},"up":{"uv":[13,12,14,13],"texture":"#rail"},"down":{"uv":[13,12,14,13],"texture":"#rail","cullface":"down"}}},{"from":[12,0,13],"to":[13,0.75,14],"faces":{"west":{"uv":[12,13,13,14],"texture":"#rail"},"up":{"uv":[12,13,13,14],"texture":"#rail"},"down":{"uv":[12,13,13,14],"texture":"#rail","cullface":"down"}}},{"from":[1,0,11],"to":[3,0.75,12],"faces":{"north":{"uv":[1,11,3,12],"rotation":180,"texture":"#rail"},"west":{"uv":[1,11,2,12],"texture":"#rail"},"up":{"uv":[1,11,3,12],"texture":"#rail"},"down":{"uv":[1,11,3,12],"texture":"#rail","cullface":"down"}}},{"from":[1,0,12],"to":[2,0.75,13],"faces":{"south":{"uv":[1,12,2,13],"texture":"#rail"},"west":{"uv":[1,12,2,13],"texture":"#rail"},"up":{"uv":[1,12,2,13],"texture":"#rail"},"down":{"uv":[1,12,2,13],"texture":"#rail","cullface":"down"}}},{"from":[4,0,12],"to":[7,0.75,14],"faces":{"north":{"uv":[4,12,7,13],"rotation":180,"texture":"#rail"},"east":{"uv":[6,12,7,14],"rotation":90,"texture":"#rail"},"south":{"uv":[4,13,7,14],"texture":"#rail"},"west":{"uv":[4,13,5,14],"texture":"#rail"},"up":{"uv":[4,12,7,14],"texture":"#rail"},"down":{"uv":[7,12,4,14],"rotation":180,"texture":"#rail","cullface":"down"}}},{"from":[7,0,13],"to":[10,0.75,15],"faces":{"north":{"uv":[7,13,10,14],"rotation":180,"texture":"#rail"},"east":{"uv":[9,13,10,15],"rotation":90,"texture":"#rail"},"south":{"uv":[7,14,10,15],"texture":"#rail"},"west":{"uv":[7,13,8,15],"rotation":270,"texture":"#rail"},"up":{"uv":[7,13,10,15],"texture":"#rail"},"down":{"uv":[10,13,7,15],"rotation":180,"texture":"#rail","cullface":"down"}}},{"from":[10,0,14],"to":[12,0.75,16],"faces":{"north":{"uv":[10,14,12,15],"rotation":180,"texture":"#rail"},"south":{"uv":[10,15,12,16],"texture":"#rail","cullface":"south"},"west":{"uv":[10,15,12,16],"texture":"#rail"},"up":{"uv":[10,14,12,16],"texture":"#rail"},"down":{"uv":[12,14,10,16],"rotation":180,"texture":"#rail","cullface":"down"}}},{"from":[12,0,2],"to":[13,0.75,3],"faces":{"east":{"uv":[4,12,5,13],"texture":"#rail"},"down":{"uv":[4,12,5,13],"texture":"#rail","cullface":"down"}}},{"from":[11,0,3],"to":[13,0.75,4],"faces":{"east":{"uv":[5,12,6,13],"texture":"#rail"},"south":{"uv":[5,12,6,14],"rotation":90,"texture":"#rail"},"west":{"uv":[5,13,6,14],"texture":"#rail"},"down":{"uv":[6,12,5,14],"rotation":90,"texture":"#rail","cullface":"down"}}},{"from":[14,0,12],"to":[15.999,0.75,14],"faces":{"east":{"uv":[9,8,10,10],"rotation":90,"texture":"#rail","cullface":"east"},"down":{"uv":[10,8,8,10],"rotation":180,"texture":"#rail","cullface":"down"}}},{"from":[6,0,6],"to":[7.999,0.75,7],"faces":{"north":{"uv":[7,8,9,9],"rotation":180,"texture":"#rail"},"east":{"uv":[8,8,9,9],"texture":"#rail"},"down":{"uv":[7,8,9,9],"texture":"#rail","cullface":"down"}}},{"from":[6,0,7],"to":[7,0.75,7.999],"faces":{"south":{"uv":[9,9,10,10],"texture":"#rail"},"west":{"uv":[9,9,10,10],"texture":"#rail"},"down":{"uv":[9,9,10,10],"texture":"#rail","cullface":"down"}}},{"from":[13,0,13],"to":[14,0.75,14],"faces":{"down":{"uv":[11,14,12,15],"texture":"#rail","cullface":"down"}}},{"from":[2,0,12],"to":[3,0.75,13],"faces":{"south":{"uv":[13,4,14,5],"texture":"#rail"},"down":{"uv":[13,4,14,5],"texture":"#rail","cullface":"down"}}},{"from":[3,0,11],"to":[4,0.75,13],"faces":{"north":{"uv":[5,5,6,6],"texture":"#rail"},"east":{"uv":[5,5,6,7],"rotation":90,"texture":"#rail"},"south":{"uv":[5,6,6,7],"texture":"#rail"},"down":{"uv":[5,5,6,7],"rotation":180,"texture":"#rail","cullface":"down"}}},{"from":[12,0,14],"to":[14,0.75,15.999],"faces":{"south":{"uv":[12,5,14,6],"texture":"#rail","cullface":"south"},"down":{"uv":[14,4,12,6],"rotation":180,"texture":"#rail","cullface":"down"}}},{"from":[2,0.25,12],"to":[4,1,16],"faces":{"north":{"uv":[2,12,3,13],"texture":"#rail"},"east":{"uv":[3,12,4,16],"texture":"#rail"},"south":{"uv":[2,15,4,16],"texture":"#rail","cullface":"south"},"west":{"uv":[2,12,3,13],"texture":"#rail"},"up":{"uv":[2,12,4,16],"texture":"#rail"},"down":{"uv":[2,12,4,16],"texture":"#rail"}}},{"from":[3,0.25,10],"to":[5,1,12],"faces":{"north":{"uv":[3,10,5,12],"rotation":180,"texture":"#rail"},"east":{"uv":[4,10,5,11],"texture":"#rail"},"south":{"uv":[3,10,5,12],"texture":"#rail"},"west":{"uv":[3,10,4,11],"texture":"#rail"},"up":{"uv":[3,10,5,12],"texture":"#rail"},"down":{"uv":[3,10,5,12],"texture":"#rail"}}},{"from":[4,0.25,8],"to":[6,1,10],"faces":{"north":{"uv":[4,8,5,9],"texture":"#rail"},"east":{"uv":[5,8,6,9],"texture":"#rail"},"south":{"uv":[4,8,6,10],"texture":"#rail"},"west":{"uv":[4,8,5,9],"texture":"#rail"},"up":{"uv":[4,8,6,10],"texture":"#rail"},"down":{"uv":[4,8,6,10],"texture":"#rail"}}},{"from":[5,0.25,7],"to":[7,1,8],"faces":{"north":{"uv":[5,7,7,8],"rotation":180,"texture":"#rail"},"east":{"uv":[6,7,7,8],"texture":"#rail"},"south":{"uv":[5,7,7,8],"texture":"#rail"},"west":{"uv":[5,7,6,8],"texture":"#rail"},"up":{"uv":[5,7,7,8],"texture":"#rail"},"down":{"uv":[5,7,7,8],"texture":"#rail"}}},{"from":[6,0.25,6],"to":[7,1,7],"faces":{"north":{"uv":[6,6,7,7],"texture":"#rail"},"west":{"uv":[6,6,7,7],"texture":"#rail"},"up":{"uv":[6,6,7,7],"texture":"#rail"}}},{"from":[7,0.25,5],"to":[8,1,7],"faces":{"north":{"uv":[7,5,8,6],"texture":"#rail"},"east":{"uv":[7,6,8,7],"texture":"#rail"},"south":{"uv":[7,6,8,7],"texture":"#rail"},"west":{"uv":[7,5,8,6],"texture":"#rail"},"up":{"uv":[7,5,8,7],"texture":"#rail"},"down":{"uv":[7,5,8,7],"rotation":180,"texture":"#rail"}}},{"from":[8,0.25,4],"to":[10,1,6],"faces":{"north":{"uv":[8,4,9,5],"texture":"#rail"},"east":{"uv":[8,5,9,6],"texture":"#rail"},"south":{"uv":[8,5,9,6],"texture":"#rail"},"west":{"uv":[8,4,9,5],"texture":"#rail"},"up":{"uv":[8,4,10,6],"texture":"#rail"},"down":{"uv":[8,4,10,6],"rotation":180,"texture":"#rail"}}},{"from":[10,0.25,3],"to":[12,1,5],"faces":{"north":{"uv":[10,3,11,4],"texture":"#rail"},"east":{"uv":[10,4,11,5],"texture":"#rail"},"south":{"uv":[10,4,11,5],"texture":"#rail"},"west":{"uv":[11,3,12,4],"texture":"#rail"},"up":{"uv":[10,3,12,5],"texture":"#rail"},"down":{"uv":[10,3,12,5],"rotation":180,"texture":"#rail"}}},{"from":[12,0.25,2],"to":[16,1,4],"faces":{"north":{"uv":[12,2,16,3],"texture":"#rail"},"east":{"uv":[14,2,16,4],"rotation":90,"texture":"#rail","cullface":"east"},"south":{"uv":[12,3,16,4],"texture":"#rail"},"west":{"uv":[13,2,14,3],"texture":"#rail"},"up":{"uv":[12,2,16,4],"texture":"#rail"},"down":{"uv":[12,2,16,4],"rotation":180,"texture":"#rail"}}},{"from":[12,0.25,14],"to":[14,1,16],"faces":{"north":{"uv":[12,14,13,15],"texture":"#rail"},"east":{"uv":[13,14,14,15],"texture":"#rail"},"south":{"uv":[12,14,14,16],"texture":"#rail","cullface":"south"},"west":{"uv":[12,14,13,15],"texture":"#rail"},"up":{"uv":[12,14,14,16],"texture":"#rail"},"down":{"uv":[12,14,14,16],"texture":"#rail"}}},{"from":[13,0.25,13],"to":[14,1,14],"faces":{"north":{"uv":[13,13,14,14],"texture":"#rail"},"west":{"uv":[13,13,14,14],"texture":"#rail"},"up":{"uv":[13,13,14,14],"texture":"#rail"}}},{"from":[14,0.25,12],"to":[16,1,14],"faces":{"north":{"uv":[14,12,15,13],"texture":"#rail"},"east":{"uv":[15,12,16,14],"rotation":90,"texture":"#rail","cullface":"east"},"south":{"uv":[14,13,15,14],"texture":"#rail"},"west":{"uv":[14,12,15,13],"texture":"#rail"},"up":{"uv":[14,12,16,14],"texture":"#rail"},"down":{"uv":[14,12,16,14],"rotation":180,"texture":"#rail"}}}]}