{"credit":"ObeeNow","ambientocclusion":false,"textures":{"0":"block/spruce_door_top","particle":"block/spruce_door_top"},"elements":[{"from":[0,0,13],"to":[3,16,16],"faces":{"north":{"uv":[13,0,14,16],"texture":"#0"},"east":{"uv":[16,0,13,16],"texture":"#0"},"south":{"uv":[0,0,3,16],"texture":"#0"},"west":{"uv":[13,0,16,16],"texture":"#0"},"up":{"uv":[0,12,3,15],"rotation":180,"texture":"#0"},"down":{"uv":[0,0,3,3],"rotation":180,"texture":"#0"}}},{"from":[0,0,0],"to":[3,16,3],"faces":{"north":{"uv":[3,0,0,16],"texture":"#0"},"east":{"uv":[3,0,0,16],"texture":"#0"},"south":{"uv":[2,0,3,16],"texture":"#0"},"west":{"uv":[0,0,3,16],"texture":"#0"},"up":{"uv":[0,8,3,11],"rotation":180,"texture":"#0"},"down":{"uv":[0,0,3,3],"rotation":180,"texture":"#0"}}},{"from":[0,0,4],"to":[3,16,6],"faces":{"north":{"uv":[4,0,5,16],"texture":"#0"},"east":{"uv":[6,0,4,16],"texture":"#0"},"south":{"uv":[5,0,6,16],"texture":"#0"},"west":{"uv":[4,0,6,16],"texture":"#0"},"up":{"uv":[0,1,3,3],"rotation":180,"texture":"#0"},"down":{"uv":[0,0,3,2],"rotation":180,"texture":"#0"}}},{"from":[0.5,0,3],"to":[2.5,16,4],"faces":{"east":{"uv":[4,0,3,16],"texture":"#0"},"west":{"uv":[3,0,4,16],"texture":"#0"},"up":{"uv":[0,10,2,11],"rotation":180,"texture":"#0"},"down":{"uv":[0,0,2,1],"rotation":180,"texture":"#0"}}},{"from":[0.5,0,6],"to":[2.5,16,7],"faces":{"east":{"uv":[7,0,6,16],"texture":"#0"},"west":{"uv":[6,0,7,16],"texture":"#0"},"up":{"uv":[0,10,2,11],"rotation":180,"texture":"#0"},"down":{"uv":[0,0,2,1],"rotation":180,"texture":"#0"}}},{"from":[0.5,0,9],"to":[2.5,16,10],"faces":{"east":{"uv":[10,0,9,16],"texture":"#0"},"west":{"uv":[9,0,10,16],"texture":"#0"},"up":{"uv":[1,10,3,11],"rotation":180,"texture":"#0"},"down":{"uv":[0,0,2,1],"rotation":180,"texture":"#0"}}},{"from":[0.5,0,12],"to":[2.5,16,13],"faces":{"east":{"uv":[13,0,12,16],"texture":"#0"},"west":{"uv":[12,0,13,16],"texture":"#0"},"up":{"uv":[1,7,3,8],"rotation":180,"texture":"#0"},"down":{"uv":[0,0,2,1],"rotation":180,"texture":"#0"}}},{"from":[0,0,7],"to":[3,16,9],"faces":{"north":{"uv":[7,0,8,16],"texture":"#0"},"east":{"uv":[9,0,7,16],"texture":"#0"},"south":{"uv":[8,0,9,16],"texture":"#0"},"west":{"uv":[7,0,9,16],"texture":"#0"},"up":{"uv":[0,10,3,12],"rotation":180,"texture":"#0"},"down":{"uv":[0,0,3,2],"rotation":180,"texture":"#0"}}},{"from":[0,0,10],"to":[3,16,12],"faces":{"north":{"uv":[10,0,11,16],"texture":"#0"},"east":{"uv":[12,0,10,16],"texture":"#0"},"south":{"uv":[11,0,12,16],"texture":"#0"},"west":{"uv":[10,0,12,16],"texture":"#0"},"up":{"uv":[0,6,3,8],"rotation":180,"texture":"#0"},"down":{"uv":[0,0,3,2],"rotation":180,"texture":"#0"}}}]}