{"credit":"ObeeNow","ambientocclusion":false,"textures":{"1":"block/spruce_door_bottom","particle":"block/spruce_door_top"},"elements":[{"from":[0,0,13],"to":[3,16,16],"faces":{"north":{"uv":[2,0,3,16],"texture":"#1"},"east":{"uv":[0,0,3,16],"texture":"#1"},"south":{"uv":[3,0,0,16],"texture":"#1"},"west":{"uv":[3,0,0,16],"texture":"#1"},"up":{"uv":[6,5,8,6],"texture":"#1"},"down":{"uv":[0,1,3,4],"texture":"#1"}}},{"from":[0,0,10],"to":[3,16,12],"faces":{"north":{"uv":[5,0,6,16],"texture":"#1"},"east":{"uv":[4,0,6,16],"texture":"#1"},"south":{"uv":[4,0,5,16],"texture":"#1"},"west":{"uv":[6,0,4,16],"texture":"#1"},"up":{"uv":[6,5,8,6],"texture":"#1"},"down":{"uv":[0,1,3,3],"texture":"#1"}}},{"from":[0,0,7],"to":[3,16,9],"faces":{"north":{"uv":[8,0,9,16],"texture":"#1"},"east":{"uv":[7,0,9,16],"texture":"#1"},"south":{"uv":[4,0,5,16],"texture":"#1"},"west":{"uv":[9,0,7,16],"texture":"#1"},"up":{"uv":[6,5,8,6],"texture":"#1"},"down":{"uv":[0,1,3,3],"texture":"#1"}}},{"from":[0,0,4],"to":[3,16,6],"faces":{"north":{"uv":[5,0,6,16],"texture":"#1"},"east":{"uv":[4,0,6,16],"texture":"#1"},"south":{"uv":[7,0,8,16],"texture":"#1"},"west":{"uv":[6,0,4,16],"texture":"#1"},"up":{"uv":[6,5,8,6],"texture":"#1"},"down":{"uv":[0,1,3,3],"texture":"#1"}}},{"from":[0.5,0,6],"to":[2.5,16,7],"faces":{"east":{"uv":[9,0,10,16],"texture":"#1"},"west":{"uv":[10,0,9,16],"texture":"#1"},"up":{"uv":[6,5,8,6],"texture":"#1"},"down":{"uv":[0,1,2,2],"texture":"#1"}}},{"from":[0.5,0,9],"to":[2.5,16,10],"faces":{"east":{"uv":[6,0,7,16],"texture":"#1"},"west":{"uv":[7,0,6,16],"texture":"#1"},"up":{"uv":[6,5,8,6],"texture":"#1"},"down":{"uv":[0,1,2,2],"texture":"#1"}}},{"from":[0.5,0,12],"to":[2.5,16,13],"faces":{"east":{"uv":[3,0,4,16],"texture":"#1"},"west":{"uv":[4,0,3,16],"texture":"#1"},"up":{"uv":[6,5,8,6],"texture":"#1"},"down":{"uv":[0,1,2,2],"texture":"#1"}}},{"from":[0.5,0,3],"to":[2.5,16,4],"faces":{"east":{"uv":[3,0,4,16],"texture":"#1"},"west":{"uv":[4,0,3,16],"texture":"#1"},"up":{"uv":[6,5,8,6],"texture":"#1"},"down":{"uv":[0,1,2,2],"texture":"#1"}}},{"from":[0,0,0],"to":[3,16,3],"faces":{"north":{"uv":[3,0,6,16],"texture":"#1"},"east":{"uv":[13,0,16,16],"texture":"#1"},"south":{"uv":[7,0,8,16],"texture":"#1"},"west":{"uv":[16,0,13,16],"texture":"#1"},"up":{"uv":[6,5,8,6],"texture":"#1"},"down":{"uv":[0,1,3,4],"texture":"#1"}}},{"from":[3,13,2],"to":[3.5,15,3],"faces":{"north":{"uv":[13,1,14,3],"texture":"#1"},"east":{"uv":[13,1,14,3],"texture":"#1"},"south":{"uv":[13,1,14,3],"texture":"#1"},"up":{"uv":[13,1,14,2],"texture":"#1"},"down":{"uv":[13,2,14,3],"texture":"#1"}}},{"from":[-0.5,13,2],"to":[0,15,3],"faces":{"north":{"uv":[13,1,14,3],"texture":"#1"},"south":{"uv":[13,1,14,3],"texture":"#1"},"west":{"uv":[13,1,14,3],"texture":"#1"},"up":{"uv":[13,1,14,2],"texture":"#1"},"down":{"uv":[13,2,14,3],"texture":"#1"}}},{"from":[3,15,3],"to":[3.5,16,5],"faces":{"north":{"uv":[12,0,13,1],"rotation":270,"texture":"#1"},"east":{"uv":[11,0,13,1],"texture":"#1"},"south":{"uv":[11,0,12,1],"rotation":270,"texture":"#1"},"west":{"uv":[11,0,13,1],"rotation":270,"texture":"#1"},"up":{"uv":[11,0,13,1],"rotation":270,"texture":"#1"},"down":{"uv":[11,0,13,1],"rotation":90,"texture":"#1"}}},{"from":[-0.5,15,3],"to":[0,16,5],"faces":{"north":{"uv":[12,0,13,1],"rotation":270,"texture":"#1"},"east":{"uv":[11,0,13,1],"texture":"#1"},"south":{"uv":[11,0,12,1],"rotation":270,"texture":"#1"},"west":{"uv":[11,0,13,1],"rotation":180,"texture":"#1"},"up":{"uv":[11,0,13,1],"rotation":270,"texture":"#1"},"down":{"uv":[11,0,13,1],"rotation":90,"texture":"#1"}}},{"from":[3,13,5],"to":[3.5,15,6],"faces":{"north":{"uv":[10,1,11,3],"texture":"#1"},"east":{"uv":[10,1,11,3],"texture":"#1"},"south":{"uv":[10,1,11,3],"texture":"#1"},"up":{"uv":[10,1,11,2],"texture":"#1"},"down":{"uv":[10,2,11,3],"texture":"#1"}}},{"from":[-0.5,13,5],"to":[0,15,6],"faces":{"north":{"uv":[10,1,11,3],"texture":"#1"},"south":{"uv":[10,1,11,3],"texture":"#1"},"west":{"uv":[10,1,11,3],"texture":"#1"},"up":{"uv":[10,1,11,2],"texture":"#1"},"down":{"uv":[10,2,11,3],"texture":"#1"}}},{"from":[3,12,3],"to":[3.5,13,5],"faces":{"north":{"uv":[11,3,12,4],"rotation":180,"texture":"#1"},"east":{"uv":[11,3,13,4],"rotation":180,"texture":"#1"},"south":{"uv":[12,3,13,4],"rotation":180,"texture":"#1"},"west":{"uv":[11,3,13,4],"rotation":180,"texture":"#1"},"up":{"uv":[11,3,13,4],"rotation":90,"texture":"#1"},"down":{"uv":[11,3,13,4],"rotation":270,"texture":"#1"}}},{"from":[-0.5,12,3],"to":[0,13,5],"faces":{"north":{"uv":[12,3,13,4],"rotation":180,"texture":"#1"},"east":{"uv":[11,3,13,4],"rotation":180,"texture":"#1"},"south":{"uv":[11,3,12,4],"rotation":180,"texture":"#1"},"west":{"uv":[11,3,13,4],"rotation":180,"texture":"#1"},"up":{"uv":[11,3,13,4],"rotation":270,"texture":"#1"},"down":{"uv":[11,3,13,4],"rotation":90,"texture":"#1"}}}]}