{"credit":"ObeeNow","ambientocclusion":false,"textures":{"0":"block/spruce_trapdoor","particle":"block/spruce_trapdoor"},"elements":[{"from":[13,13,0],"to":[16,16,16],"faces":{"north":{"uv":[13,0,16,3],"rotation":180,"texture":"#0"},"east":{"uv":[0,0,16,3],"rotation":180,"texture":"#0"},"south":{"uv":[0,0,3,3],"rotation":180,"texture":"#0"},"west":{"uv":[2,0,3,16],"rotation":270,"texture":"#0"},"up":{"uv":[0,0,3,16],"rotation":180,"texture":"#0"},"down":{"uv":[0,0,3,16],"rotation":180,"texture":"#0"}}},{"from":[0,13,0],"to":[3,16,16],"faces":{"north":{"uv":[0,0,3,3],"rotation":180,"texture":"#0"},"east":{"uv":[13,0,14,16],"rotation":90,"texture":"#0"},"south":{"uv":[13,0,16,3],"rotation":180,"texture":"#0"},"west":{"uv":[0,0,16,3],"rotation":180,"texture":"#0"},"up":{"uv":[13,0,16,16],"rotation":180,"texture":"#0"},"down":{"uv":[13,0,16,16],"rotation":180,"texture":"#0"}}},{"from":[4,13,0],"to":[6,16,16],"faces":{"north":{"uv":[4,0,6,3],"rotation":180,"texture":"#0"},"east":{"uv":[10,0,11,16],"rotation":90,"texture":"#0"},"south":{"uv":[10,0,12,3],"rotation":180,"texture":"#0"},"west":{"uv":[11,0,12,16],"rotation":270,"texture":"#0"},"up":{"uv":[10,0,12,16],"rotation":180,"texture":"#0"},"down":{"uv":[10,0,12,16],"rotation":180,"texture":"#0"}}},{"from":[3,13.5,0],"to":[4,15.5,16],"faces":{"north":{"uv":[0,0,1,2],"rotation":180,"texture":"#0"},"south":{"uv":[12,0,13,2],"rotation":180,"texture":"#0"},"up":{"uv":[12,0,13,16],"rotation":180,"texture":"#0"},"down":{"uv":[12,0,13,16],"rotation":180,"texture":"#0"}}},{"from":[6,13.5,0],"to":[7,15.5,16],"faces":{"north":{"uv":[0,0,1,2],"rotation":180,"texture":"#0"},"south":{"uv":[9,0,10,2],"rotation":180,"texture":"#0"},"up":{"uv":[9,0,10,16],"rotation":180,"texture":"#0"},"down":{"uv":[9,0,10,16],"rotation":180,"texture":"#0"}}},{"from":[9,13.5,0],"to":[10,15.5,16],"faces":{"north":{"uv":[0,0,1,2],"rotation":180,"texture":"#0"},"south":{"uv":[6,0,7,2],"rotation":180,"texture":"#0"},"up":{"uv":[6,0,7,16],"rotation":180,"texture":"#0"},"down":{"uv":[6,0,7,16],"rotation":180,"texture":"#0"}}},{"from":[12,13.5,0],"to":[13,15.5,16],"faces":{"north":{"uv":[0,0,1,2],"rotation":180,"texture":"#0"},"south":{"uv":[3,0,4,2],"rotation":180,"texture":"#0"},"up":{"uv":[3,0,4,16],"rotation":180,"texture":"#0"},"down":{"uv":[3,0,4,16],"rotation":180,"texture":"#0"}}},{"from":[7,13,0],"to":[9,16,16],"faces":{"north":{"uv":[7,0,9,3],"rotation":180,"texture":"#0"},"east":{"uv":[7,0,8,16],"rotation":90,"texture":"#0"},"south":{"uv":[7,0,9,3],"rotation":180,"texture":"#0"},"west":{"uv":[8,0,9,16],"rotation":270,"texture":"#0"},"up":{"uv":[7,0,9,16],"rotation":180,"texture":"#0"},"down":{"uv":[7,0,9,16],"rotation":180,"texture":"#0"}}},{"from":[10,13,0],"to":[12,16,16],"faces":{"north":{"uv":[10,0,12,3],"rotation":180,"texture":"#0"},"east":{"uv":[4,0,5,16],"rotation":90,"texture":"#0"},"south":{"uv":[4,0,6,3],"rotation":180,"texture":"#0"},"west":{"uv":[5,0,6,16],"rotation":270,"texture":"#0"},"up":{"uv":[4,0,6,16],"rotation":180,"texture":"#0"},"down":{"uv":[4,0,6,16],"rotation":180,"texture":"#0"}}}],"display":{"thirdperson_righthand":{"rotation":[75,45,0],"translation":[0,2.5,2.5],"scale":[0.375,0.375,0.375]},"thirdperson_lefthand":{"rotation":[75,45,0],"translation":[0,2.5,0],"scale":[0.375,0.375,0.375]},"firstperson_righthand":{"rotation":[0,45,0],"translation":[0,3.5,0],"scale":[0.4,0.4,0.4]},"firstperson_lefthand":{"rotation":[0,225,0],"translation":[0,3.5,0],"scale":[0.4,0.4,0.4]},"ground":{"translation":[0,3,0],"scale":[0.25,0.25,0.25]},"gui":{"rotation":[30,225,0],"scale":[0.625,0.625,0.625]},"fixed":{"scale":[0.5,0.5,0.5]}}}