{"credit":"ObeeNow","parent":"block/block","textures":{"4":"block/stonecutter_saw_bottom","bottom":"block/stonecutter_bottom","particle":"block/stonecutter_top","top":"block/stonecutter_top","side":"block/stonecutter_side","saw":"block/stonecutter_saw"},"elements":[{"from":[1,9,7.85],"to":[15,12,8.1],"rotation":{"angle":0,"axis":"y","origin":[8,5,8]},"faces":{"north":{"uv":[1,13,15,16],"texture":"#saw"},"east":{"uv":[1,13,2,16],"texture":"#saw"},"south":{"uv":[1,13,15,16],"texture":"#saw"},"west":{"uv":[14,13,15,16],"texture":"#saw"},"up":{"uv":[1,15,15,16],"texture":"#saw"}}},{"from":[3,8,7.85],"to":[13,9,8.1],"rotation":{"angle":0,"axis":"y","origin":[8,5,8]},"faces":{"north":{"uv":[3,0,13,1],"texture":"#4"},"south":{"uv":[3,0,13,1],"texture":"#4"}}},{"from":[2,12,7.85],"to":[14,14,8.1],"rotation":{"angle":0,"axis":"y","origin":[8,5,8]},"faces":{"north":{"uv":[2,11,14,13],"texture":"#saw"},"east":{"uv":[2,11,3,13],"texture":"#saw"},"south":{"uv":[2,11,14,13],"texture":"#saw"},"west":{"uv":[13,11,14,13],"texture":"#saw"},"up":{"uv":[2,11,14,12],"texture":"#saw"}}},{"from":[3,14,7.85],"to":[13,15,8.1],"faces":{"north":{"uv":[3,10,13,11],"texture":"#saw"},"east":{"uv":[3,10,4,11],"texture":"#saw"},"south":{"uv":[3,10,13,11],"texture":"#saw"},"west":{"uv":[12,10,13,11],"texture":"#saw"},"up":{"uv":[3,10,13,11],"texture":"#saw"}}},{"from":[5,15,7.85],"to":[11,16,8.1],"faces":{"north":{"uv":[5,9,11,10],"texture":"#saw"},"east":{"uv":[5,9,6,10],"texture":"#saw"},"south":{"uv":[5,9,11,10],"texture":"#saw"},"west":{"uv":[10,9,11,10],"texture":"#saw"},"up":{"uv":[5,9,11,10],"texture":"#saw","cullface":"up"}}},{"from":[0.5,0,3],"to":[3,9,13],"faces":{"east":{"uv":[5,7,6,8],"texture":"#side"},"west":{"uv":[3,7,13,16],"texture":"#side"},"up":{"uv":[0,3,3,13],"texture":"#top"}}},{"from":[13,0,3],"to":[15.5,9,13],"faces":{"east":{"uv":[3,7,13,16],"texture":"#side"},"west":{"uv":[3,7,4,8],"texture":"#top"},"up":{"uv":[13,3,16,13],"texture":"#top"}}},{"from":[3,0,0.5],"to":[13,9,7],"rotation":{"angle":0,"axis":"y","origin":[8,20,7]},"faces":{"north":{"uv":[3,7,13,16],"texture":"#side"},"south":{"uv":[3,7,4,8],"texture":"#top"},"up":{"uv":[3,0,13,7],"texture":"#top"}}},{"from":[3,0,9],"to":[13,9,15.5],"faces":{"north":{"uv":[3,7,4,8],"texture":"#top"},"south":{"uv":[3,7,13,16],"texture":"#side"},"up":{"uv":[3,9,13,16],"texture":"#top"}}},{"from":[3,7,7],"to":[13,8,9],"faces":{"up":{"uv":[3,7,13,9],"texture":"#top"}}},{"from":[13,0,13],"to":[16,9.75,16],"rotation":{"angle":0,"axis":"y","origin":[8,8,11]},"faces":{"north":{"uv":[0,7,3,16],"texture":"#side"},"east":{"uv":[0,7,3,16],"texture":"#side","cullface":"east"},"south":{"uv":[13,7,16,16],"texture":"#side","cullface":"south"},"west":{"uv":[13,7,16,16],"texture":"#side"},"up":{"uv":[13,13,16,16],"texture":"#top"},"down":{"uv":[13,0,16,3],"texture":"#top","cullface":"down"}}},{"from":[0,0,13],"to":[3,9.75,16],"rotation":{"angle":0,"axis":"y","origin":[-5,8,11]},"faces":{"north":{"uv":[0,7,3,16],"texture":"#side"},"east":{"uv":[0,7,3,16],"texture":"#side"},"south":{"uv":[13,7,16,16],"texture":"#side","cullface":"south"},"west":{"uv":[13,7,16,16],"texture":"#side","cullface":"west"},"up":{"uv":[0,13,3,16],"texture":"#top"},"down":{"uv":[0,0,3,3],"texture":"#top","cullface":"down"}}},{"from":[0,0,0],"to":[3,9.75,3],"rotation":{"angle":0,"axis":"y","origin":[-5,8,-2]},"faces":{"north":{"uv":[0,7,3,16],"texture":"#side","cullface":"north"},"east":{"uv":[0,7,3,16],"texture":"#side"},"south":{"uv":[13,7,16,16],"texture":"#side"},"west":{"uv":[13,7,16,16],"texture":"#side","cullface":"west"},"up":{"uv":[0,0,3,3],"texture":"#top"},"down":{"uv":[0,13,3,16],"texture":"#top","cullface":"down"}}},{"from":[13,0,0],"to":[16,9.75,3],"rotation":{"angle":0,"axis":"y","origin":[8,8,-2]},"faces":{"north":{"uv":[0,7,3,16],"texture":"#side","cullface":"north"},"east":{"uv":[0,7,3,16],"texture":"#side","cullface":"east"},"south":{"uv":[13,7,16,16],"texture":"#side"},"west":{"uv":[13,7,16,16],"texture":"#side"},"up":{"uv":[13,0,16,3],"texture":"#top"},"down":{"uv":[13,13,16,16],"texture":"#top","cullface":"down"}}},{"from":[0.25,5,0.25],"to":[15.75,7,15.75],"rotation":{"angle":0,"axis":"y","origin":[8,13,11]},"faces":{"north":{"uv":[0.25,9,15.75,11],"texture":"#side"},"east":{"uv":[0.25,9,15.75,11],"texture":"#side"},"south":{"uv":[0.25,9,15.75,11],"texture":"#side"},"west":{"uv":[0.25,9,15.75,11],"texture":"#side"},"up":{"uv":[0.25,9,15.75,11],"texture":"#side"},"down":{"uv":[0,9,15.5,11],"texture":"#side"}}},{"from":[3,0,0],"to":[13,0.25,16],"faces":{"north":{"uv":[0,0,10,0.25],"texture":"#bottom","cullface":"north"},"south":{"uv":[0,0,10,0.25],"texture":"#bottom","cullface":"south"},"up":{"uv":[0,0,10,16],"texture":"#bottom"},"down":{"uv":[3,0,13,16],"texture":"#bottom","cullface":"down"}}},{"from":[0,0,3],"to":[16,0.25,13],"faces":{"east":{"uv":[0,0,10,0.25],"texture":"#bottom","cullface":"east"},"west":{"uv":[0,0,10,0.25],"texture":"#bottom","cullface":"west"},"up":{"uv":[0,0,16,10],"texture":"#bottom"},"down":{"uv":[0,3,16,13],"texture":"#bottom","cullface":"down"}}}],"display":{"thirdperson_righthand":{"rotation":[75,45,0],"translation":[0,2.5,0],"scale":[0.375,0.375,0.375]},"thirdperson_lefthand":{"rotation":[75,45,0],"translation":[0,2.5,0],"scale":[0.375,0.375,0.375]},"firstperson_righthand":{"rotation":[0,45,0],"scale":[0.4,0.4,0.4]},"firstperson_lefthand":{"rotation":[0,225,0],"scale":[0.4,0.4,0.4]},"ground":{"translation":[0,3,0],"scale":[0.25,0.25,0.25]},"gui":{"rotation":[30,225,0],"scale":[0.625,0.625,0.625]},"fixed":{"scale":[0.5,0.5,0.5]}}}