{"credit":"ObeeNow","ambientocclusion":false,"textures":{"1":"block/cane","particle":"block/sugar_cane","reeds":"block/sugar_cane"},"elements":[{"from":[1,-2,9],"to":[3,14,11],"rotation":{"angle":0,"axis":"x","origin":[8,6,3]},"faces":{"north":{"uv":[1,0,3,16],"rotation":180,"texture":"#reeds"},"east":{"uv":[2,0,3,16],"rotation":180,"texture":"#reeds"},"south":{"uv":[1,0,3,16],"texture":"#reeds"},"west":{"uv":[13,16,15,0],"rotation":180,"texture":"#reeds"},"up":{"uv":[0,0,2,2],"texture":"#1"}}},{"from":[7,-1,13],"to":[9,15,15],"rotation":{"angle":0,"axis":"x","origin":[10,7,7]},"faces":{"north":{"uv":[5,0,7,16],"rotation":180,"texture":"#reeds"},"east":{"uv":[5,0,7,16],"rotation":180,"texture":"#reeds"},"south":{"uv":[5,0,7,16],"texture":"#reeds"},"west":{"uv":[5,0,7,16],"rotation":180,"texture":"#reeds"},"up":{"uv":[2,0,4,2],"texture":"#1"}}},{"from":[7,-3,6],"to":[9,13,8],"rotation":{"angle":0,"axis":"x","origin":[6,5,0]},"faces":{"north":{"uv":[9,0,11,16],"rotation":180,"texture":"#reeds"},"east":{"uv":[9,0,11,16],"rotation":180,"texture":"#reeds"},"south":{"uv":[9,16,11,0],"texture":"#reeds"},"west":{"uv":[9,0,11,16],"rotation":180,"texture":"#reeds"},"up":{"uv":[2,2,4,4],"texture":"#1"}}},{"from":[13,0,9],"to":[15,16,11],"rotation":{"angle":0,"axis":"x","origin":[8,8,3]},"faces":{"north":{"uv":[13,0,15,16],"rotation":180,"texture":"#reeds"},"east":{"uv":[13,0,15,16],"rotation":180,"texture":"#reeds"},"south":{"uv":[13,0,15,16],"texture":"#reeds"},"west":{"uv":[13,0,15,16],"rotation":180,"texture":"#reeds"},"up":{"uv":[4,0,6,2],"texture":"#1"}}},{"from":[0,1,9],"to":[1,3,10],"rotation":{"angle":0,"axis":"x","origin":[5,7,2]},"faces":{"north":{"uv":[3,2,4,4],"rotation":180,"texture":"#reeds"},"south":{"uv":[3,4,4,2],"texture":"#reeds"},"west":{"uv":[3,2,4,4],"rotation":180,"texture":"#reeds"},"up":{"uv":[3,3,4,4],"texture":"#reeds"},"down":{"uv":[4,2,3,3],"rotation":180,"texture":"#reeds"}}},{"from":[9,1,7],"to":[10,2,8],"rotation":{"angle":0,"axis":"x","origin":[6,7,0]},"faces":{"north":{"uv":[11,2,12,3],"rotation":180,"texture":"#reeds"},"east":{"uv":[11,2,12,3],"rotation":180,"texture":"#reeds"},"south":{"uv":[11,3,12,2],"texture":"#reeds"},"up":{"uv":[11,2,12,3],"texture":"#reeds"},"down":{"uv":[12,2,11,3],"rotation":180,"texture":"#reeds"}}},{"from":[8,2,12],"to":[9,4,13],"rotation":{"angle":0,"axis":"x","origin":[9,7,5]},"faces":{"north":{"uv":[7,3,8,5],"rotation":180,"texture":"#reeds"},"east":{"uv":[7,3,8,5],"rotation":180,"texture":"#reeds"},"west":{"uv":[7,3,8,5],"rotation":180,"texture":"#reeds"},"up":{"uv":[7,4,8,5],"texture":"#reeds"},"down":{"uv":[8,3,7,4],"rotation":180,"texture":"#reeds"}}},{"from":[15,6,9],"to":[16,8,10],"rotation":{"angle":0,"axis":"x","origin":[8,8,3]},"faces":{"north":{"uv":[15,6,16,8],"rotation":180,"texture":"#reeds"},"east":{"uv":[15,6,16,8],"rotation":180,"texture":"#reeds"},"south":{"uv":[15,8,16,6],"texture":"#reeds"},"up":{"uv":[15,7,16,8],"texture":"#reeds"},"down":{"uv":[16,6,15,7],"rotation":180,"texture":"#reeds"}}},{"from":[2,6,11],"to":[3,8,12],"rotation":{"angle":0,"axis":"x","origin":[10,6,4]},"faces":{"east":{"uv":[0,8,1,10],"rotation":180,"texture":"#reeds"},"south":{"uv":[0,10,1,8],"texture":"#reeds"},"west":{"uv":[0,8,1,10],"rotation":180,"texture":"#reeds"},"up":{"uv":[0,9,1,10],"texture":"#reeds"},"down":{"uv":[1,8,0,9],"rotation":180,"texture":"#reeds"}}},{"from":[6,9,13],"to":[7,10,14],"rotation":{"angle":0,"axis":"x","origin":[10,7,7]},"faces":{"north":{"uv":[4,10,5,11],"rotation":180,"texture":"#reeds"},"south":{"uv":[4,11,5,10],"texture":"#reeds"},"west":{"uv":[4,10,5,11],"rotation":180,"texture":"#reeds"},"up":{"uv":[4,10,5,11],"texture":"#reeds"},"down":{"uv":[5,10,4,11],"rotation":180,"texture":"#reeds"}}},{"from":[6,7,6],"to":[7,9,7],"rotation":{"angle":0,"axis":"x","origin":[6,5,0]},"faces":{"north":{"uv":[8,10,9,12],"rotation":180,"texture":"#reeds"},"south":{"uv":[8,12,9,10],"texture":"#reeds"},"west":{"uv":[8,10,9,12],"rotation":180,"texture":"#reeds"},"up":{"uv":[8,11,9,12],"texture":"#reeds"},"down":{"uv":[9,10,8,11],"rotation":180,"texture":"#reeds"}}},{"from":[10,9,3],"to":[11,11,4],"rotation":{"angle":0,"axis":"x","origin":[10,7,-4]},"faces":{"north":{"uv":[8,10,9,12],"rotation":180,"texture":"#reeds"},"south":{"uv":[8,12,9,10],"texture":"#reeds"},"west":{"uv":[8,10,9,12],"rotation":180,"texture":"#reeds"},"up":{"uv":[8,11,9,12],"texture":"#reeds"},"down":{"uv":[9,10,8,11],"rotation":180,"texture":"#reeds"}}},{"from":[3,0,1],"to":[5,16,3],"rotation":{"angle":0,"axis":"x","origin":[6,8,-5]},"faces":{"north":{"uv":[5,0,7,16],"rotation":180,"texture":"#reeds"},"east":{"uv":[6,0,7,16],"rotation":180,"texture":"#reeds"},"south":{"uv":[5,0,7,16],"texture":"#reeds"},"west":{"uv":[5,0,7,16],"rotation":180,"texture":"#reeds"},"up":{"uv":[4,2,6,4],"texture":"#1"}}},{"from":[11,-1,2],"to":[13,15,4],"rotation":{"angle":0,"axis":"x","origin":[10,7,-4]},"faces":{"north":{"uv":[9,0,11,16],"rotation":180,"texture":"#reeds"},"east":{"uv":[9,0,11,16],"rotation":180,"texture":"#reeds"},"south":{"uv":[9,0,11,16],"texture":"#reeds"},"west":{"uv":[9,0,11,16],"rotation":180,"texture":"#reeds"},"up":{"uv":[0,2,2,4],"texture":"#1"}}},{"from":[12,1,4],"to":[13,2,5],"rotation":{"angle":0,"axis":"x","origin":[9,7,-3]},"faces":{"east":{"uv":[11,2,12,3],"rotation":180,"texture":"#reeds"},"south":{"uv":[11,3,12,2],"texture":"#reeds"},"west":{"uv":[11,2,12,3],"rotation":180,"texture":"#reeds"},"up":{"uv":[11,2,12,3],"texture":"#reeds"},"down":{"uv":[12,2,11,3],"rotation":180,"texture":"#reeds"}}},{"from":[5,3,2],"to":[6,5,3],"rotation":{"angle":0,"axis":"x","origin":[6,8,-4]},"faces":{"north":{"uv":[7,3,8,5],"rotation":180,"texture":"#reeds"},"east":{"uv":[7,3,8,5],"rotation":180,"texture":"#reeds"},"south":{"uv":[7,5,8,3],"texture":"#reeds"},"up":{"uv":[7,4,8,5],"texture":"#reeds"},"down":{"uv":[8,3,7,4],"rotation":180,"texture":"#reeds"}}},{"from":[3,10,0],"to":[4,11,1],"rotation":{"angle":0,"axis":"x","origin":[7,8,-7]},"faces":{"north":{"uv":[4,10,5,11],"rotation":180,"texture":"#reeds"},"east":{"uv":[4,10,5,11],"rotation":180,"texture":"#reeds"},"west":{"uv":[4,10,5,11],"rotation":180,"texture":"#reeds"},"up":{"uv":[4,10,5,11],"texture":"#reeds"},"down":{"uv":[5,10,4,11],"rotation":180,"texture":"#reeds"}}},{"from":[12,13,9],"to":[13,14,10],"rotation":{"angle":0,"axis":"x","origin":[8,8,3]},"faces":{"north":{"uv":[12,13,13,14],"rotation":180,"texture":"#reeds"},"south":{"uv":[12,14,13,13],"texture":"#reeds"},"west":{"uv":[12,13,13,14],"rotation":180,"texture":"#reeds"},"up":{"uv":[12,13,13,14],"texture":"#reeds"},"down":{"uv":[13,13,12,14],"rotation":180,"texture":"#reeds"}}}],"display":{}}