{"credit":"ObeeNow","parent":"block/block","textures":{"1":"block/chain","particle":"block/lantern","lantern":"block/lantern"},"elements":[{"from":[5,1,5],"to":[11,8,11],"faces":{"north":{"uv":[0,2,6,9],"texture":"#lantern"},"east":{"uv":[0,2,6,9],"texture":"#lantern"},"south":{"uv":[0,2,6,9],"texture":"#lantern"},"west":{"uv":[0,2,6,9],"texture":"#lantern"},"up":{"uv":[0,9,6,15],"texture":"#lantern"},"down":{"uv":[0,9,6,15],"texture":"#lantern"}}},{"from":[6,8,6],"to":[10,10,10],"faces":{"north":{"uv":[1,0,5,2],"texture":"#lantern"},"east":{"uv":[1,0,5,2],"texture":"#lantern"},"south":{"uv":[1,0,5,2],"texture":"#lantern"},"west":{"uv":[1,0,5,2],"texture":"#lantern"},"up":{"uv":[1,10,5,14],"texture":"#lantern"},"down":{"uv":[1,10,5,14],"texture":"#lantern"}}},{"from":[4.9,14,12.2],"to":[5.9,16,13.2],"rotation":{"angle":-45,"axis":"y","origin":[12.9,8,12.2]},"faces":{"north":{"uv":[3,2,4,0],"rotation":180,"texture":"#1"},"east":{"uv":[3,0,4,2],"texture":"#1"},"south":{"uv":[3,0,4,2],"texture":"#1"},"west":{"uv":[3,0,4,2],"texture":"#1"},"up":{"uv":[4,0,3,1],"rotation":180,"texture":"#1"},"down":{"uv":[3,1,4,2],"texture":"#1"}}},{"from":[6.9,14,12.2],"to":[7.9,16,13.2],"rotation":{"angle":-45,"axis":"y","origin":[12.9,8,12.2]},"faces":{"north":{"uv":[5,2,6,0],"rotation":180,"texture":"#1"},"east":{"uv":[5,0,6,2],"texture":"#1"},"south":{"uv":[5,0,6,2],"texture":"#1"},"west":{"uv":[5,0,6,2],"texture":"#1"},"up":{"uv":[6,0,5,1],"rotation":180,"texture":"#1"},"down":{"uv":[5,1,6,2],"texture":"#1"}}},{"from":[4.9,12,12.2],"to":[7.9,13,13.2],"rotation":{"angle":-45,"axis":"y","origin":[12.9,8,12.2]},"faces":{"north":{"uv":[3,4,6,3],"rotation":180,"texture":"#1"},"east":{"uv":[5,3,6,4],"texture":"#1"},"south":{"uv":[3,3,6,4],"texture":"#1"},"west":{"uv":[3,3,4,4],"texture":"#1"},"up":{"uv":[6,3,3,4],"rotation":180,"texture":"#1"},"down":{"uv":[3,3,6,4],"texture":"#1"}}},{"from":[4.9,10,12.2],"to":[5.9,12,13.2],"rotation":{"angle":-45,"axis":"y","origin":[12.9,8,12.2]},"faces":{"north":{"uv":[3,6,4,4],"rotation":180,"texture":"#1"},"east":{"uv":[3,4,4,6],"texture":"#1"},"south":{"uv":[3,4,4,6],"texture":"#1"},"west":{"uv":[3,4,4,6],"texture":"#1"},"up":{"uv":[4,4,3,5],"rotation":180,"texture":"#1"},"down":{"uv":[3,6,4,7],"texture":"#1"}}},{"from":[6.9,10,12.2],"to":[7.9,12,13.2],"rotation":{"angle":-45,"axis":"y","origin":[12.9,8,12.2]},"faces":{"north":{"uv":[5,6,6,4],"rotation":180,"texture":"#1"},"east":{"uv":[5,4,6,6],"texture":"#1"},"south":{"uv":[5,4,6,6],"texture":"#1"},"west":{"uv":[5,4,6,6],"texture":"#1"},"up":{"uv":[6,4,5,5],"rotation":180,"texture":"#1"},"down":{"uv":[5,5,6,6],"texture":"#1"}}},{"from":[7.5,12,7.3],"to":[8.5,14,8.3],"rotation":{"angle":-45,"axis":"y","origin":[9,8,8.3]},"faces":{"north":{"uv":[2,2,3,4],"texture":"#1"},"east":{"uv":[2,2,3,4],"texture":"#1"},"south":{"uv":[2,2,3,4],"texture":"#1"},"west":{"uv":[2,4,3,2],"rotation":180,"texture":"#1"},"up":{"uv":[3,2,2,3],"rotation":90,"texture":"#1"},"down":{"uv":[2,3,3,4],"rotation":90,"texture":"#1"}}},{"from":[7.5,12,9.3],"to":[8.5,14,10.3],"rotation":{"angle":-45,"axis":"y","origin":[9,8,8.3]},"faces":{"north":{"uv":[0,2,1,4],"texture":"#1"},"east":{"uv":[0,2,1,4],"texture":"#1"},"south":{"uv":[0,2,1,4],"texture":"#1"},"west":{"uv":[0,4,1,2],"rotation":180,"texture":"#1"},"up":{"uv":[1,2,0,3],"rotation":90,"texture":"#1"},"down":{"uv":[0,3,1,4],"rotation":90,"texture":"#1"}}},{"from":[7.5,14,7.3],"to":[8.5,15,10.3],"rotation":{"angle":-45,"axis":"y","origin":[9,8,8.3]},"faces":{"north":{"uv":[2,1,3,2],"texture":"#1"},"east":{"uv":[0,1,3,2],"texture":"#1"},"south":{"uv":[0,1,1,2],"texture":"#1"},"west":{"uv":[0,2,3,1],"rotation":180,"texture":"#1"},"up":{"uv":[3,1,0,2],"rotation":90,"texture":"#1"},"down":{"uv":[0,1,3,2],"rotation":90,"texture":"#1"}}}],"groups":[0,1,{"name":"chain","origin":[8,8,8],"children":[{"name":"chain","origin":[8,8,8],"children":[2,3,4,5,6]},{"name":"chain2","origin":[8,8,8],"children":[7,8,9]}]}]}