{
	"credit": "Made with Blockbench",
	"parent": "block/block",
	"textures": {
		"particle": "#post"
	},
	"elements": [
		{
			"name": "Left-hand post",
			"from": [0, 3, 7],
			"to": [2, 14, 9],
			"rotation": {"angle": 0, "axis": "y", "origin": [1, 0, 8]},
			"faces": {
				"north": {"uv": [0, 0, 2, 11], "texture": "#post"},
				"east": {"uv": [7, 0, 9, 11], "texture": "#post"},
				"south": {"uv": [0, 0, 2, 11], "texture": "#post"},
				"west": {"uv": [7, 0, 9, 11], "texture": "#post", "cullface": "west"},
				"up": {"uv": [0, 7, 2, 9], "texture": "#post"},
				"down": {"uv": [0, 7, 2, 9], "texture": "#post"}
			}
		},
		{
			"name": "Right-hand post",
			"from": [14, 3, 7],
			"to": [16, 14, 9],
			"rotation": {"angle": 0, "axis": "y", "origin": [15, 0, 8]},
			"faces": {
				"north": {"uv": [14, 0, 16, 11], "texture": "#post"},
				"east": {"uv": [7, 0, 9, 11], "texture": "#post", "cullface": "east"},
				"south": {"uv": [14, 0, 16, 11], "texture": "#post"},
				"west": {"uv": [7, 0, 9, 11], "texture": "#post"},
				"up": {"uv": [14, 7, 16, 9], "texture": "#post"},
				"down": {"uv": [14, 7, 16, 9], "texture": "#post"}
			}
		},
		{
			"name": "Inner vertical post of left-hand gate door",
			"from": [0, 4, 13],
			"to": [2, 13, 15],
			"rotation": {"angle": 0, "axis": "y", "origin": [1, 0, 8]},
			"faces": {
				"north": {"uv": [7, 1, 9, 10], "texture": "#post"},
				"east": {"uv": [6, 1, 8, 10], "texture": "#post"},
				"south": {"uv": [7, 1, 9, 10], "texture": "#post"},
				"west": {"uv": [6, 1, 8, 10], "texture": "#post"},
				"up": {"uv": [6, 7, 8, 9], "rotation": 90, "texture": "#post"},
				"down": {"uv": [6, 7, 8, 9], "rotation": 270, "texture": "#post"}
			}
		},
		{
			"name": "Inner vertical post of right-hand gate door",
			"from": [14, 4, 13],
			"to": [16, 13, 15],
			"rotation": {"angle": 0, "axis": "y", "origin": [15, 0, 8]},
			"faces": {
				"north": {"uv": [7, 1, 9, 10], "texture": "#post"},
				"east": {"uv": [8, 1, 10, 10], "texture": "#post"},
				"south": {"uv": [7, 1, 9, 10], "texture": "#post"},
				"west": {"uv": [8, 1, 10, 10], "texture": "#post"},
				"up": {"uv": [8, 7, 10, 9], "rotation": 270, "texture": "#post"},
				"down": {"uv": [8, 7, 10, 9], "rotation": 90, "texture": "#post"}
			}
		},
		{
			"name": "Lower horizontal bar of left-hand gate door",
			"from": [0, 4, 9],
			"to": [2, 7, 13],
			"rotation": {"angle": 0, "axis": "y", "origin": [1, 0, 8]},
			"faces": {
				"north": {"uv": [0, 0, 0, 0], "texture": "#post"},
				"east": {"uv": [11, 8, 15, 11], "texture": "#plank"},
				"south": {"uv": [0, 0, 0, 0], "texture": "#post"},
				"west": {"uv": [4, 8, 8, 11], "texture": "#plank"},
				"up": {"uv": [2, 7, 6, 9], "rotation": 90, "texture": "#post"},
				"down": {"uv": [2, 7, 6, 9], "rotation": 270, "texture": "#post"}
			}
		},
		{
			"name": "Upper horizontal bar of left-hand gate door",
			"from": [0, 10, 9],
			"to": [2, 13, 13],
			"rotation": {"angle": 0, "axis": "y", "origin": [1, 0, 8]},
			"faces": {
				"north": {"uv": [0, 0, 0, 0], "texture": "#post"},
				"east": {"uv": [8, 0, 12, 3], "texture": "#plank"},
				"south": {"uv": [0, 0, 0, 0], "texture": "#post"},
				"west": {"uv": [2, 0, 6, 3], "texture": "#plank"},
				"up": {"uv": [2, 7, 6, 9], "rotation": 90, "texture": "#post"},
				"down": {"uv": [2, 7, 6, 9], "rotation": 270, "texture": "#post"}
			}
		},
		{
			"name": "Lower horizontal bar of right-hand gate door",
			"from": [14, 4, 9],
			"to": [16, 7, 13],
			"rotation": {"angle": 0, "axis": "y", "origin": [15, 0, 8]},
			"faces": {
				"north": {"uv": [0, 0, 0, 0], "texture": "#post"},
				"east": {"uv": [12, 8, 16, 11], "texture": "#plank"},
				"south": {"uv": [0, 0, 0, 0], "texture": "#post"},
				"west": {"uv": [3, 8, 7, 11], "texture": "#plank"},
				"up": {"uv": [10, 7, 14, 9], "rotation": 270, "texture": "#post"},
				"down": {"uv": [10, 7, 14, 9], "rotation": 90, "texture": "#post"}
			}
		},
		{
			"name": "Upper horizontal bar of right-hand gate door",
			"from": [14, 10, 9],
			"to": [16, 13, 13],
			"rotation": {"angle": 0, "axis": "y", "origin": [15, 0, 8]},
			"faces": {
				"north": {"uv": [0, 0, 0, 0], "texture": "#post"},
				"east": {"uv": [7, 0, 11, 3], "texture": "#plank"},
				"south": {"uv": [0, 0, 0, 0], "texture": "#post"},
				"west": {"uv": [2, 0, 6, 3], "texture": "#plank"},
				"up": {"uv": [10, 7, 14, 9], "rotation": 270, "texture": "#post"},
				"down": {"uv": [10, 7, 14, 9], "rotation": 90, "texture": "#post"}
			}
		}
	],
	"display": {
		"gui": {
			"rotation": [30, 45, 0],
			"translation": [0, -1, 0],
			"scale": [0.8, 0.8, 0.8]
		},
		"head": {
			"translation": [0, -3, -6]
		}
	}
}