{"credit":"ObeeNow","parent":"block/block","textures":{"1":"block/chain","particle":"block/lantern","lantern":"block/lantern"},"elements":[{"from":[5,0,5],"to":[11,7,11],"faces":{"north":{"uv":[0,2,6,9],"texture":"#lantern"},"east":{"uv":[0,2,6,9],"texture":"#lantern"},"south":{"uv":[0,2,6,9],"texture":"#lantern"},"west":{"uv":[0,2,6,9],"texture":"#lantern"},"up":{"uv":[0,9,6,15],"texture":"#lantern"},"down":{"uv":[0,9,6,15],"texture":"#lantern","cullface":"down"}}},{"from":[6,7,6],"to":[10,9,10],"faces":{"north":{"uv":[1,0,5,2],"texture":"#lantern"},"east":{"uv":[1,0,5,2],"texture":"#lantern"},"south":{"uv":[1,0,5,2],"texture":"#lantern"},"west":{"uv":[1,0,5,2],"texture":"#lantern"},"up":{"uv":[1,10,5,14],"texture":"#lantern"}}},{"from":[7.5,10,7.3],"to":[8.5,11,10.3],"rotation":{"angle":-45,"axis":"y","origin":[9,9,8.3]},"faces":{"north":{"uv":[2,6,3,7],"texture":"#1"},"east":{"uv":[0,6,3,7],"texture":"#1"},"south":{"uv":[0,6,1,7],"texture":"#1"},"west":{"uv":[0,7,3,6],"rotation":180,"texture":"#1"},"up":{"uv":[3,6,0,7],"rotation":90,"texture":"#1"},"down":{"uv":[0,6,3,7],"rotation":90,"texture":"#1"}}},{"from":[7.5,7,7.3],"to":[8.5,10,8.3],"rotation":{"angle":-45,"axis":"y","origin":[9,9,8.3]},"faces":{"north":{"uv":[2,7,3,10],"texture":"#1"},"east":{"uv":[2,7,3,10],"texture":"#1"},"south":{"uv":[2,7,3,10],"texture":"#1"},"west":{"uv":[2,10,3,7],"rotation":180,"texture":"#1"},"up":{"uv":[3,7,2,8],"rotation":90,"texture":"#1"},"down":{"uv":[2,9,3,10],"rotation":90,"texture":"#1"}}},{"from":[7.5,7,9.3],"to":[8.5,10,10.3],"rotation":{"angle":-45,"axis":"y","origin":[9,9,8.3]},"faces":{"north":{"uv":[0,7,1,10],"texture":"#1"},"east":{"uv":[0,7,1,10],"texture":"#1"},"south":{"uv":[0,7,1,10],"texture":"#1"},"west":{"uv":[0,10,1,7],"rotation":180,"texture":"#1"},"up":{"uv":[1,7,0,8],"rotation":90,"texture":"#1"},"down":{"uv":[0,9,1,10],"rotation":90,"texture":"#1"}}},{"from":[6.884,10,12.2],"to":[7.884,11,13.2],"rotation":{"angle":-45,"axis":"y","origin":[12.9,6,12.2]},"faces":{"north":{"uv":[5,4,6,3],"rotation":180,"texture":"#1"},"east":{"uv":[5,3,6,4],"texture":"#1"},"south":{"uv":[5,3,6,4],"texture":"#1"},"west":{"uv":[5,3,6,4],"texture":"#1"},"up":{"uv":[6,3,5,4],"rotation":180,"texture":"#1"},"down":{"uv":[5,3,6,4],"texture":"#1"}}},{"from":[4.885,10,12.2],"to":[5.885,11,13.2],"rotation":{"angle":-45,"axis":"y","origin":[12.9,6,12.2]},"faces":{"north":{"uv":[5,4,6,3],"rotation":180,"texture":"#1"},"east":{"uv":[5,3,6,4],"texture":"#1"},"south":{"uv":[5,3,6,4],"texture":"#1"},"west":{"uv":[5,3,6,4],"texture":"#1"},"up":{"uv":[6,3,5,4],"rotation":180,"texture":"#1"},"down":{"uv":[5,3,6,4],"texture":"#1"}}},{"from":[4.885,7,12.2],"to":[5.885,10,13.2],"rotation":{"angle":-45,"axis":"y","origin":[12.9,6,12.2]},"faces":{"north":{"uv":[3,7,4,4],"rotation":180,"texture":"#1"},"east":{"uv":[3,4,4,7],"texture":"#1"},"south":{"uv":[3,4,4,7],"texture":"#1"},"west":{"uv":[3,4,4,7],"texture":"#1"},"up":{"uv":[4,4,3,5],"rotation":180,"texture":"#1"},"down":{"uv":[3,6,4,7],"texture":"#1"}}},{"from":[6.884,7,12.2],"to":[7.884,10,13.2],"rotation":{"angle":-45,"axis":"y","origin":[12.9,6,12.2]},"faces":{"north":{"uv":[5,7,6,4],"rotation":180,"texture":"#1"},"east":{"uv":[5,4,6,7],"texture":"#1"},"south":{"uv":[5,4,6,7],"texture":"#1"},"west":{"uv":[5,4,6,7],"texture":"#1"},"up":{"uv":[6,4,5,5],"rotation":180,"texture":"#1"},"down":{"uv":[5,6,6,7],"texture":"#1"}}},{"from":[7.5,7,7.3],"to":[8.5,8,10.3],"rotation":{"angle":-45,"axis":"y","origin":[9,6,8.3]},"faces":{"north":{"uv":[2,6,3,7],"texture":"#1"},"east":{"uv":[0,6,3,7],"texture":"#1"},"south":{"uv":[0,6,1,7],"texture":"#1"},"west":{"uv":[0,7,3,6],"rotation":180,"texture":"#1"},"up":{"uv":[3,6,0,7],"rotation":90,"texture":"#1"},"down":{"uv":[0,6,3,7],"rotation":90,"texture":"#1"}}}],"display":{"thirdperson_righthand":{"rotation":[4,0,0],"translation":[-0.25,0,1.5],"scale":[0.75,0.75,0.75]},"thirdperson_lefthand":{"rotation":[4,0,0],"translation":[-0.25,0,1.5],"scale":[0.75,0.75,0.75]},"ground":{"translation":[0,2,0],"scale":[0.5,0.5,0.5]},"head":{"translation":[0,4.25,0]}},"groups":[0,1,{"name":"chain","origin":[8,8,8],"children":[{"name":"chain","origin":[8,8,8],"children":[]},{"name":"chain2","origin":[8,8,8],"children":[2,3,4]}]},{"name":"chain","origin":[8,8,8],"children":[{"name":"chain","origin":[8,8,8],"children":[5,6,7,8]},{"name":"chain2","origin":[8,8,8],"children":[9]}]}]}