{"credit":"ObeeNow","textures":{"0":"block/vine","particle":"block/vine"},"elements":[{"from":[3,14,15.6],"to":[6,16,16],"rotation":{"angle":0,"axis":"x","origin":[8,8,23]},"faces":{"north":{"uv":[3,2,6,0],"rotation":180,"texture":"#0","tintindex":0},"east":{"uv":[5,0,6,2],"texture":"#0","tintindex":0},"south":{"uv":[3,0,6,2],"texture":"#0","tintindex":0},"west":{"uv":[3,0,4,2],"texture":"#0","tintindex":0},"up":{"uv":[6,0,3,1],"rotation":180,"texture":"#0","tintindex":0},"down":{"uv":[3,1,6,2],"texture":"#0","tintindex":0}}},{"from":[6,15,15.6],"to":[10,16,16],"rotation":{"angle":0,"axis":"x","origin":[8,8,23]},"faces":{"north":{"uv":[6,1,10,0],"rotation":180,"texture":"#0","tintindex":0},"east":{"uv":[9,0,10,1],"texture":"#0","tintindex":0},"south":{"uv":[6,0,10,1],"texture":"#0","tintindex":0},"up":{"uv":[10,0,6,1],"rotation":180,"texture":"#0","tintindex":0},"down":{"uv":[6,0,10,1],"texture":"#0","tintindex":0}}},{"from":[11,11,15.6],"to":[14,16,16],"rotation":{"angle":0,"axis":"x","origin":[8,8,23]},"faces":{"north":{"uv":[11,5,14,0],"rotation":180,"texture":"#0","tintindex":0},"east":{"uv":[13,0,14,5],"texture":"#0","tintindex":0},"south":{"uv":[11,0,14,5],"texture":"#0","tintindex":0},"west":{"uv":[11,0,12,5],"texture":"#0","tintindex":0},"up":{"uv":[14,0,11,1],"rotation":180,"texture":"#0","tintindex":0},"down":{"uv":[11,4,14,5],"texture":"#0","tintindex":0}}},{"from":[14,14,15.6],"to":[15,16,16],"rotation":{"angle":0,"axis":"x","origin":[8,8,23]},"faces":{"north":{"uv":[14,2,15,0],"rotation":180,"texture":"#0","tintindex":0},"east":{"uv":[14,0,15,2],"texture":"#0","tintindex":0},"south":{"uv":[14,0,15,2],"texture":"#0","tintindex":0},"up":{"uv":[15,0,14,1],"rotation":180,"texture":"#0","tintindex":0},"down":{"uv":[14,1,15,2],"texture":"#0","tintindex":0}}},{"from":[1,12,15.6],"to":[3,15,16],"rotation":{"angle":0,"axis":"x","origin":[8,8,23]},"faces":{"north":{"uv":[1,4,3,1],"rotation":180,"texture":"#0","tintindex":0},"south":{"uv":[1,1,3,4],"texture":"#0","tintindex":0},"west":{"uv":[1,1,2,4],"texture":"#0","tintindex":0},"up":{"uv":[3,1,1,2],"rotation":180,"texture":"#0","tintindex":0},"down":{"uv":[1,3,3,4],"texture":"#0","tintindex":0}}},{"from":[9,14,15.6],"to":[10,15,16],"rotation":{"angle":0,"axis":"x","origin":[8,8,23]},"faces":{"north":{"uv":[9,2,10,1],"rotation":180,"texture":"#0","tintindex":0},"east":{"uv":[9,1,10,2],"texture":"#0","tintindex":0},"south":{"uv":[9,1,10,2],"texture":"#0","tintindex":0},"west":{"uv":[9,1,10,2],"texture":"#0","tintindex":0},"down":{"uv":[9,1,10,2],"texture":"#0","tintindex":0}}},{"from":[0,12,15.6],"to":[1,14,16],"rotation":{"angle":0,"axis":"x","origin":[8,8,23]},"faces":{"north":{"uv":[0,4,1,2],"rotation":180,"texture":"#0","tintindex":0},"south":{"uv":[0,2,1,4],"texture":"#0","tintindex":0},"west":{"uv":[0,2,1,4],"texture":"#0","tintindex":0},"up":{"uv":[1,2,0,3],"rotation":180,"texture":"#0","tintindex":0},"down":{"uv":[0,3,1,4],"texture":"#0","tintindex":0}}},{"from":[3,13,15.6],"to":[5,14,16],"rotation":{"angle":0,"axis":"x","origin":[8,8,23]},"faces":{"north":{"uv":[3,3,5,2],"rotation":180,"texture":"#0","tintindex":0},"east":{"uv":[4,2,5,3],"texture":"#0","tintindex":0},"south":{"uv":[3,2,5,3],"texture":"#0","tintindex":0},"down":{"uv":[3,2,5,3],"texture":"#0","tintindex":0}}},{"from":[10,11,15.6],"to":[11,14,16],"rotation":{"angle":0,"axis":"x","origin":[8,8,23]},"faces":{"north":{"uv":[10,5,11,2],"rotation":180,"texture":"#0","tintindex":0},"south":{"uv":[10,2,11,5],"texture":"#0","tintindex":0},"west":{"uv":[10,2,11,5],"texture":"#0","tintindex":0},"up":{"uv":[11,2,10,3],"rotation":180,"texture":"#0","tintindex":0},"down":{"uv":[10,4,11,5],"texture":"#0","tintindex":0}}},{"from":[3,8,15.6],"to":[4,13,16],"rotation":{"angle":0,"axis":"x","origin":[8,8,23]},"faces":{"north":{"uv":[3,8,4,3],"rotation":180,"texture":"#0","tintindex":0},"east":{"uv":[3,3,4,8],"texture":"#0","tintindex":0},"south":{"uv":[3,3,4,8],"texture":"#0","tintindex":0},"west":{"uv":[3,3,4,8],"texture":"#0","tintindex":0},"down":{"uv":[3,7,4,8],"texture":"#0","tintindex":0}}},{"from":[9,10,15.6],"to":[10,13,16],"rotation":{"angle":0,"axis":"x","origin":[8,8,23]},"faces":{"north":{"uv":[9,6,10,3],"rotation":180,"texture":"#0","tintindex":0},"east":{"uv":[9,3,10,6],"texture":"#0","tintindex":0},"south":{"uv":[9,3,10,6],"texture":"#0","tintindex":0},"west":{"uv":[9,3,10,6],"texture":"#0","tintindex":0},"up":{"uv":[10,3,9,4],"rotation":180,"texture":"#0","tintindex":0},"down":{"uv":[9,5,10,6],"texture":"#0","tintindex":0}}},{"from":[2,9,15.6],"to":[3,12,16],"rotation":{"angle":0,"axis":"x","origin":[8,8,23]},"faces":{"north":{"uv":[2,7,3,4],"rotation":180,"texture":"#0","tintindex":0},"south":{"uv":[2,4,3,7],"texture":"#0","tintindex":0},"west":{"uv":[2,4,3,7],"texture":"#0","tintindex":0},"down":{"uv":[2,6,3,7],"texture":"#0","tintindex":0}}},{"from":[1,9,15.6],"to":[2,11,16],"rotation":{"angle":0,"axis":"x","origin":[8,8,23]},"faces":{"north":{"uv":[1,7,2,5],"rotation":180,"texture":"#0","tintindex":0},"south":{"uv":[1,5,2,7],"texture":"#0","tintindex":0},"west":{"uv":[1,5,2,7],"texture":"#0","tintindex":0},"up":{"uv":[2,5,1,6],"rotation":180,"texture":"#0","tintindex":0},"down":{"uv":[1,6,2,7],"texture":"#0","tintindex":0}}},{"from":[4,0,15.6],"to":[5,11,16],"rotation":{"angle":0,"axis":"x","origin":[8,8,23]},"faces":{"north":{"uv":[4,16,5,5],"rotation":180,"texture":"#0","tintindex":0},"east":{"uv":[4,5,5,16],"texture":"#0","tintindex":0},"south":{"uv":[4,5,5,16],"texture":"#0","tintindex":0},"west":{"uv":[4,5,5,16],"texture":"#0","tintindex":0},"up":{"uv":[5,5,4,6],"rotation":180,"texture":"#0","tintindex":0},"down":{"uv":[4,15,5,16],"texture":"#0","tintindex":0}}},{"from":[7,9,15.6],"to":[9,11,16],"rotation":{"angle":0,"axis":"x","origin":[8,8,23]},"faces":{"north":{"uv":[7,7,9,5],"rotation":180,"texture":"#0","tintindex":0},"east":{"uv":[8,5,9,7],"texture":"#0","tintindex":0},"south":{"uv":[7,5,9,7],"texture":"#0","tintindex":0},"west":{"uv":[7,5,8,7],"texture":"#0","tintindex":0},"up":{"uv":[9,5,7,6],"rotation":180,"texture":"#0","tintindex":0},"down":{"uv":[7,6,9,7],"texture":"#0","tintindex":0}}},{"from":[12,6,15.6],"to":[14,11,16],"rotation":{"angle":0,"axis":"x","origin":[8,8,23]},"faces":{"north":{"uv":[12,10,14,5],"rotation":180,"texture":"#0","tintindex":0},"east":{"uv":[13,5,14,10],"texture":"#0","tintindex":0},"south":{"uv":[12,5,14,10],"texture":"#0","tintindex":0},"west":{"uv":[12,5,13,10],"texture":"#0","tintindex":0},"down":{"uv":[12,9,14,10],"texture":"#0","tintindex":0}}},{"from":[14,10,15.6],"to":[16,11,16],"rotation":{"angle":0,"axis":"x","origin":[8,8,23]},"faces":{"north":{"uv":[14,6,16,5],"rotation":180,"texture":"#0","tintindex":0},"east":{"uv":[15,5,16,6],"texture":"#0","tintindex":0},"south":{"uv":[14,5,16,6],"texture":"#0","tintindex":0},"up":{"uv":[16,5,14,6],"rotation":180,"texture":"#0","tintindex":0},"down":{"uv":[14,5,16,6],"texture":"#0","tintindex":0}}},{"from":[0,8,15.6],"to":[1,10,16],"rotation":{"angle":0,"axis":"x","origin":[8,8,23]},"faces":{"north":{"uv":[0,8,1,6],"rotation":180,"texture":"#0","tintindex":0},"east":{"uv":[0,6,1,8],"texture":"#0","tintindex":0},"south":{"uv":[0,6,1,8],"texture":"#0","tintindex":0},"west":{"uv":[0,6,1,8],"texture":"#0","tintindex":0},"up":{"uv":[1,6,0,7],"rotation":180,"texture":"#0","tintindex":0},"down":{"uv":[0,7,1,8],"texture":"#0","tintindex":0}}},{"from":[5,7,15.6],"to":[7,10,16],"rotation":{"angle":0,"axis":"x","origin":[8,8,23]},"faces":{"north":{"uv":[5,9,7,6],"rotation":180,"texture":"#0","tintindex":0},"east":{"uv":[6,6,7,9],"texture":"#0","tintindex":0},"south":{"uv":[5,6,7,9],"texture":"#0","tintindex":0},"up":{"uv":[7,6,5,7],"rotation":180,"texture":"#0","tintindex":0},"down":{"uv":[5,8,7,9],"texture":"#0","tintindex":0}}},{"from":[11,0,15.6],"to":[12,10,16],"rotation":{"angle":0,"axis":"x","origin":[8,8,23]},"faces":{"north":{"uv":[11,16,12,6],"rotation":180,"texture":"#0","tintindex":0},"east":{"uv":[11,6,12,16],"texture":"#0","tintindex":0},"south":{"uv":[11,6,12,16],"texture":"#0","tintindex":0},"west":{"uv":[11,6,12,16],"texture":"#0","tintindex":0},"up":{"uv":[12,6,11,7],"rotation":180,"texture":"#0","tintindex":0},"down":{"uv":[11,15,12,16],"texture":"#0","tintindex":0}}},{"from":[8,8,15.6],"to":[9,9,16],"rotation":{"angle":0,"axis":"x","origin":[8,8,23]},"faces":{"north":{"uv":[8,8,9,7],"rotation":180,"texture":"#0","tintindex":0},"east":{"uv":[8,7,9,8],"texture":"#0","tintindex":0},"south":{"uv":[8,7,9,8],"texture":"#0","tintindex":0},"west":{"uv":[8,7,9,8],"texture":"#0","tintindex":0},"down":{"uv":[8,7,9,8],"texture":"#0","tintindex":0}}},{"from":[10,8,15.6],"to":[11,9,16],"rotation":{"angle":0,"axis":"x","origin":[8,8,23]},"faces":{"north":{"uv":[10,8,11,7],"rotation":180,"texture":"#0","tintindex":0},"south":{"uv":[10,7,11,8],"texture":"#0","tintindex":0},"west":{"uv":[10,7,11,8],"texture":"#0","tintindex":0},"up":{"uv":[11,7,10,8],"rotation":180,"texture":"#0","tintindex":0},"down":{"uv":[10,7,11,8],"texture":"#0","tintindex":0}}},{"from":[5,3,15.6],"to":[6,7,16],"rotation":{"angle":0,"axis":"x","origin":[8,8,23]},"faces":{"north":{"uv":[5,13,6,9],"rotation":180,"texture":"#0","tintindex":0},"east":{"uv":[5,9,6,13],"texture":"#0","tintindex":0},"south":{"uv":[5,9,6,13],"texture":"#0","tintindex":0},"down":{"uv":[5,12,6,13],"texture":"#0","tintindex":0}}},{"from":[10,3,15.6],"to":[11,7,16],"rotation":{"angle":0,"axis":"x","origin":[8,8,23]},"faces":{"north":{"uv":[10,13,11,9],"rotation":180,"texture":"#0","tintindex":0},"south":{"uv":[10,9,11,13],"texture":"#0","tintindex":0},"west":{"uv":[10,9,11,13],"texture":"#0","tintindex":0},"up":{"uv":[11,9,10,10],"rotation":180,"texture":"#0","tintindex":0},"down":{"uv":[10,12,11,13],"texture":"#0","tintindex":0}}},{"from":[14,6,15.6],"to":[15,7,16],"rotation":{"angle":0,"axis":"x","origin":[8,8,23]},"faces":{"north":{"uv":[14,10,15,9],"rotation":180,"texture":"#0","tintindex":0},"east":{"uv":[14,9,15,10],"texture":"#0","tintindex":0},"south":{"uv":[14,9,15,10],"texture":"#0","tintindex":0},"up":{"uv":[15,9,14,10],"rotation":180,"texture":"#0","tintindex":0},"down":{"uv":[14,9,15,10],"texture":"#0","tintindex":0}}},{"from":[2,0,15.6],"to":[4,5,16],"rotation":{"angle":0,"axis":"x","origin":[8,8,23]},"faces":{"north":{"uv":[2,16,4,11],"rotation":180,"texture":"#0","tintindex":0},"south":{"uv":[2,11,4,16],"texture":"#0","tintindex":0},"west":{"uv":[2,11,3,16],"texture":"#0","tintindex":0},"up":{"uv":[4,11,2,12],"rotation":180,"texture":"#0","tintindex":0},"down":{"uv":[2,15,4,16],"texture":"#0","tintindex":0}}},{"from":[6,2,15.6],"to":[7,5,16],"rotation":{"angle":0,"axis":"x","origin":[8,8,23]},"faces":{"north":{"uv":[6,14,7,11],"rotation":180,"texture":"#0","tintindex":0},"east":{"uv":[6,11,7,14],"texture":"#0","tintindex":0},"south":{"uv":[6,11,7,14],"texture":"#0","tintindex":0},"west":{"uv":[6,11,7,14],"texture":"#0","tintindex":0},"up":{"uv":[7,11,6,12],"rotation":180,"texture":"#0","tintindex":0},"down":{"uv":[6,13,7,14],"texture":"#0","tintindex":0}}},{"from":[9,2,15.6],"to":[10,5,16],"rotation":{"angle":0,"axis":"x","origin":[8,8,23]},"faces":{"north":{"uv":[9,14,10,11],"rotation":180,"texture":"#0","tintindex":0},"east":{"uv":[9,11,10,14],"texture":"#0","tintindex":0},"south":{"uv":[9,11,10,14],"texture":"#0","tintindex":0},"west":{"uv":[9,11,10,14],"texture":"#0","tintindex":0},"up":{"uv":[10,11,9,12],"rotation":180,"texture":"#0","tintindex":0},"down":{"uv":[9,13,10,14],"texture":"#0","tintindex":0}}},{"from":[0,3,15.6],"to":[2,4,16],"rotation":{"angle":0,"axis":"x","origin":[8,8,23]},"faces":{"north":{"uv":[0,13,2,12],"rotation":180,"texture":"#0","tintindex":0},"south":{"uv":[0,12,2,13],"texture":"#0","tintindex":0},"up":{"uv":[2,12,0,13],"rotation":180,"texture":"#0","tintindex":0},"down":{"uv":[0,12,2,13],"texture":"#0","tintindex":0}}},{"from":[12,0,15.6],"to":[13,4,16],"rotation":{"angle":0,"axis":"x","origin":[8,8,23]},"faces":{"north":{"uv":[12,16,13,12],"rotation":180,"texture":"#0","tintindex":0},"east":{"uv":[12,12,13,16],"texture":"#0","tintindex":0},"south":{"uv":[12,12,13,16],"texture":"#0","tintindex":0},"up":{"uv":[13,12,12,13],"rotation":180,"texture":"#0","tintindex":0},"down":{"uv":[12,15,13,16],"texture":"#0","tintindex":0}}},{"from":[14,2,15.6],"to":[16,4,16],"rotation":{"angle":0,"axis":"x","origin":[8,8,23]},"faces":{"north":{"uv":[14,14,16,12],"rotation":180,"texture":"#0","tintindex":0},"east":{"uv":[15,12,16,14],"texture":"#0","tintindex":0},"south":{"uv":[14,12,16,14],"texture":"#0","tintindex":0},"west":{"uv":[14,12,15,14],"texture":"#0","tintindex":0},"up":{"uv":[16,12,14,13],"rotation":180,"texture":"#0","tintindex":0},"down":{"uv":[14,13,16,14],"texture":"#0","tintindex":0}}},{"from":[1,1,15.6],"to":[2,3,16],"rotation":{"angle":0,"axis":"x","origin":[8,8,23]},"faces":{"north":{"uv":[1,15,2,13],"rotation":180,"texture":"#0","tintindex":0},"south":{"uv":[1,13,2,15],"texture":"#0","tintindex":0},"west":{"uv":[1,13,2,15],"texture":"#0","tintindex":0},"down":{"uv":[1,14,2,15],"texture":"#0","tintindex":0}}},{"from":[13,2,15.6],"to":[14,3,16],"rotation":{"angle":0,"axis":"x","origin":[8,8,23]},"faces":{"north":{"uv":[13,14,14,13],"rotation":180,"texture":"#0","tintindex":0},"south":{"uv":[13,13,14,14],"texture":"#0","tintindex":0},"up":{"uv":[14,13,13,14],"rotation":180,"texture":"#0","tintindex":0},"down":{"uv":[13,13,14,14],"texture":"#0","tintindex":0}}},{"from":[10,1,15.6],"to":[11,2,16],"rotation":{"angle":0,"axis":"x","origin":[8,8,23]},"faces":{"north":{"uv":[10,15,11,14],"rotation":180,"texture":"#0","tintindex":0},"south":{"uv":[10,14,11,15],"texture":"#0","tintindex":0},"west":{"uv":[10,14,11,15],"texture":"#0","tintindex":0},"up":{"uv":[11,14,10,15],"rotation":180,"texture":"#0","tintindex":0},"down":{"uv":[10,14,11,15],"texture":"#0","tintindex":0}}},{"from":[15,1,15.6],"to":[16,2,16],"rotation":{"angle":0,"axis":"x","origin":[8,8,23]},"faces":{"north":{"uv":[15,15,16,14],"rotation":180,"texture":"#0","tintindex":0},"east":{"uv":[15,14,16,15],"texture":"#0","tintindex":0},"south":{"uv":[15,14,16,15],"texture":"#0","tintindex":0},"west":{"uv":[15,14,16,15],"texture":"#0","tintindex":0},"down":{"uv":[15,14,16,15],"texture":"#0","tintindex":0}}},{"from":[5,0,15.6],"to":[7,1,16],"rotation":{"angle":0,"axis":"x","origin":[8,8,23]},"faces":{"north":{"uv":[5,16,7,15],"rotation":180,"texture":"#0","tintindex":0},"east":{"uv":[6,15,7,16],"texture":"#0","tintindex":0},"south":{"uv":[5,15,7,16],"texture":"#0","tintindex":0},"up":{"uv":[7,15,5,16],"rotation":180,"texture":"#0","tintindex":0},"down":{"uv":[5,15,7,16],"texture":"#0","tintindex":0}}},{"from":[8,0,15.6],"to":[10,1,16],"rotation":{"angle":0,"axis":"x","origin":[8,8,23]},"faces":{"north":{"uv":[8,16,10,15],"rotation":180,"texture":"#0","tintindex":0},"east":{"uv":[9,15,10,16],"texture":"#0","tintindex":0},"south":{"uv":[8,15,10,16],"texture":"#0","tintindex":0},"west":{"uv":[8,15,9,16],"texture":"#0","tintindex":0},"up":{"uv":[10,15,8,16],"rotation":180,"texture":"#0","tintindex":0},"down":{"uv":[8,15,10,16],"texture":"#0","tintindex":0}}},{"from":[13,0,15.6],"to":[14,1,16],"rotation":{"angle":0,"axis":"x","origin":[8,8,23]},"faces":{"north":{"uv":[13,16,14,15],"rotation":180,"texture":"#0","tintindex":0},"east":{"uv":[13,15,14,16],"texture":"#0","tintindex":0},"south":{"uv":[13,15,14,16],"texture":"#0","tintindex":0},"up":{"uv":[14,15,13,16],"rotation":180,"texture":"#0","tintindex":0},"down":{"uv":[13,15,14,16],"texture":"#0","tintindex":0}}},{"from":[0,14,3],"to":[0.4,16,6],"rotation":{"angle":0,"axis":"y","origin":[-7,8,8]},"faces":{"north":{"uv":[3,0,4,2],"texture":"#0","tintindex":0},"east":{"uv":[3,2,6,0],"rotation":180,"texture":"#0","tintindex":0},"south":{"uv":[5,0,6,2],"texture":"#0","tintindex":0},"west":{"uv":[3,0,6,2],"texture":"#0","tintindex":0},"up":{"uv":[6,0,3,1],"rotation":270,"texture":"#0","tintindex":0},"down":{"uv":[3,1,6,2],"rotation":270,"texture":"#0","tintindex":0}}},{"from":[0,15,6],"to":[0.4,16,10],"rotation":{"angle":0,"axis":"y","origin":[-7,8,8]},"faces":{"east":{"uv":[6,1,10,0],"rotation":180,"texture":"#0","tintindex":0},"south":{"uv":[9,0,10,1],"texture":"#0","tintindex":0},"west":{"uv":[6,0,10,1],"texture":"#0","tintindex":0},"up":{"uv":[10,0,6,1],"rotation":270,"texture":"#0","tintindex":0},"down":{"uv":[6,0,10,1],"rotation":270,"texture":"#0","tintindex":0}}},{"from":[0,11,11],"to":[0.4,16,14],"rotation":{"angle":0,"axis":"y","origin":[-7,8,8]},"faces":{"north":{"uv":[11,0,12,5],"texture":"#0","tintindex":0},"east":{"uv":[11,5,14,0],"rotation":180,"texture":"#0","tintindex":0},"south":{"uv":[13,0,14,5],"texture":"#0","tintindex":0},"west":{"uv":[11,0,14,5],"texture":"#0","tintindex":0},"up":{"uv":[14,0,11,1],"rotation":270,"texture":"#0","tintindex":0},"down":{"uv":[11,4,14,5],"rotation":270,"texture":"#0","tintindex":0}}},{"from":[0,14,14],"to":[0.4,16,15],"rotation":{"angle":0,"axis":"y","origin":[-7,8,8]},"faces":{"east":{"uv":[14,2,15,0],"rotation":180,"texture":"#0","tintindex":0},"south":{"uv":[14,0,15,2],"texture":"#0","tintindex":0},"west":{"uv":[14,0,15,2],"texture":"#0","tintindex":0},"up":{"uv":[15,0,14,1],"rotation":270,"texture":"#0","tintindex":0},"down":{"uv":[14,1,15,2],"rotation":270,"texture":"#0","tintindex":0}}},{"from":[0,12,1],"to":[0.4,15,3],"rotation":{"angle":0,"axis":"y","origin":[-7,8,8]},"faces":{"north":{"uv":[1,1,2,4],"texture":"#0","tintindex":0},"east":{"uv":[1,4,3,1],"rotation":180,"texture":"#0","tintindex":0},"west":{"uv":[1,1,3,4],"texture":"#0","tintindex":0},"up":{"uv":[3,1,1,2],"rotation":270,"texture":"#0","tintindex":0},"down":{"uv":[1,3,3,4],"rotation":270,"texture":"#0","tintindex":0}}},{"from":[0,14,9],"to":[0.4,15,10],"rotation":{"angle":0,"axis":"y","origin":[-7,8,8]},"faces":{"north":{"uv":[9,1,10,2],"texture":"#0","tintindex":0},"east":{"uv":[9,2,10,1],"rotation":180,"texture":"#0","tintindex":0},"south":{"uv":[9,1,10,2],"texture":"#0","tintindex":0},"west":{"uv":[9,1,10,2],"texture":"#0","tintindex":0},"down":{"uv":[9,1,10,2],"rotation":270,"texture":"#0","tintindex":0}}},{"from":[0,12,0],"to":[0.4,14,1],"rotation":{"angle":0,"axis":"y","origin":[-7,8,8]},"faces":{"north":{"uv":[0,2,1,4],"texture":"#0","tintindex":0},"east":{"uv":[0,4,1,2],"rotation":180,"texture":"#0","tintindex":0},"west":{"uv":[0,2,1,4],"texture":"#0","tintindex":0},"up":{"uv":[1,2,0,3],"rotation":270,"texture":"#0","tintindex":0},"down":{"uv":[0,3,1,4],"rotation":270,"texture":"#0","tintindex":0}}},{"from":[0,13,3],"to":[0.4,14,5],"rotation":{"angle":0,"axis":"y","origin":[-7,8,8]},"faces":{"east":{"uv":[3,3,5,2],"rotation":180,"texture":"#0","tintindex":0},"south":{"uv":[4,2,5,3],"texture":"#0","tintindex":0},"west":{"uv":[3,2,5,3],"texture":"#0","tintindex":0},"down":{"uv":[3,2,5,3],"rotation":270,"texture":"#0","tintindex":0}}},{"from":[0,11,10],"to":[0.4,14,11],"rotation":{"angle":0,"axis":"y","origin":[-7,8,8]},"faces":{"north":{"uv":[10,2,11,5],"texture":"#0","tintindex":0},"east":{"uv":[10,5,11,2],"rotation":180,"texture":"#0","tintindex":0},"west":{"uv":[10,2,11,5],"texture":"#0","tintindex":0},"up":{"uv":[11,2,10,3],"rotation":270,"texture":"#0","tintindex":0},"down":{"uv":[10,4,11,5],"rotation":270,"texture":"#0","tintindex":0}}},{"from":[0,8,3],"to":[0.4,13,4],"rotation":{"angle":0,"axis":"y","origin":[-7,8,8]},"faces":{"north":{"uv":[3,3,4,8],"texture":"#0","tintindex":0},"east":{"uv":[3,8,4,3],"rotation":180,"texture":"#0","tintindex":0},"south":{"uv":[3,3,4,8],"texture":"#0","tintindex":0},"west":{"uv":[3,3,4,8],"texture":"#0","tintindex":0},"down":{"uv":[3,7,4,8],"rotation":270,"texture":"#0","tintindex":0}}},{"from":[0,10,9],"to":[0.4,13,10],"rotation":{"angle":0,"axis":"y","origin":[-7,8,8]},"faces":{"north":{"uv":[9,3,10,6],"texture":"#0","tintindex":0},"east":{"uv":[9,6,10,3],"rotation":180,"texture":"#0","tintindex":0},"south":{"uv":[9,3,10,6],"texture":"#0","tintindex":0},"west":{"uv":[9,3,10,6],"texture":"#0","tintindex":0},"up":{"uv":[10,3,9,4],"rotation":270,"texture":"#0","tintindex":0},"down":{"uv":[9,5,10,6],"rotation":270,"texture":"#0","tintindex":0}}},{"from":[0,9,2],"to":[0.4,12,3],"rotation":{"angle":0,"axis":"y","origin":[-7,8,8]},"faces":{"north":{"uv":[2,4,3,7],"texture":"#0","tintindex":0},"east":{"uv":[2,7,3,4],"rotation":180,"texture":"#0","tintindex":0},"west":{"uv":[2,4,3,7],"texture":"#0","tintindex":0},"down":{"uv":[2,6,3,7],"rotation":270,"texture":"#0","tintindex":0}}},{"from":[0,9,1],"to":[0.4,11,2],"rotation":{"angle":0,"axis":"y","origin":[-7,8,8]},"faces":{"north":{"uv":[1,5,2,7],"texture":"#0","tintindex":0},"east":{"uv":[1,7,2,5],"rotation":180,"texture":"#0","tintindex":0},"west":{"uv":[1,5,2,7],"texture":"#0","tintindex":0},"up":{"uv":[2,5,1,6],"rotation":270,"texture":"#0","tintindex":0},"down":{"uv":[1,6,2,7],"rotation":270,"texture":"#0","tintindex":0}}},{"from":[0,0,4],"to":[0.4,11,5],"rotation":{"angle":0,"axis":"y","origin":[-7,8,8]},"faces":{"north":{"uv":[4,5,5,16],"texture":"#0","tintindex":0},"east":{"uv":[4,16,5,5],"rotation":180,"texture":"#0","tintindex":0},"south":{"uv":[4,5,5,16],"texture":"#0","tintindex":0},"west":{"uv":[4,5,5,16],"texture":"#0","tintindex":0},"up":{"uv":[5,5,4,6],"rotation":270,"texture":"#0","tintindex":0},"down":{"uv":[4,15,5,16],"rotation":270,"texture":"#0","tintindex":0}}},{"from":[0,9,7],"to":[0.4,11,9],"rotation":{"angle":0,"axis":"y","origin":[-7,8,8]},"faces":{"north":{"uv":[7,5,8,7],"texture":"#0","tintindex":0},"east":{"uv":[7,7,9,5],"rotation":180,"texture":"#0","tintindex":0},"south":{"uv":[8,5,9,7],"texture":"#0","tintindex":0},"west":{"uv":[7,5,9,7],"texture":"#0","tintindex":0},"up":{"uv":[9,5,7,6],"rotation":270,"texture":"#0","tintindex":0},"down":{"uv":[7,6,9,7],"rotation":270,"texture":"#0","tintindex":0}}},{"from":[0,6,12],"to":[0.4,11,14],"rotation":{"angle":0,"axis":"y","origin":[-7,8,8]},"faces":{"north":{"uv":[12,5,13,10],"texture":"#0","tintindex":0},"east":{"uv":[12,10,14,5],"rotation":180,"texture":"#0","tintindex":0},"south":{"uv":[13,5,14,10],"texture":"#0","tintindex":0},"west":{"uv":[12,5,14,10],"texture":"#0","tintindex":0},"down":{"uv":[12,9,14,10],"rotation":270,"texture":"#0","tintindex":0}}},{"from":[0,10,14],"to":[0.4,11,16],"rotation":{"angle":0,"axis":"y","origin":[-7,8,8]},"faces":{"east":{"uv":[14,6,16,5],"rotation":180,"texture":"#0","tintindex":0},"south":{"uv":[15,5,16,6],"texture":"#0","tintindex":0},"west":{"uv":[14,5,16,6],"texture":"#0","tintindex":0},"up":{"uv":[16,5,14,6],"rotation":270,"texture":"#0","tintindex":0},"down":{"uv":[14,5,16,6],"rotation":270,"texture":"#0","tintindex":0}}},{"from":[0,8,0],"to":[0.4,10,1],"rotation":{"angle":0,"axis":"y","origin":[-7,8,8]},"faces":{"north":{"uv":[0,6,1,8],"texture":"#0","tintindex":0},"east":{"uv":[0,8,1,6],"rotation":180,"texture":"#0","tintindex":0},"south":{"uv":[0,6,1,8],"texture":"#0","tintindex":0},"west":{"uv":[0,6,1,8],"texture":"#0","tintindex":0},"up":{"uv":[1,6,0,7],"rotation":270,"texture":"#0","tintindex":0},"down":{"uv":[0,7,1,8],"rotation":270,"texture":"#0","tintindex":0}}},{"from":[0,7,5],"to":[0.4,10,7],"rotation":{"angle":0,"axis":"y","origin":[-7,8,8]},"faces":{"east":{"uv":[5,9,7,6],"rotation":180,"texture":"#0","tintindex":0},"south":{"uv":[6,6,7,9],"texture":"#0","tintindex":0},"west":{"uv":[5,6,7,9],"texture":"#0","tintindex":0},"up":{"uv":[7,6,5,7],"rotation":270,"texture":"#0","tintindex":0},"down":{"uv":[5,8,7,9],"rotation":270,"texture":"#0","tintindex":0}}},{"from":[0,0,11],"to":[0.4,10,12],"rotation":{"angle":0,"axis":"y","origin":[-7,8,8]},"faces":{"north":{"uv":[11,6,12,16],"texture":"#0","tintindex":0},"east":{"uv":[11,16,12,6],"rotation":180,"texture":"#0","tintindex":0},"south":{"uv":[11,6,12,16],"texture":"#0","tintindex":0},"west":{"uv":[11,6,12,16],"texture":"#0","tintindex":0},"up":{"uv":[12,6,11,7],"rotation":270,"texture":"#0","tintindex":0},"down":{"uv":[11,15,12,16],"rotation":270,"texture":"#0","tintindex":0}}},{"from":[0,8,8],"to":[0.4,9,9],"rotation":{"angle":0,"axis":"y","origin":[-7,8,8]},"faces":{"north":{"uv":[8,7,9,8],"texture":"#0","tintindex":0},"east":{"uv":[8,8,9,7],"rotation":180,"texture":"#0","tintindex":0},"south":{"uv":[8,7,9,8],"texture":"#0","tintindex":0},"west":{"uv":[8,7,9,8],"texture":"#0","tintindex":0},"down":{"uv":[8,7,9,8],"rotation":270,"texture":"#0","tintindex":0}}},{"from":[0,8,10],"to":[0.4,9,11],"rotation":{"angle":0,"axis":"y","origin":[-7,8,8]},"faces":{"north":{"uv":[10,7,11,8],"texture":"#0","tintindex":0},"east":{"uv":[10,8,11,7],"rotation":180,"texture":"#0","tintindex":0},"west":{"uv":[10,7,11,8],"texture":"#0","tintindex":0},"up":{"uv":[11,7,10,8],"rotation":270,"texture":"#0","tintindex":0},"down":{"uv":[10,7,11,8],"rotation":270,"texture":"#0","tintindex":0}}},{"from":[0,3,5],"to":[0.4,7,6],"rotation":{"angle":0,"axis":"y","origin":[-7,8,8]},"faces":{"east":{"uv":[5,13,6,9],"rotation":180,"texture":"#0","tintindex":0},"south":{"uv":[5,9,6,13],"texture":"#0","tintindex":0},"west":{"uv":[5,9,6,13],"texture":"#0","tintindex":0},"down":{"uv":[5,12,6,13],"rotation":270,"texture":"#0","tintindex":0}}},{"from":[0,3,10],"to":[0.4,7,11],"rotation":{"angle":0,"axis":"y","origin":[-7,8,8]},"faces":{"north":{"uv":[10,9,11,13],"texture":"#0","tintindex":0},"east":{"uv":[10,13,11,9],"rotation":180,"texture":"#0","tintindex":0},"west":{"uv":[10,9,11,13],"texture":"#0","tintindex":0},"up":{"uv":[11,9,10,10],"rotation":270,"texture":"#0","tintindex":0},"down":{"uv":[10,12,11,13],"rotation":270,"texture":"#0","tintindex":0}}},{"from":[0,6,14],"to":[0.4,7,15],"rotation":{"angle":0,"axis":"y","origin":[-7,8,8]},"faces":{"east":{"uv":[14,10,15,9],"rotation":180,"texture":"#0","tintindex":0},"south":{"uv":[14,9,15,10],"texture":"#0","tintindex":0},"west":{"uv":[14,9,15,10],"texture":"#0","tintindex":0},"up":{"uv":[15,9,14,10],"rotation":270,"texture":"#0","tintindex":0},"down":{"uv":[14,9,15,10],"rotation":270,"texture":"#0","tintindex":0}}},{"from":[0,0,2],"to":[0.4,5,4],"rotation":{"angle":0,"axis":"y","origin":[-7,8,8]},"faces":{"north":{"uv":[2,11,3,16],"texture":"#0","tintindex":0},"east":{"uv":[2,16,4,11],"rotation":180,"texture":"#0","tintindex":0},"west":{"uv":[2,11,4,16],"texture":"#0","tintindex":0},"up":{"uv":[4,11,2,12],"rotation":270,"texture":"#0","tintindex":0},"down":{"uv":[2,15,4,16],"rotation":270,"texture":"#0","tintindex":0}}},{"from":[0,2,6],"to":[0.4,5,7],"rotation":{"angle":0,"axis":"y","origin":[-7,8,8]},"faces":{"north":{"uv":[6,11,7,14],"texture":"#0","tintindex":0},"east":{"uv":[6,14,7,11],"rotation":180,"texture":"#0","tintindex":0},"south":{"uv":[6,11,7,14],"texture":"#0","tintindex":0},"west":{"uv":[6,11,7,14],"texture":"#0","tintindex":0},"up":{"uv":[7,11,6,12],"rotation":270,"texture":"#0","tintindex":0},"down":{"uv":[6,13,7,14],"rotation":270,"texture":"#0","tintindex":0}}},{"from":[0,2,9],"to":[0.4,5,10],"rotation":{"angle":0,"axis":"y","origin":[-7,8,8]},"faces":{"north":{"uv":[9,11,10,14],"texture":"#0","tintindex":0},"east":{"uv":[9,14,10,11],"rotation":180,"texture":"#0","tintindex":0},"south":{"uv":[9,11,10,14],"texture":"#0","tintindex":0},"west":{"uv":[9,11,10,14],"texture":"#0","tintindex":0},"up":{"uv":[10,11,9,12],"rotation":270,"texture":"#0","tintindex":0},"down":{"uv":[9,13,10,14],"rotation":270,"texture":"#0","tintindex":0}}},{"from":[0,3,0],"to":[0.4,4,2],"rotation":{"angle":0,"axis":"y","origin":[-7,8,8]},"faces":{"east":{"uv":[0,13,2,12],"rotation":180,"texture":"#0","tintindex":0},"west":{"uv":[0,12,2,13],"texture":"#0","tintindex":0},"up":{"uv":[2,12,0,13],"rotation":270,"texture":"#0","tintindex":0},"down":{"uv":[0,12,2,13],"rotation":270,"texture":"#0","tintindex":0}}},{"from":[0,0,12],"to":[0.4,4,13],"rotation":{"angle":0,"axis":"y","origin":[-7,8,8]},"faces":{"east":{"uv":[12,16,13,12],"rotation":180,"texture":"#0","tintindex":0},"south":{"uv":[12,12,13,16],"texture":"#0","tintindex":0},"west":{"uv":[12,12,13,16],"texture":"#0","tintindex":0},"up":{"uv":[13,12,12,13],"rotation":270,"texture":"#0","tintindex":0},"down":{"uv":[12,15,13,16],"rotation":270,"texture":"#0","tintindex":0}}},{"from":[0,2,14],"to":[0.4,4,16],"rotation":{"angle":0,"axis":"y","origin":[-7,8,8]},"faces":{"north":{"uv":[14,12,15,14],"texture":"#0","tintindex":0},"east":{"uv":[14,14,16,12],"rotation":180,"texture":"#0","tintindex":0},"south":{"uv":[15,12,16,14],"texture":"#0","tintindex":0},"west":{"uv":[14,12,16,14],"texture":"#0","tintindex":0},"up":{"uv":[16,12,14,13],"rotation":270,"texture":"#0","tintindex":0},"down":{"uv":[14,13,16,14],"rotation":270,"texture":"#0","tintindex":0}}},{"from":[0,1,1],"to":[0.4,3,2],"rotation":{"angle":0,"axis":"y","origin":[-7,8,8]},"faces":{"north":{"uv":[1,13,2,15],"texture":"#0","tintindex":0},"east":{"uv":[1,15,2,13],"rotation":180,"texture":"#0","tintindex":0},"west":{"uv":[1,13,2,15],"texture":"#0","tintindex":0},"down":{"uv":[1,14,2,15],"rotation":270,"texture":"#0","tintindex":0}}},{"from":[0,2,13],"to":[0.4,3,14],"rotation":{"angle":0,"axis":"y","origin":[-7,8,8]},"faces":{"east":{"uv":[13,14,14,13],"rotation":180,"texture":"#0","tintindex":0},"west":{"uv":[13,13,14,14],"texture":"#0","tintindex":0},"up":{"uv":[14,13,13,14],"rotation":270,"texture":"#0","tintindex":0},"down":{"uv":[13,13,14,14],"rotation":270,"texture":"#0","tintindex":0}}},{"from":[0,1,10],"to":[0.4,2,11],"rotation":{"angle":0,"axis":"y","origin":[-7,8,8]},"faces":{"north":{"uv":[10,14,11,15],"texture":"#0","tintindex":0},"east":{"uv":[10,15,11,14],"rotation":180,"texture":"#0","tintindex":0},"west":{"uv":[10,14,11,15],"texture":"#0","tintindex":0},"up":{"uv":[11,14,10,15],"rotation":270,"texture":"#0","tintindex":0},"down":{"uv":[10,14,11,15],"rotation":270,"texture":"#0","tintindex":0}}},{"from":[0,1,15],"to":[0.4,2,16],"rotation":{"angle":0,"axis":"y","origin":[-7,8,8]},"faces":{"north":{"uv":[15,14,16,15],"texture":"#0","tintindex":0},"east":{"uv":[15,15,16,14],"rotation":180,"texture":"#0","tintindex":0},"south":{"uv":[15,14,16,15],"texture":"#0","tintindex":0},"west":{"uv":[15,14,16,15],"texture":"#0","tintindex":0},"down":{"uv":[15,14,16,15],"rotation":270,"texture":"#0","tintindex":0}}},{"from":[0,0,5],"to":[0.4,1,7],"rotation":{"angle":0,"axis":"y","origin":[-7,8,8]},"faces":{"east":{"uv":[5,16,7,15],"rotation":180,"texture":"#0","tintindex":0},"south":{"uv":[6,15,7,16],"texture":"#0","tintindex":0},"west":{"uv":[5,15,7,16],"texture":"#0","tintindex":0},"up":{"uv":[7,15,5,16],"rotation":270,"texture":"#0","tintindex":0},"down":{"uv":[5,15,7,16],"rotation":270,"texture":"#0","tintindex":0}}},{"from":[0,0,8],"to":[0.4,1,10],"rotation":{"angle":0,"axis":"y","origin":[-7,8,8]},"faces":{"north":{"uv":[8,15,9,16],"texture":"#0","tintindex":0},"east":{"uv":[8,16,10,15],"rotation":180,"texture":"#0","tintindex":0},"south":{"uv":[9,15,10,16],"texture":"#0","tintindex":0},"west":{"uv":[8,15,10,16],"texture":"#0","tintindex":0},"up":{"uv":[10,15,8,16],"rotation":270,"texture":"#0","tintindex":0},"down":{"uv":[8,15,10,16],"rotation":270,"texture":"#0","tintindex":0}}},{"from":[0,0,13],"to":[0.4,1,14],"rotation":{"angle":0,"axis":"y","origin":[-7,8,8]},"faces":{"east":{"uv":[13,16,14,15],"rotation":180,"texture":"#0","tintindex":0},"south":{"uv":[13,15,14,16],"texture":"#0","tintindex":0},"west":{"uv":[13,15,14,16],"texture":"#0","tintindex":0},"up":{"uv":[14,15,13,16],"rotation":270,"texture":"#0","tintindex":0},"down":{"uv":[13,15,14,16],"rotation":270,"texture":"#0","tintindex":0}}},{"from":[15.6,14,10],"to":[16,16,13],"rotation":{"angle":0,"axis":"y","origin":[23,8,8]},"faces":{"north":{"uv":[5,0,6,2],"texture":"#0","tintindex":0},"east":{"uv":[3,0,6,2],"texture":"#0","tintindex":0},"south":{"uv":[3,0,4,2],"texture":"#0","tintindex":0},"west":{"uv":[3,2,6,0],"rotation":180,"texture":"#0","tintindex":0},"up":{"uv":[6,0,3,1],"rotation":90,"texture":"#0","tintindex":0},"down":{"uv":[3,1,6,2],"rotation":90,"texture":"#0","tintindex":0}}},{"from":[15.6,15,6],"to":[16,16,10],"rotation":{"angle":0,"axis":"y","origin":[23,8,8]},"faces":{"north":{"uv":[9,0,10,1],"texture":"#0","tintindex":0},"east":{"uv":[6,0,10,1],"texture":"#0","tintindex":0},"west":{"uv":[6,1,10,0],"rotation":180,"texture":"#0","tintindex":0},"up":{"uv":[10,0,6,1],"rotation":90,"texture":"#0","tintindex":0},"down":{"uv":[6,0,10,1],"rotation":90,"texture":"#0","tintindex":0}}},{"from":[15.6,11,2],"to":[16,16,5],"rotation":{"angle":0,"axis":"y","origin":[23,8,8]},"faces":{"north":{"uv":[13,0,14,5],"texture":"#0","tintindex":0},"east":{"uv":[11,0,14,5],"texture":"#0","tintindex":0},"south":{"uv":[11,0,12,5],"texture":"#0","tintindex":0},"west":{"uv":[11,5,14,0],"rotation":180,"texture":"#0","tintindex":0},"up":{"uv":[14,0,11,1],"rotation":90,"texture":"#0","tintindex":0},"down":{"uv":[11,4,14,5],"rotation":90,"texture":"#0","tintindex":0}}},{"from":[15.6,14,1],"to":[16,16,2],"rotation":{"angle":0,"axis":"y","origin":[23,8,8]},"faces":{"north":{"uv":[14,0,15,2],"texture":"#0","tintindex":0},"east":{"uv":[14,0,15,2],"texture":"#0","tintindex":0},"west":{"uv":[14,2,15,0],"rotation":180,"texture":"#0","tintindex":0},"up":{"uv":[15,0,14,1],"rotation":90,"texture":"#0","tintindex":0},"down":{"uv":[14,1,15,2],"rotation":90,"texture":"#0","tintindex":0}}},{"from":[15.6,12,13],"to":[16,15,15],"rotation":{"angle":0,"axis":"y","origin":[23,8,8]},"faces":{"east":{"uv":[1,1,3,4],"texture":"#0","tintindex":0},"south":{"uv":[1,1,2,4],"texture":"#0","tintindex":0},"west":{"uv":[1,4,3,1],"rotation":180,"texture":"#0","tintindex":0},"up":{"uv":[3,1,1,2],"rotation":90,"texture":"#0","tintindex":0},"down":{"uv":[1,3,3,4],"rotation":90,"texture":"#0","tintindex":0}}},{"from":[15.6,14,6],"to":[16,15,7],"rotation":{"angle":0,"axis":"y","origin":[23,8,8]},"faces":{"north":{"uv":[9,1,10,2],"texture":"#0","tintindex":0},"east":{"uv":[9,1,10,2],"texture":"#0","tintindex":0},"south":{"uv":[9,1,10,2],"texture":"#0","tintindex":0},"west":{"uv":[9,2,10,1],"rotation":180,"texture":"#0","tintindex":0},"down":{"uv":[9,1,10,2],"rotation":90,"texture":"#0","tintindex":0}}},{"from":[15.6,12,15],"to":[16,14,16],"rotation":{"angle":0,"axis":"y","origin":[23,8,8]},"faces":{"east":{"uv":[0,2,1,4],"texture":"#0","tintindex":0},"south":{"uv":[0,2,1,4],"texture":"#0","tintindex":0},"west":{"uv":[0,4,1,2],"rotation":180,"texture":"#0","tintindex":0},"up":{"uv":[1,2,0,3],"rotation":90,"texture":"#0","tintindex":0},"down":{"uv":[0,3,1,4],"rotation":90,"texture":"#0","tintindex":0}}},{"from":[15.6,13,11],"to":[16,14,13],"rotation":{"angle":0,"axis":"y","origin":[23,8,8]},"faces":{"north":{"uv":[4,2,5,3],"texture":"#0","tintindex":0},"east":{"uv":[3,2,5,3],"texture":"#0","tintindex":0},"west":{"uv":[3,3,5,2],"rotation":180,"texture":"#0","tintindex":0},"down":{"uv":[3,2,5,3],"rotation":90,"texture":"#0","tintindex":0}}},{"from":[15.6,11,5],"to":[16,14,6],"rotation":{"angle":0,"axis":"y","origin":[23,8,8]},"faces":{"east":{"uv":[10,2,11,5],"texture":"#0","tintindex":0},"south":{"uv":[10,2,11,5],"texture":"#0","tintindex":0},"west":{"uv":[10,5,11,2],"rotation":180,"texture":"#0","tintindex":0},"up":{"uv":[11,2,10,3],"rotation":90,"texture":"#0","tintindex":0},"down":{"uv":[10,4,11,5],"rotation":90,"texture":"#0","tintindex":0}}},{"from":[15.6,8,12],"to":[16,13,13],"rotation":{"angle":0,"axis":"y","origin":[23,8,8]},"faces":{"north":{"uv":[3,3,4,8],"texture":"#0","tintindex":0},"east":{"uv":[3,3,4,8],"texture":"#0","tintindex":0},"south":{"uv":[3,3,4,8],"texture":"#0","tintindex":0},"west":{"uv":[3,8,4,3],"rotation":180,"texture":"#0","tintindex":0},"down":{"uv":[3,7,4,8],"rotation":90,"texture":"#0","tintindex":0}}},{"from":[15.6,10,6],"to":[16,13,7],"rotation":{"angle":0,"axis":"y","origin":[23,8,8]},"faces":{"north":{"uv":[9,3,10,6],"texture":"#0","tintindex":0},"east":{"uv":[9,3,10,6],"texture":"#0","tintindex":0},"south":{"uv":[9,3,10,6],"texture":"#0","tintindex":0},"west":{"uv":[9,6,10,3],"rotation":180,"texture":"#0","tintindex":0},"up":{"uv":[10,3,9,4],"rotation":90,"texture":"#0","tintindex":0},"down":{"uv":[9,5,10,6],"rotation":90,"texture":"#0","tintindex":0}}},{"from":[15.6,9,13],"to":[16,12,14],"rotation":{"angle":0,"axis":"y","origin":[23,8,8]},"faces":{"east":{"uv":[2,4,3,7],"texture":"#0","tintindex":0},"south":{"uv":[2,4,3,7],"texture":"#0","tintindex":0},"west":{"uv":[2,7,3,4],"rotation":180,"texture":"#0","tintindex":0},"down":{"uv":[2,6,3,7],"rotation":90,"texture":"#0","tintindex":0}}},{"from":[15.6,9,14],"to":[16,11,15],"rotation":{"angle":0,"axis":"y","origin":[23,8,8]},"faces":{"east":{"uv":[1,5,2,7],"texture":"#0","tintindex":0},"south":{"uv":[1,5,2,7],"texture":"#0","tintindex":0},"west":{"uv":[1,7,2,5],"rotation":180,"texture":"#0","tintindex":0},"up":{"uv":[2,5,1,6],"rotation":90,"texture":"#0","tintindex":0},"down":{"uv":[1,6,2,7],"rotation":90,"texture":"#0","tintindex":0}}},{"from":[15.6,0,11],"to":[16,11,12],"rotation":{"angle":0,"axis":"y","origin":[23,8,8]},"faces":{"north":{"uv":[4,5,5,16],"texture":"#0","tintindex":0},"east":{"uv":[4,5,5,16],"texture":"#0","tintindex":0},"south":{"uv":[4,5,5,16],"texture":"#0","tintindex":0},"west":{"uv":[4,16,5,5],"rotation":180,"texture":"#0","tintindex":0},"up":{"uv":[5,5,4,6],"rotation":90,"texture":"#0","tintindex":0},"down":{"uv":[4,15,5,16],"rotation":90,"texture":"#0","tintindex":0}}},{"from":[15.6,9,7],"to":[16,11,9],"rotation":{"angle":0,"axis":"y","origin":[23,8,8]},"faces":{"north":{"uv":[8,5,9,7],"texture":"#0","tintindex":0},"east":{"uv":[7,5,9,7],"texture":"#0","tintindex":0},"south":{"uv":[7,5,8,7],"texture":"#0","tintindex":0},"west":{"uv":[7,7,9,5],"rotation":180,"texture":"#0","tintindex":0},"up":{"uv":[9,5,7,6],"rotation":90,"texture":"#0","tintindex":0},"down":{"uv":[7,6,9,7],"rotation":90,"texture":"#0","tintindex":0}}},{"from":[15.6,6,2],"to":[16,11,4],"rotation":{"angle":0,"axis":"y","origin":[23,8,8]},"faces":{"north":{"uv":[13,5,14,10],"texture":"#0","tintindex":0},"east":{"uv":[12,5,14,10],"texture":"#0","tintindex":0},"south":{"uv":[12,5,13,10],"texture":"#0","tintindex":0},"west":{"uv":[12,10,14,5],"rotation":180,"texture":"#0","tintindex":0},"down":{"uv":[12,9,14,10],"rotation":90,"texture":"#0","tintindex":0}}},{"from":[15.6,10,0],"to":[16,11,2],"rotation":{"angle":0,"axis":"y","origin":[23,8,8]},"faces":{"north":{"uv":[15,5,16,6],"texture":"#0","tintindex":0},"east":{"uv":[14,5,16,6],"texture":"#0","tintindex":0},"west":{"uv":[14,6,16,5],"rotation":180,"texture":"#0","tintindex":0},"up":{"uv":[16,5,14,6],"rotation":90,"texture":"#0","tintindex":0},"down":{"uv":[14,5,16,6],"rotation":90,"texture":"#0","tintindex":0}}},{"from":[15.6,8,15],"to":[16,10,16],"rotation":{"angle":0,"axis":"y","origin":[23,8,8]},"faces":{"north":{"uv":[0,6,1,8],"texture":"#0","tintindex":0},"east":{"uv":[0,6,1,8],"texture":"#0","tintindex":0},"south":{"uv":[0,6,1,8],"texture":"#0","tintindex":0},"west":{"uv":[0,8,1,6],"rotation":180,"texture":"#0","tintindex":0},"up":{"uv":[1,6,0,7],"rotation":90,"texture":"#0","tintindex":0},"down":{"uv":[0,7,1,8],"rotation":90,"texture":"#0","tintindex":0}}},{"from":[15.6,7,9],"to":[16,10,11],"rotation":{"angle":0,"axis":"y","origin":[23,8,8]},"faces":{"north":{"uv":[6,6,7,9],"texture":"#0","tintindex":0},"east":{"uv":[5,6,7,9],"texture":"#0","tintindex":0},"west":{"uv":[5,9,7,6],"rotation":180,"texture":"#0","tintindex":0},"up":{"uv":[7,6,5,7],"rotation":90,"texture":"#0","tintindex":0},"down":{"uv":[5,8,7,9],"rotation":90,"texture":"#0","tintindex":0}}},{"from":[15.6,0,4],"to":[16,10,5],"rotation":{"angle":0,"axis":"y","origin":[23,8,8]},"faces":{"north":{"uv":[11,6,12,16],"texture":"#0","tintindex":0},"east":{"uv":[11,6,12,16],"texture":"#0","tintindex":0},"south":{"uv":[11,6,12,16],"texture":"#0","tintindex":0},"west":{"uv":[11,16,12,6],"rotation":180,"texture":"#0","tintindex":0},"up":{"uv":[12,6,11,7],"rotation":90,"texture":"#0","tintindex":0},"down":{"uv":[11,15,12,16],"rotation":90,"texture":"#0","tintindex":0}}},{"from":[15.6,8,7],"to":[16,9,8],"rotation":{"angle":0,"axis":"y","origin":[23,8,8]},"faces":{"north":{"uv":[8,7,9,8],"texture":"#0","tintindex":0},"east":{"uv":[8,7,9,8],"texture":"#0","tintindex":0},"south":{"uv":[8,7,9,8],"texture":"#0","tintindex":0},"west":{"uv":[8,8,9,7],"rotation":180,"texture":"#0","tintindex":0},"down":{"uv":[8,7,9,8],"rotation":90,"texture":"#0","tintindex":0}}},{"from":[15.6,8,5],"to":[16,9,6],"rotation":{"angle":0,"axis":"y","origin":[23,8,8]},"faces":{"east":{"uv":[10,7,11,8],"texture":"#0","tintindex":0},"south":{"uv":[10,7,11,8],"texture":"#0","tintindex":0},"west":{"uv":[10,8,11,7],"rotation":180,"texture":"#0","tintindex":0},"up":{"uv":[11,7,10,8],"rotation":90,"texture":"#0","tintindex":0},"down":{"uv":[10,7,11,8],"rotation":90,"texture":"#0","tintindex":0}}},{"from":[15.6,3,10],"to":[16,7,11],"rotation":{"angle":0,"axis":"y","origin":[23,8,8]},"faces":{"north":{"uv":[5,9,6,13],"texture":"#0","tintindex":0},"east":{"uv":[5,9,6,13],"texture":"#0","tintindex":0},"west":{"uv":[5,13,6,9],"rotation":180,"texture":"#0","tintindex":0},"down":{"uv":[5,12,6,13],"rotation":90,"texture":"#0","tintindex":0}}},{"from":[15.6,3,5],"to":[16,7,6],"rotation":{"angle":0,"axis":"y","origin":[23,8,8]},"faces":{"east":{"uv":[10,9,11,13],"texture":"#0","tintindex":0},"south":{"uv":[10,9,11,13],"texture":"#0","tintindex":0},"west":{"uv":[10,13,11,9],"rotation":180,"texture":"#0","tintindex":0},"up":{"uv":[11,9,10,10],"rotation":90,"texture":"#0","tintindex":0},"down":{"uv":[10,12,11,13],"rotation":90,"texture":"#0","tintindex":0}}},{"from":[15.6,6,1],"to":[16,7,2],"rotation":{"angle":0,"axis":"y","origin":[23,8,8]},"faces":{"north":{"uv":[14,9,15,10],"texture":"#0","tintindex":0},"east":{"uv":[14,9,15,10],"texture":"#0","tintindex":0},"west":{"uv":[14,10,15,9],"rotation":180,"texture":"#0","tintindex":0},"up":{"uv":[15,9,14,10],"rotation":90,"texture":"#0","tintindex":0},"down":{"uv":[14,9,15,10],"rotation":90,"texture":"#0","tintindex":0}}},{"from":[15.6,0,12],"to":[16,5,14],"rotation":{"angle":0,"axis":"y","origin":[23,8,8]},"faces":{"east":{"uv":[2,11,4,16],"texture":"#0","tintindex":0},"south":{"uv":[2,11,3,16],"texture":"#0","tintindex":0},"west":{"uv":[2,16,4,11],"rotation":180,"texture":"#0","tintindex":0},"up":{"uv":[4,11,2,12],"rotation":90,"texture":"#0","tintindex":0},"down":{"uv":[2,15,4,16],"rotation":90,"texture":"#0","tintindex":0}}},{"from":[15.6,2,9],"to":[16,5,10],"rotation":{"angle":0,"axis":"y","origin":[23,8,8]},"faces":{"north":{"uv":[6,11,7,14],"texture":"#0","tintindex":0},"east":{"uv":[6,11,7,14],"texture":"#0","tintindex":0},"south":{"uv":[6,11,7,14],"texture":"#0","tintindex":0},"west":{"uv":[6,14,7,11],"rotation":180,"texture":"#0","tintindex":0},"up":{"uv":[7,11,6,12],"rotation":90,"texture":"#0","tintindex":0},"down":{"uv":[6,13,7,14],"rotation":90,"texture":"#0","tintindex":0}}},{"from":[15.6,2,6],"to":[16,5,7],"rotation":{"angle":0,"axis":"y","origin":[23,8,8]},"faces":{"north":{"uv":[9,11,10,14],"texture":"#0","tintindex":0},"east":{"uv":[9,11,10,14],"texture":"#0","tintindex":0},"south":{"uv":[9,11,10,14],"texture":"#0","tintindex":0},"west":{"uv":[9,14,10,11],"rotation":180,"texture":"#0","tintindex":0},"up":{"uv":[10,11,9,12],"rotation":90,"texture":"#0","tintindex":0},"down":{"uv":[9,13,10,14],"rotation":90,"texture":"#0","tintindex":0}}},{"from":[15.6,3,14],"to":[16,4,16],"rotation":{"angle":0,"axis":"y","origin":[23,8,8]},"faces":{"east":{"uv":[0,12,2,13],"texture":"#0","tintindex":0},"west":{"uv":[0,13,2,12],"rotation":180,"texture":"#0","tintindex":0},"up":{"uv":[2,12,0,13],"rotation":90,"texture":"#0","tintindex":0},"down":{"uv":[0,12,2,13],"rotation":90,"texture":"#0","tintindex":0}}},{"from":[15.6,0,3],"to":[16,4,4],"rotation":{"angle":0,"axis":"y","origin":[23,8,8]},"faces":{"north":{"uv":[12,12,13,16],"texture":"#0","tintindex":0},"east":{"uv":[12,12,13,16],"texture":"#0","tintindex":0},"west":{"uv":[12,16,13,12],"rotation":180,"texture":"#0","tintindex":0},"up":{"uv":[13,12,12,13],"rotation":90,"texture":"#0","tintindex":0},"down":{"uv":[12,15,13,16],"rotation":90,"texture":"#0","tintindex":0}}},{"from":[15.6,2,0],"to":[16,4,2],"rotation":{"angle":0,"axis":"y","origin":[23,8,8]},"faces":{"north":{"uv":[15,12,16,14],"texture":"#0","tintindex":0},"east":{"uv":[14,12,16,14],"texture":"#0","tintindex":0},"south":{"uv":[14,12,15,14],"texture":"#0","tintindex":0},"west":{"uv":[14,14,16,12],"rotation":180,"texture":"#0","tintindex":0},"up":{"uv":[16,12,14,13],"rotation":90,"texture":"#0","tintindex":0},"down":{"uv":[14,13,16,14],"rotation":90,"texture":"#0","tintindex":0}}},{"from":[15.6,1,14],"to":[16,3,15],"rotation":{"angle":0,"axis":"y","origin":[23,8,8]},"faces":{"east":{"uv":[1,13,2,15],"texture":"#0","tintindex":0},"south":{"uv":[1,13,2,15],"texture":"#0","tintindex":0},"west":{"uv":[1,15,2,13],"rotation":180,"texture":"#0","tintindex":0},"down":{"uv":[1,14,2,15],"rotation":90,"texture":"#0","tintindex":0}}},{"from":[15.6,2,2],"to":[16,3,3],"rotation":{"angle":0,"axis":"y","origin":[23,8,8]},"faces":{"east":{"uv":[13,13,14,14],"texture":"#0","tintindex":0},"west":{"uv":[13,14,14,13],"rotation":180,"texture":"#0","tintindex":0},"up":{"uv":[14,13,13,14],"rotation":90,"texture":"#0","tintindex":0},"down":{"uv":[13,13,14,14],"rotation":90,"texture":"#0","tintindex":0}}},{"from":[15.6,1,5],"to":[16,2,6],"rotation":{"angle":0,"axis":"y","origin":[23,8,8]},"faces":{"east":{"uv":[10,14,11,15],"texture":"#0","tintindex":0},"south":{"uv":[10,14,11,15],"texture":"#0","tintindex":0},"west":{"uv":[10,15,11,14],"rotation":180,"texture":"#0","tintindex":0},"up":{"uv":[11,14,10,15],"rotation":90,"texture":"#0","tintindex":0},"down":{"uv":[10,14,11,15],"rotation":90,"texture":"#0","tintindex":0}}},{"from":[15.6,1,0],"to":[16,2,1],"rotation":{"angle":0,"axis":"y","origin":[23,8,8]},"faces":{"north":{"uv":[15,14,16,15],"texture":"#0","tintindex":0},"east":{"uv":[15,14,16,15],"texture":"#0","tintindex":0},"south":{"uv":[15,14,16,15],"texture":"#0","tintindex":0},"west":{"uv":[15,15,16,14],"rotation":180,"texture":"#0","tintindex":0},"down":{"uv":[15,14,16,15],"rotation":90,"texture":"#0","tintindex":0}}},{"from":[15.6,0,9],"to":[16,1,11],"rotation":{"angle":0,"axis":"y","origin":[23,8,8]},"faces":{"north":{"uv":[6,15,7,16],"texture":"#0","tintindex":0},"east":{"uv":[5,15,7,16],"texture":"#0","tintindex":0},"west":{"uv":[5,16,7,15],"rotation":180,"texture":"#0","tintindex":0},"up":{"uv":[7,15,5,16],"rotation":90,"texture":"#0","tintindex":0},"down":{"uv":[5,15,7,16],"rotation":90,"texture":"#0","tintindex":0}}},{"from":[15.6,0,6],"to":[16,1,8],"rotation":{"angle":0,"axis":"y","origin":[23,8,8]},"faces":{"north":{"uv":[9,15,10,16],"texture":"#0","tintindex":0},"east":{"uv":[8,15,10,16],"texture":"#0","tintindex":0},"south":{"uv":[8,15,9,16],"texture":"#0","tintindex":0},"west":{"uv":[8,16,10,15],"rotation":180,"texture":"#0","tintindex":0},"up":{"uv":[10,15,8,16],"rotation":90,"texture":"#0","tintindex":0},"down":{"uv":[8,15,10,16],"rotation":90,"texture":"#0","tintindex":0}}},{"from":[15.6,0,2],"to":[16,1,3],"rotation":{"angle":0,"axis":"y","origin":[23,8,8]},"faces":{"north":{"uv":[13,15,14,16],"texture":"#0","tintindex":0},"east":{"uv":[13,15,14,16],"texture":"#0","tintindex":0},"west":{"uv":[13,16,14,15],"rotation":180,"texture":"#0","tintindex":0},"up":{"uv":[14,15,13,16],"rotation":90,"texture":"#0","tintindex":0},"down":{"uv":[13,15,14,16],"rotation":90,"texture":"#0","tintindex":0}}},{"from":[10,14,0],"to":[13,16,0.4],"rotation":{"angle":0,"axis":"y","origin":[8,8,-7]},"faces":{"north":{"uv":[3,0,6,2],"texture":"#0","tintindex":0},"east":{"uv":[3,0,4,2],"texture":"#0","tintindex":0},"south":{"uv":[3,2,6,0],"rotation":180,"texture":"#0","tintindex":0},"west":{"uv":[5,0,6,2],"texture":"#0","tintindex":0},"up":{"uv":[6,0,3,1],"texture":"#0","tintindex":0},"down":{"uv":[3,1,6,2],"rotation":180,"texture":"#0","tintindex":0}}},{"from":[6,15,0],"to":[10,16,0.4],"rotation":{"angle":0,"axis":"y","origin":[8,8,-7]},"faces":{"north":{"uv":[6,0,10,1],"texture":"#0","tintindex":0},"south":{"uv":[6,1,10,0],"rotation":180,"texture":"#0","tintindex":0},"west":{"uv":[9,0,10,1],"texture":"#0","tintindex":0},"up":{"uv":[10,0,6,1],"texture":"#0","tintindex":0},"down":{"uv":[6,0,10,1],"rotation":180,"texture":"#0","tintindex":0}}},{"from":[2,11,0],"to":[5,16,0.4],"rotation":{"angle":0,"axis":"y","origin":[8,8,-7]},"faces":{"north":{"uv":[11,0,14,5],"texture":"#0","tintindex":0},"east":{"uv":[11,0,12,5],"texture":"#0","tintindex":0},"south":{"uv":[11,5,14,0],"rotation":180,"texture":"#0","tintindex":0},"west":{"uv":[13,0,14,5],"texture":"#0","tintindex":0},"up":{"uv":[14,0,11,1],"texture":"#0","tintindex":0},"down":{"uv":[11,4,14,5],"rotation":180,"texture":"#0","tintindex":0}}},{"from":[1,14,0],"to":[2,16,0.4],"rotation":{"angle":0,"axis":"y","origin":[8,8,-7]},"faces":{"north":{"uv":[14,0,15,2],"texture":"#0","tintindex":0},"south":{"uv":[14,2,15,0],"rotation":180,"texture":"#0","tintindex":0},"west":{"uv":[14,0,15,2],"texture":"#0","tintindex":0},"up":{"uv":[15,0,14,1],"texture":"#0","tintindex":0},"down":{"uv":[14,1,15,2],"rotation":180,"texture":"#0","tintindex":0}}},{"from":[13,12,0],"to":[15,15,0.4],"rotation":{"angle":0,"axis":"y","origin":[8,8,-7]},"faces":{"north":{"uv":[1,1,3,4],"texture":"#0","tintindex":0},"east":{"uv":[1,1,2,4],"texture":"#0","tintindex":0},"south":{"uv":[1,4,3,1],"rotation":180,"texture":"#0","tintindex":0},"up":{"uv":[3,1,1,2],"texture":"#0","tintindex":0},"down":{"uv":[1,3,3,4],"rotation":180,"texture":"#0","tintindex":0}}},{"from":[6,14,0],"to":[7,15,0.4],"rotation":{"angle":0,"axis":"y","origin":[8,8,-7]},"faces":{"north":{"uv":[9,1,10,2],"texture":"#0","tintindex":0},"east":{"uv":[9,1,10,2],"texture":"#0","tintindex":0},"south":{"uv":[9,2,10,1],"rotation":180,"texture":"#0","tintindex":0},"west":{"uv":[9,1,10,2],"texture":"#0","tintindex":0},"down":{"uv":[9,1,10,2],"rotation":180,"texture":"#0","tintindex":0}}},{"from":[15,12,0],"to":[16,14,0.4],"rotation":{"angle":0,"axis":"y","origin":[8,8,-7]},"faces":{"north":{"uv":[0,2,1,4],"texture":"#0","tintindex":0},"east":{"uv":[0,2,1,4],"texture":"#0","tintindex":0},"south":{"uv":[0,4,1,2],"rotation":180,"texture":"#0","tintindex":0},"up":{"uv":[1,2,0,3],"texture":"#0","tintindex":0},"down":{"uv":[0,3,1,4],"rotation":180,"texture":"#0","tintindex":0}}},{"from":[11,13,0],"to":[13,14,0.4],"rotation":{"angle":0,"axis":"y","origin":[8,8,-7]},"faces":{"north":{"uv":[3,2,5,3],"texture":"#0","tintindex":0},"south":{"uv":[3,3,5,2],"rotation":180,"texture":"#0","tintindex":0},"west":{"uv":[4,2,5,3],"texture":"#0","tintindex":0},"down":{"uv":[3,2,5,3],"rotation":180,"texture":"#0","tintindex":0}}},{"from":[5,11,0],"to":[6,14,0.4],"rotation":{"angle":0,"axis":"y","origin":[8,8,-7]},"faces":{"north":{"uv":[10,2,11,5],"texture":"#0","tintindex":0},"east":{"uv":[10,2,11,5],"texture":"#0","tintindex":0},"south":{"uv":[10,5,11,2],"rotation":180,"texture":"#0","tintindex":0},"up":{"uv":[11,2,10,3],"texture":"#0","tintindex":0},"down":{"uv":[10,4,11,5],"rotation":180,"texture":"#0","tintindex":0}}},{"from":[12,8,0],"to":[13,13,0.4],"rotation":{"angle":0,"axis":"y","origin":[8,8,-7]},"faces":{"north":{"uv":[3,3,4,8],"texture":"#0","tintindex":0},"east":{"uv":[3,3,4,8],"texture":"#0","tintindex":0},"south":{"uv":[3,8,4,3],"rotation":180,"texture":"#0","tintindex":0},"west":{"uv":[3,3,4,8],"texture":"#0","tintindex":0},"down":{"uv":[3,7,4,8],"rotation":180,"texture":"#0","tintindex":0}}},{"from":[6,10,0],"to":[7,13,0.4],"rotation":{"angle":0,"axis":"y","origin":[8,8,-7]},"faces":{"north":{"uv":[9,3,10,6],"texture":"#0","tintindex":0},"east":{"uv":[9,3,10,6],"texture":"#0","tintindex":0},"south":{"uv":[9,6,10,3],"rotation":180,"texture":"#0","tintindex":0},"west":{"uv":[9,3,10,6],"texture":"#0","tintindex":0},"up":{"uv":[10,3,9,4],"texture":"#0","tintindex":0},"down":{"uv":[9,5,10,6],"rotation":180,"texture":"#0","tintindex":0}}},{"from":[13,9,0],"to":[14,12,0.4],"rotation":{"angle":0,"axis":"y","origin":[8,8,-7]},"faces":{"north":{"uv":[2,4,3,7],"texture":"#0","tintindex":0},"east":{"uv":[2,4,3,7],"texture":"#0","tintindex":0},"south":{"uv":[2,7,3,4],"rotation":180,"texture":"#0","tintindex":0},"down":{"uv":[2,6,3,7],"rotation":180,"texture":"#0","tintindex":0}}},{"from":[14,9,0],"to":[15,11,0.4],"rotation":{"angle":0,"axis":"y","origin":[8,8,-7]},"faces":{"north":{"uv":[1,5,2,7],"texture":"#0","tintindex":0},"east":{"uv":[1,5,2,7],"texture":"#0","tintindex":0},"south":{"uv":[1,7,2,5],"rotation":180,"texture":"#0","tintindex":0},"up":{"uv":[2,5,1,6],"texture":"#0","tintindex":0},"down":{"uv":[1,6,2,7],"rotation":180,"texture":"#0","tintindex":0}}},{"from":[11,0,0],"to":[12,11,0.4],"rotation":{"angle":0,"axis":"y","origin":[8,8,-7]},"faces":{"north":{"uv":[4,5,5,16],"texture":"#0","tintindex":0},"east":{"uv":[4,5,5,16],"texture":"#0","tintindex":0},"south":{"uv":[4,16,5,5],"rotation":180,"texture":"#0","tintindex":0},"west":{"uv":[4,5,5,16],"texture":"#0","tintindex":0},"up":{"uv":[5,5,4,6],"texture":"#0","tintindex":0},"down":{"uv":[4,15,5,16],"rotation":180,"texture":"#0","tintindex":0}}},{"from":[7,9,0],"to":[9,11,0.4],"rotation":{"angle":0,"axis":"y","origin":[8,8,-7]},"faces":{"north":{"uv":[7,5,9,7],"texture":"#0","tintindex":0},"east":{"uv":[7,5,8,7],"texture":"#0","tintindex":0},"south":{"uv":[7,7,9,5],"rotation":180,"texture":"#0","tintindex":0},"west":{"uv":[8,5,9,7],"texture":"#0","tintindex":0},"up":{"uv":[9,5,7,6],"texture":"#0","tintindex":0},"down":{"uv":[7,6,9,7],"rotation":180,"texture":"#0","tintindex":0}}},{"from":[2,6,0],"to":[4,11,0.4],"rotation":{"angle":0,"axis":"y","origin":[8,8,-7]},"faces":{"north":{"uv":[12,5,14,10],"texture":"#0","tintindex":0},"east":{"uv":[12,5,13,10],"texture":"#0","tintindex":0},"south":{"uv":[12,10,14,5],"rotation":180,"texture":"#0","tintindex":0},"west":{"uv":[13,5,14,10],"texture":"#0","tintindex":0},"down":{"uv":[12,9,14,10],"rotation":180,"texture":"#0","tintindex":0}}},{"from":[0,10,0],"to":[2,11,0.4],"rotation":{"angle":0,"axis":"y","origin":[8,8,-7]},"faces":{"north":{"uv":[14,5,16,6],"texture":"#0","tintindex":0},"south":{"uv":[14,6,16,5],"rotation":180,"texture":"#0","tintindex":0},"west":{"uv":[15,5,16,6],"texture":"#0","tintindex":0},"up":{"uv":[16,5,14,6],"texture":"#0","tintindex":0},"down":{"uv":[14,5,16,6],"rotation":180,"texture":"#0","tintindex":0}}},{"from":[15,8,0],"to":[16,10,0.4],"rotation":{"angle":0,"axis":"y","origin":[8,8,-7]},"faces":{"north":{"uv":[0,6,1,8],"texture":"#0","tintindex":0},"east":{"uv":[0,6,1,8],"texture":"#0","tintindex":0},"south":{"uv":[0,8,1,6],"rotation":180,"texture":"#0","tintindex":0},"west":{"uv":[0,6,1,8],"texture":"#0","tintindex":0},"up":{"uv":[1,6,0,7],"texture":"#0","tintindex":0},"down":{"uv":[0,7,1,8],"rotation":180,"texture":"#0","tintindex":0}}},{"from":[9,7,0],"to":[11,10,0.4],"rotation":{"angle":0,"axis":"y","origin":[8,8,-7]},"faces":{"north":{"uv":[5,6,7,9],"texture":"#0","tintindex":0},"south":{"uv":[5,9,7,6],"rotation":180,"texture":"#0","tintindex":0},"west":{"uv":[6,6,7,9],"texture":"#0","tintindex":0},"up":{"uv":[7,6,5,7],"texture":"#0","tintindex":0},"down":{"uv":[5,8,7,9],"rotation":180,"texture":"#0","tintindex":0}}},{"from":[4,0,0],"to":[5,10,0.4],"rotation":{"angle":0,"axis":"y","origin":[8,8,-7]},"faces":{"north":{"uv":[11,6,12,16],"texture":"#0","tintindex":0},"east":{"uv":[11,6,12,16],"texture":"#0","tintindex":0},"south":{"uv":[11,16,12,6],"rotation":180,"texture":"#0","tintindex":0},"west":{"uv":[11,6,12,16],"texture":"#0","tintindex":0},"up":{"uv":[12,6,11,7],"texture":"#0","tintindex":0},"down":{"uv":[11,15,12,16],"rotation":180,"texture":"#0","tintindex":0}}},{"from":[7,8,0],"to":[8,9,0.4],"rotation":{"angle":0,"axis":"y","origin":[8,8,-7]},"faces":{"north":{"uv":[8,7,9,8],"texture":"#0","tintindex":0},"east":{"uv":[8,7,9,8],"texture":"#0","tintindex":0},"south":{"uv":[8,8,9,7],"rotation":180,"texture":"#0","tintindex":0},"west":{"uv":[8,7,9,8],"texture":"#0","tintindex":0},"down":{"uv":[8,7,9,8],"rotation":180,"texture":"#0","tintindex":0}}},{"from":[5,8,0],"to":[6,9,0.4],"rotation":{"angle":0,"axis":"y","origin":[8,8,-7]},"faces":{"north":{"uv":[10,7,11,8],"texture":"#0","tintindex":0},"east":{"uv":[10,7,11,8],"texture":"#0","tintindex":0},"south":{"uv":[10,8,11,7],"rotation":180,"texture":"#0","tintindex":0},"up":{"uv":[11,7,10,8],"texture":"#0","tintindex":0},"down":{"uv":[10,7,11,8],"rotation":180,"texture":"#0","tintindex":0}}},{"from":[10,3,0],"to":[11,7,0.4],"rotation":{"angle":0,"axis":"y","origin":[8,8,-7]},"faces":{"north":{"uv":[5,9,6,13],"texture":"#0","tintindex":0},"south":{"uv":[5,13,6,9],"rotation":180,"texture":"#0","tintindex":0},"west":{"uv":[5,9,6,13],"texture":"#0","tintindex":0},"down":{"uv":[5,12,6,13],"rotation":180,"texture":"#0","tintindex":0}}},{"from":[5,3,0],"to":[6,7,0.4],"rotation":{"angle":0,"axis":"y","origin":[8,8,-7]},"faces":{"north":{"uv":[10,9,11,13],"texture":"#0","tintindex":0},"east":{"uv":[10,9,11,13],"texture":"#0","tintindex":0},"south":{"uv":[10,13,11,9],"rotation":180,"texture":"#0","tintindex":0},"up":{"uv":[11,9,10,10],"texture":"#0","tintindex":0},"down":{"uv":[10,12,11,13],"rotation":180,"texture":"#0","tintindex":0}}},{"from":[1,6,0],"to":[2,7,0.4],"rotation":{"angle":0,"axis":"y","origin":[8,8,-7]},"faces":{"north":{"uv":[14,9,15,10],"texture":"#0","tintindex":0},"south":{"uv":[14,10,15,9],"rotation":180,"texture":"#0","tintindex":0},"west":{"uv":[14,9,15,10],"texture":"#0","tintindex":0},"up":{"uv":[15,9,14,10],"texture":"#0","tintindex":0},"down":{"uv":[14,9,15,10],"rotation":180,"texture":"#0","tintindex":0}}},{"from":[12,0,0],"to":[14,5,0.4],"rotation":{"angle":0,"axis":"y","origin":[8,8,-7]},"faces":{"north":{"uv":[2,11,4,16],"texture":"#0","tintindex":0},"east":{"uv":[2,11,3,16],"texture":"#0","tintindex":0},"south":{"uv":[2,16,4,11],"rotation":180,"texture":"#0","tintindex":0},"up":{"uv":[4,11,2,12],"texture":"#0","tintindex":0},"down":{"uv":[2,15,4,16],"rotation":180,"texture":"#0","tintindex":0}}},{"from":[9,2,0],"to":[10,5,0.4],"rotation":{"angle":0,"axis":"y","origin":[8,8,-7]},"faces":{"north":{"uv":[6,11,7,14],"texture":"#0","tintindex":0},"east":{"uv":[6,11,7,14],"texture":"#0","tintindex":0},"south":{"uv":[6,14,7,11],"rotation":180,"texture":"#0","tintindex":0},"west":{"uv":[6,11,7,14],"texture":"#0","tintindex":0},"up":{"uv":[7,11,6,12],"texture":"#0","tintindex":0},"down":{"uv":[6,13,7,14],"rotation":180,"texture":"#0","tintindex":0}}},{"from":[6,2,0],"to":[7,5,0.4],"rotation":{"angle":0,"axis":"y","origin":[8,8,-7]},"faces":{"north":{"uv":[9,11,10,14],"texture":"#0","tintindex":0},"east":{"uv":[9,11,10,14],"texture":"#0","tintindex":0},"south":{"uv":[9,14,10,11],"rotation":180,"texture":"#0","tintindex":0},"west":{"uv":[9,11,10,14],"texture":"#0","tintindex":0},"up":{"uv":[10,11,9,12],"texture":"#0","tintindex":0},"down":{"uv":[9,13,10,14],"rotation":180,"texture":"#0","tintindex":0}}},{"from":[14,3,0],"to":[16,4,0.4],"rotation":{"angle":0,"axis":"y","origin":[8,8,-7]},"faces":{"north":{"uv":[0,12,2,13],"texture":"#0","tintindex":0},"south":{"uv":[0,13,2,12],"rotation":180,"texture":"#0","tintindex":0},"up":{"uv":[2,12,0,13],"texture":"#0","tintindex":0},"down":{"uv":[0,12,2,13],"rotation":180,"texture":"#0","tintindex":0}}},{"from":[3,0,0],"to":[4,4,0.4],"rotation":{"angle":0,"axis":"y","origin":[8,8,-7]},"faces":{"north":{"uv":[12,12,13,16],"texture":"#0","tintindex":0},"south":{"uv":[12,16,13,12],"rotation":180,"texture":"#0","tintindex":0},"west":{"uv":[12,12,13,16],"texture":"#0","tintindex":0},"up":{"uv":[13,12,12,13],"texture":"#0","tintindex":0},"down":{"uv":[12,15,13,16],"rotation":180,"texture":"#0","tintindex":0}}},{"from":[0,2,0],"to":[2,4,0.4],"rotation":{"angle":0,"axis":"y","origin":[8,8,-7]},"faces":{"north":{"uv":[14,12,16,14],"texture":"#0","tintindex":0},"east":{"uv":[14,12,15,14],"texture":"#0","tintindex":0},"south":{"uv":[14,14,16,12],"rotation":180,"texture":"#0","tintindex":0},"west":{"uv":[15,12,16,14],"texture":"#0","tintindex":0},"up":{"uv":[16,12,14,13],"texture":"#0","tintindex":0},"down":{"uv":[14,13,16,14],"rotation":180,"texture":"#0","tintindex":0}}},{"from":[14,1,0],"to":[15,3,0.4],"rotation":{"angle":0,"axis":"y","origin":[8,8,-7]},"faces":{"north":{"uv":[1,13,2,15],"texture":"#0","tintindex":0},"east":{"uv":[1,13,2,15],"texture":"#0","tintindex":0},"south":{"uv":[1,15,2,13],"rotation":180,"texture":"#0","tintindex":0},"down":{"uv":[1,14,2,15],"rotation":180,"texture":"#0","tintindex":0}}},{"from":[2,2,0],"to":[3,3,0.4],"rotation":{"angle":0,"axis":"y","origin":[8,8,-7]},"faces":{"north":{"uv":[13,13,14,14],"texture":"#0","tintindex":0},"south":{"uv":[13,14,14,13],"rotation":180,"texture":"#0","tintindex":0},"up":{"uv":[14,13,13,14],"texture":"#0","tintindex":0},"down":{"uv":[13,13,14,14],"rotation":180,"texture":"#0","tintindex":0}}},{"from":[5,1,0],"to":[6,2,0.4],"rotation":{"angle":0,"axis":"y","origin":[8,8,-7]},"faces":{"north":{"uv":[10,14,11,15],"texture":"#0","tintindex":0},"east":{"uv":[10,14,11,15],"texture":"#0","tintindex":0},"south":{"uv":[10,15,11,14],"rotation":180,"texture":"#0","tintindex":0},"up":{"uv":[11,14,10,15],"texture":"#0","tintindex":0},"down":{"uv":[10,14,11,15],"rotation":180,"texture":"#0","tintindex":0}}},{"from":[0,1,0],"to":[1,2,0.4],"rotation":{"angle":0,"axis":"y","origin":[8,8,-7]},"faces":{"north":{"uv":[15,14,16,15],"texture":"#0","tintindex":0},"east":{"uv":[15,14,16,15],"texture":"#0","tintindex":0},"south":{"uv":[15,15,16,14],"rotation":180,"texture":"#0","tintindex":0},"west":{"uv":[15,14,16,15],"texture":"#0","tintindex":0},"down":{"uv":[15,14,16,15],"rotation":180,"texture":"#0","tintindex":0}}},{"from":[9,0,0],"to":[11,1,0.4],"rotation":{"angle":0,"axis":"y","origin":[8,8,-7]},"faces":{"north":{"uv":[5,15,7,16],"texture":"#0","tintindex":0},"south":{"uv":[5,16,7,15],"rotation":180,"texture":"#0","tintindex":0},"west":{"uv":[6,15,7,16],"texture":"#0","tintindex":0},"up":{"uv":[7,15,5,16],"texture":"#0","tintindex":0},"down":{"uv":[5,15,7,16],"rotation":180,"texture":"#0","tintindex":0}}},{"from":[6,0,0],"to":[8,1,0.4],"rotation":{"angle":0,"axis":"y","origin":[8,8,-7]},"faces":{"north":{"uv":[8,15,10,16],"texture":"#0","tintindex":0},"east":{"uv":[8,15,9,16],"texture":"#0","tintindex":0},"south":{"uv":[8,16,10,15],"rotation":180,"texture":"#0","tintindex":0},"west":{"uv":[9,15,10,16],"texture":"#0","tintindex":0},"up":{"uv":[10,15,8,16],"texture":"#0","tintindex":0},"down":{"uv":[8,15,10,16],"rotation":180,"texture":"#0","tintindex":0}}},{"from":[2,0,0],"to":[3,1,0.4],"rotation":{"angle":0,"axis":"y","origin":[8,8,-7]},"faces":{"north":{"uv":[13,15,14,16],"texture":"#0","tintindex":0},"south":{"uv":[13,16,14,15],"rotation":180,"texture":"#0","tintindex":0},"west":{"uv":[13,15,14,16],"texture":"#0","tintindex":0},"up":{"uv":[14,15,13,16],"texture":"#0","tintindex":0},"down":{"uv":[13,15,14,16],"rotation":180,"texture":"#0","tintindex":0}}}],"groups":[{"name":"vine","origin":[8,8,8],"children":[0,1,2,3,4,5,6,7,8,9,10,11,12,13,14,15,16,17,18,19,20,21,22,23,24,25,26,27,28,29,30,31,32,33,34,35,36,37]},{"name":"vine","origin":[8,8,8],"children":[38,39,40,41,42,43,44,45,46,47,48,49,50,51,52,53,54,55,56,57,58,59,60,61,62,63,64,65,66,67,68,69,70,71,72,73,74,75]},{"name":"vine","origin":[8,8,8],"children":[76,77,78,79,80,81,82,83,84,85,86,87,88,89,90,91,92,93,94,95,96,97,98,99,100,101,102,103,104,105,106,107,108,109,110,111,112,113]},{"name":"vine","origin":[8,8,8],"children":[114,115,116,117,118,119,120,121,122,123,124,125,126,127,128,129,130,131,132,133,134,135,136,137,138,139,140,141,142,143,144,145,146,147,148,149,150,151]}]}