{"credit":"ObeeNow","ambientocclusion":false,"textures":{"1":"block/warped_door_bottom","particle":"block/warped_door_top"},"elements":[{"from":[-0.1,15,2],"to":[3.15,16,4.01],"faces":{"north":{"uv":[3,0,2,1],"texture":"#1"},"east":{"uv":[4,0,2,1],"texture":"#1"},"south":{"uv":[4,0,3,1],"texture":"#1"},"west":{"uv":[4,1,2,0],"rotation":180,"texture":"#1","cullface":"west"},"up":{"uv":[2,0,4,1],"rotation":90,"texture":"#1","cullface":"up"},"down":{"uv":[3,0,2,1],"rotation":90,"texture":"#1"}}},{"from":[-0.1,15,6],"to":[3.15,16,7],"faces":{"north":{"uv":[7,0,6,1],"texture":"#1"},"east":{"uv":[7,0,6,1],"texture":"#1"},"south":{"uv":[7,0,6,1],"texture":"#1"},"west":{"uv":[7,1,6,0],"rotation":180,"texture":"#1","cullface":"west"},"up":{"uv":[6,0,7,1],"rotation":90,"texture":"#1","cullface":"up"},"down":{"uv":[7,0,6,1],"rotation":90,"texture":"#1"}}},{"from":[-0.1,14,1],"to":[3.15,15,2],"faces":{"north":{"uv":[2,1,1,2],"texture":"#1"},"east":{"uv":[2,1,1,2],"texture":"#1"},"south":{"uv":[2,1,1,2],"texture":"#1"},"west":{"uv":[2,2,1,1],"rotation":180,"texture":"#1","cullface":"west"},"up":{"uv":[1,1,2,2],"rotation":90,"texture":"#1"},"down":{"uv":[2,1,1,2],"rotation":90,"texture":"#1"}}},{"from":[-0.1,14,4],"to":[3.15,15,6],"faces":{"north":{"uv":[5,1,4,2],"texture":"#1"},"east":{"uv":[6,1,4,2],"texture":"#1"},"south":{"uv":[5,1,4,2],"texture":"#1"},"west":{"uv":[6,2,4,1],"rotation":180,"texture":"#1","cullface":"west"},"up":{"uv":[4,1,6,2],"rotation":90,"texture":"#1"},"down":{"uv":[5,1,4,2],"rotation":90,"texture":"#1"}}},{"from":[-0.1,11,-0.1],"to":[3.15,14,1],"faces":{"north":{"uv":[1,2,0,5],"texture":"#1","cullface":"north"},"east":{"uv":[1,2,0,5],"texture":"#1"},"south":{"uv":[1,2,0,5],"texture":"#1"},"west":{"uv":[1,7,0,4],"rotation":180,"texture":"#1","cullface":"west"},"up":{"uv":[0,2,1,3],"rotation":90,"texture":"#1"},"down":{"uv":[1,4,0,5],"rotation":90,"texture":"#1"}}},{"from":[-0.1,10,11.99],"to":[3.15,11,14],"faces":{"north":{"uv":[14,5,13,6],"texture":"#1"},"east":{"uv":[14,5,12,6],"texture":"#1"},"south":{"uv":[14,5,13,6],"texture":"#1"},"west":{"uv":[14,6,12,5],"rotation":180,"texture":"#1","cullface":"west"},"up":{"uv":[12,5,14,6],"rotation":90,"texture":"#1"},"down":{"uv":[14,5,13,6],"rotation":90,"texture":"#1"}}},{"from":[-0.1,9,11],"to":[3.15,10,12],"faces":{"north":{"uv":[12,6,11,7],"texture":"#1"},"east":{"uv":[12,6,11,7],"texture":"#1"},"south":{"uv":[12,6,11,7],"texture":"#1"},"west":{"uv":[12,7,11,6],"rotation":180,"texture":"#1","cullface":"west"},"up":{"uv":[11,6,12,7],"rotation":90,"texture":"#1"},"down":{"uv":[12,6,11,7],"rotation":90,"texture":"#1"}}},{"from":[-0.1,9,14],"to":[3.15,10,16.1],"faces":{"north":{"uv":[15,6,14,7],"texture":"#1"},"east":{"uv":[16,6,14,7],"texture":"#1"},"south":{"uv":[16,6,15,7],"texture":"#1","cullface":"south"},"west":{"uv":[16,7,14,6],"rotation":180,"texture":"#1","cullface":"west"},"up":{"uv":[14,6,16,7],"rotation":90,"texture":"#1"},"down":{"uv":[15,6,14,7],"rotation":90,"texture":"#1"}}},{"from":[-0.1,8,2],"to":[3.15,9,4.01],"faces":{"north":{"uv":[3,7,2,8],"texture":"#1"},"east":{"uv":[4,7,2,8],"texture":"#1"},"south":{"uv":[4,7,3,8],"texture":"#1"},"west":{"uv":[4,8,2,7],"rotation":180,"texture":"#1","cullface":"west"},"up":{"uv":[2,7,4,8],"rotation":90,"texture":"#1"},"down":{"uv":[3,7,2,8],"rotation":90,"texture":"#1"}}},{"from":[-0.1,7,1],"to":[3.15,8,2],"faces":{"north":{"uv":[2,8,1,9],"texture":"#1"},"east":{"uv":[2,8,1,9],"texture":"#1"},"south":{"uv":[2,8,1,9],"texture":"#1"},"west":{"uv":[2,9,1,8],"rotation":180,"texture":"#1","cullface":"west"},"up":{"uv":[1,8,2,9],"rotation":90,"texture":"#1"},"down":{"uv":[2,8,1,9],"rotation":90,"texture":"#1"}}},{"from":[-0.1,6,4],"to":[3.15,8,5],"faces":{"north":{"uv":[5,8,4,10],"texture":"#1"},"east":{"uv":[5,8,4,10],"texture":"#1"},"south":{"uv":[5,8,4,10],"texture":"#1"},"west":{"uv":[5,10,4,8],"rotation":180,"texture":"#1","cullface":"west"},"up":{"uv":[4,8,5,9],"rotation":90,"texture":"#1"},"down":{"uv":[5,8,4,9],"rotation":90,"texture":"#1"}}},{"from":[-0.1,6,-0.1],"to":[3.15,7,1],"faces":{"north":{"uv":[1,9,0,10],"texture":"#1","cullface":"north"},"east":{"uv":[1,9,0,10],"texture":"#1"},"south":{"uv":[1,9,0,10],"texture":"#1"},"west":{"uv":[1,10,0,9],"rotation":180,"texture":"#1","cullface":"west"},"up":{"uv":[0,9,1,10],"rotation":90,"texture":"#1"},"down":{"uv":[1,9,0,10],"rotation":90,"texture":"#1"}}},{"from":[-0.1,6,10],"to":[3.15,9,11.01],"faces":{"north":{"uv":[11,7,10,10],"texture":"#1"},"east":{"uv":[11,7,10,10],"texture":"#1"},"south":{"uv":[11,7,10,10],"texture":"#1"},"west":{"uv":[11,10,10,7],"rotation":180,"texture":"#1","cullface":"west"},"up":{"uv":[10,7,11,8],"rotation":90,"texture":"#1"},"down":{"uv":[11,9,10,10],"rotation":90,"texture":"#1"}}},{"from":[-0.1,5,4.99],"to":[3.15,6,7],"faces":{"north":{"uv":[6,10,5,11],"texture":"#1"},"east":{"uv":[7,10,5,11],"texture":"#1"},"south":{"uv":[7,10,6,11],"texture":"#1"},"west":{"uv":[7,11,5,10],"rotation":180,"texture":"#1","cullface":"west"},"up":{"uv":[5,10,7,11],"rotation":90,"texture":"#1"},"down":{"uv":[6,10,5,11],"rotation":90,"texture":"#1"}}},{"from":[-0.1,5,9],"to":[3.15,6,10],"faces":{"north":{"uv":[10,10,9,11],"texture":"#1"},"east":{"uv":[10,10,9,11],"texture":"#1"},"south":{"uv":[10,10,9,11],"texture":"#1"},"west":{"uv":[10,11,9,10],"rotation":180,"texture":"#1","cullface":"west"},"up":{"uv":[9,10,10,11],"rotation":90,"texture":"#1"},"down":{"uv":[10,10,9,11],"rotation":90,"texture":"#1"}}},{"from":[-0.1,5,13],"to":[3.15,6,15],"faces":{"north":{"uv":[14,10,13,11],"texture":"#1"},"east":{"uv":[15,10,13,11],"texture":"#1"},"south":{"uv":[15,10,14,11],"texture":"#1"},"west":{"uv":[15,11,13,10],"rotation":180,"texture":"#1","cullface":"west"},"up":{"uv":[13,10,15,11],"rotation":90,"texture":"#1"},"down":{"uv":[14,10,13,11],"rotation":90,"texture":"#1"}}},{"from":[-0.1,4,7],"to":[3.15,5,9],"faces":{"north":{"uv":[8,11,7,12],"texture":"#1"},"east":{"uv":[9,11,7,12],"texture":"#1"},"south":{"uv":[9,11,8,12],"texture":"#1"},"west":{"uv":[9,12,7,11],"rotation":180,"texture":"#1","cullface":"west"},"up":{"uv":[7,11,9,12],"rotation":90,"texture":"#1"},"down":{"uv":[8,11,7,12],"rotation":90,"texture":"#1"}}},{"from":[-0.1,4,15],"to":[3.15,5,16.1],"faces":{"north":{"uv":[16,11,15,12],"texture":"#1"},"east":{"uv":[16,11,15,12],"texture":"#1"},"south":{"uv":[16,11,15,12],"texture":"#1","cullface":"south"},"west":{"uv":[16,12,15,11],"rotation":180,"texture":"#1","cullface":"west"},"up":{"uv":[15,11,16,12],"rotation":90,"texture":"#1"},"down":{"uv":[16,11,15,12],"rotation":90,"texture":"#1"}}},{"from":[-0.1,3,11.99],"to":[3.15,5,13],"faces":{"north":{"uv":[13,11,12,13],"texture":"#1"},"east":{"uv":[13,11,12,13],"texture":"#1"},"south":{"uv":[13,11,12,13],"texture":"#1"},"west":{"uv":[13,13,12,11],"rotation":180,"texture":"#1","cullface":"west"},"up":{"uv":[12,11,13,12],"rotation":90,"texture":"#1"},"down":{"uv":[13,12,12,13],"rotation":90,"texture":"#1"}}},{"from":[-0.1,2,10],"to":[3.15,3,12],"faces":{"north":{"uv":[11,13,10,14],"texture":"#1"},"east":{"uv":[12,13,10,14],"texture":"#1"},"south":{"uv":[11,13,10,14],"texture":"#1"},"west":{"uv":[12,14,10,13],"rotation":180,"texture":"#1","cullface":"west"},"up":{"uv":[10,13,12,14],"rotation":90,"texture":"#1"},"down":{"uv":[11,13,10,14],"rotation":90,"texture":"#1"}}},{"from":[-0.1,-0.01,9],"to":[3.15,2,10],"faces":{"north":{"uv":[10,14,9,16],"texture":"#1"},"east":{"uv":[10,14,9,16],"texture":"#1"},"south":{"uv":[10,14,9,16],"texture":"#1"},"west":{"uv":[10,16,9,14],"rotation":180,"texture":"#1","cullface":"west"},"up":{"uv":[9,14,10,15],"rotation":90,"texture":"#1"},"down":{"uv":[10,15,9,16],"rotation":90,"texture":"#1","cullface":"down"}}},{"from":[0.5,0.01,0],"to":[2.5,16,16],"faces":{"east":{"uv":[16,0,0,16],"texture":"#1"},"west":{"uv":[16,16,0,0],"rotation":180,"texture":"#1"},"down":{"uv":[16,13,0,16],"rotation":90,"texture":"#1"}}},{"from":[0,0,5],"to":[3,16,11],"faces":{"north":{"uv":[6,0,5,16],"texture":"#1"},"east":{"uv":[11,0,5,16],"texture":"#1"},"south":{"uv":[11,0,10,16],"texture":"#1"},"west":{"uv":[11,16,5,0],"rotation":180,"texture":"#1","cullface":"west"},"up":{"uv":[5,0,11,1],"rotation":90,"texture":"#1","cullface":"up"},"down":{"uv":[15,13,9,16],"rotation":90,"texture":"#1","cullface":"down"}}},{"from":[0,0,0],"to":[3,16,4],"faces":{"north":{"uv":[0,0,3,16],"texture":"#1","cullface":"north"},"east":{"uv":[4,0,0,16],"texture":"#1"},"south":{"uv":[3,0,2,16],"texture":"#1"},"west":{"uv":[4,16,0,0],"rotation":180,"texture":"#1","cullface":"west"},"up":{"uv":[0,0,4,1],"rotation":90,"texture":"#1","cullface":"up"},"down":{"uv":[11,13,7,16],"rotation":90,"texture":"#1","cullface":"down"}}},{"from":[0,0,12],"to":[3,16,16],"faces":{"north":{"uv":[12,0,13,16],"texture":"#1"},"east":{"uv":[16,0,12,16],"texture":"#1"},"south":{"uv":[10,0,7,16],"texture":"#1","cullface":"south"},"west":{"uv":[16,16,12,0],"rotation":180,"texture":"#1","cullface":"west"},"up":{"uv":[12,0,16,1],"rotation":90,"texture":"#1","cullface":"up"},"down":{"uv":[11,13,7,16],"rotation":90,"texture":"#1","cullface":"down"}}},{"from":[-0.35,15,11],"to":[3.4,16,14],"faces":{"north":{"uv":[12,0,11,1],"texture":"#1"},"east":{"uv":[14,0,11,1],"texture":"#1"},"south":{"uv":[12,0,11,1],"texture":"#1"},"west":{"uv":[12,1,11,0],"rotation":180,"texture":"#1","cullface":"west"},"up":{"uv":[11,0,12,1],"rotation":90,"texture":"#1","cullface":"up"},"down":{"uv":[12,0,11,1],"rotation":90,"texture":"#1"}}}],"groups":[{"name":"vine1","origin":[8,8,8],"children":[]},{"name":"vine2","origin":[8,8,8],"children":[0,1,2,3,4,5,6,7,8,9,10,11,12,13,14,15,16,17,18,19,20]},{"name":"in","origin":[8,8,8],"children":[21]},{"name":"planks","origin":[8,8,8],"children":[22,23,24]},25]}