{"credit":"ObeeNow","ambientocclusion":false,"textures":{"1":"block/warped_trapdoor","particle":"block/warped_trapdoor"},"elements":[{"from":[0,13,0],"to":[3,16,16],"faces":{"north":{"uv":[13,0,16,3],"texture":"#1"},"east":{"uv":[0,13,16,16],"texture":"#1"},"south":{"uv":[0,0,3,3],"texture":"#1"},"west":{"uv":[0,0,16,3],"texture":"#1"},"up":{"uv":[0,0,3,16],"texture":"#1"},"down":{"uv":[0,0,3,16],"texture":"#1"}}},{"from":[13,13,0],"to":[16,16,16],"faces":{"north":{"uv":[0,0,3,3],"texture":"#1"},"east":{"uv":[0,0,16,3],"texture":"#1"},"south":{"uv":[13,0,16,3],"texture":"#1"},"west":{"uv":[0,13,16,16],"texture":"#1"},"up":{"uv":[13,0,16,16],"texture":"#1"},"down":{"uv":[13,0,16,16],"texture":"#1"}}},{"from":[3,13,13],"to":[13,16,16],"faces":{"north":{"uv":[2,0,12,3],"texture":"#1"},"south":{"uv":[3,0,13,3],"texture":"#1"},"up":{"uv":[3,13,13,16],"texture":"#1"},"down":{"uv":[3,0,13,3],"texture":"#1"}}},{"from":[3,13,0],"to":[13,16,3],"faces":{"north":{"uv":[3,0,13,3],"texture":"#1"},"south":{"uv":[2,0,12,3],"texture":"#1"},"up":{"uv":[3,0,13,3],"texture":"#1"},"down":{"uv":[3,0,13,3],"texture":"#1"}}},{"from":[12,13,5],"to":[13,16,10],"faces":{"north":{"uv":[4,13,5,16],"texture":"#1"},"south":{"uv":[0,0,1,3],"texture":"#1"},"west":{"uv":[5,13,10,16],"texture":"#1"},"up":{"uv":[12,5,13,10],"texture":"#1"},"down":{"uv":[12,5,13,10],"texture":"#1"}}},{"from":[10,13,5],"to":[11,16,12],"faces":{"north":{"uv":[2,0,3,3],"texture":"#1"},"east":{"uv":[5,0,12,3],"texture":"#1"},"south":{"uv":[2,0,3,3],"texture":"#1"},"west":{"uv":[7,13,14,16],"texture":"#1"},"up":{"uv":[10,5,11,12],"texture":"#1"},"down":{"uv":[10,5,11,12],"texture":"#1"}}},{"from":[9,13,10],"to":[10,16,13],"faces":{"north":{"uv":[6,0,7,3],"texture":"#1"},"east":{"uv":[5,0,8,3],"texture":"#1"},"west":{"uv":[8,13,11,16],"texture":"#1"},"up":{"uv":[9,10,10,13],"texture":"#1"},"down":{"uv":[9,10,10,13],"texture":"#1"}}},{"from":[9,13,3],"to":[10,16,7],"faces":{"east":{"uv":[0,0,4,3],"texture":"#1"},"south":{"uv":[2,0,3,3],"texture":"#1"},"west":{"uv":[4,13,8,16],"texture":"#1"},"up":{"uv":[9,3,10,7],"texture":"#1"},"down":{"uv":[9,3,10,7],"texture":"#1"}}},{"from":[11,13,12],"to":[12,16,13],"faces":{"north":{"uv":[8,0,9,3],"texture":"#1"},"east":{"uv":[3,0,4,3],"texture":"#1"},"west":{"uv":[3,0,4,3],"texture":"#1"},"up":{"uv":[11,12,12,13],"texture":"#1"},"down":{"uv":[11,12,12,13],"texture":"#1"}}},{"from":[10,13,3],"to":[11,16,4],"faces":{"east":{"uv":[7,0,8,3],"texture":"#1"},"south":{"uv":[3,0,4,3],"texture":"#1"},"up":{"uv":[8,3,9,4],"texture":"#1"},"down":{"uv":[8,3,9,4],"texture":"#1"}}},{"from":[8,13,3],"to":[9,16,4],"faces":{"south":{"uv":[3,0,4,3],"texture":"#1"},"west":{"uv":[2,0,3,3],"texture":"#1"},"up":{"uv":[10,3,11,4],"texture":"#1"},"down":{"uv":[10,3,11,4],"texture":"#1"}}},{"from":[4,13,3],"to":[5,16,5],"faces":{"south":{"uv":[2,0,3,3],"texture":"#1"},"west":{"uv":[5,13,7,16],"texture":"#1"},"up":{"uv":[4,3,5,5],"texture":"#1"},"down":{"uv":[4,3,5,5],"texture":"#1"}}},{"from":[3,13,6],"to":[4,16,8],"faces":{"north":{"uv":[10,13,11,16],"texture":"#1"},"east":{"uv":[9,13,11,16],"texture":"#1"},"south":{"uv":[11,13,12,16],"texture":"#1"},"up":{"uv":[3,6,4,8],"texture":"#1"},"down":{"uv":[3,6,4,8],"texture":"#1"}}},{"from":[5,13,3],"to":[6,16,6],"faces":{"east":{"uv":[5,0,8,3],"texture":"#1"},"south":{"uv":[2,0,3,3],"texture":"#1"},"west":{"uv":[0,0,3,3],"texture":"#1"},"up":{"uv":[5,3,6,6],"texture":"#1"},"down":{"uv":[5,3,6,6],"texture":"#1"}}},{"from":[6,13,4],"to":[7,16,10],"faces":{"north":{"uv":[6,0,7,3],"texture":"#1"},"east":{"uv":[6,13,12,16],"texture":"#1"},"south":{"uv":[7,13,8,16],"texture":"#1"},"west":{"uv":[5,13,11,16],"texture":"#1"},"up":{"uv":[6,4,7,10],"texture":"#1"},"down":{"uv":[6,4,7,10],"texture":"#1"}}},{"from":[5,13,8],"to":[6,16,13],"faces":{"north":{"uv":[10,13,11,16],"texture":"#1"},"east":{"uv":[5,13,10,16],"texture":"#1"},"west":{"uv":[10,13,15,16],"texture":"#1"},"up":{"uv":[5,8,6,13],"texture":"#1"},"down":{"uv":[5,8,6,13],"texture":"#1"}}},{"from":[4,13,9],"to":[5,16,13],"faces":{"north":{"uv":[9,13,10,16],"texture":"#1"},"west":{"uv":[4,13,8,16],"texture":"#1"},"up":{"uv":[4,9,5,13],"texture":"#1"},"down":{"uv":[4,9,5,13],"texture":"#1"}}},{"from":[6,13,12],"to":[7,16,13],"faces":{"north":{"uv":[5,13,6,16],"texture":"#1"},"east":{"uv":[5,13,6,16],"texture":"#1"},"up":{"uv":[6,12,7,13],"texture":"#1"},"down":{"uv":[6,12,7,13],"texture":"#1"}}}],"display":{"thirdperson_righthand":{"rotation":[75,45,0],"translation":[0,2.5,2],"scale":[0.375,0.375,0.375]},"thirdperson_lefthand":{"rotation":[75,45,0],"translation":[0,2.5,0],"scale":[0.375,0.375,0.375]},"firstperson_righthand":{"rotation":[0,45,0],"translation":[0,3,0],"scale":[0.4,0.4,0.4]},"firstperson_lefthand":{"rotation":[0,225,0],"translation":[0,3,0],"scale":[0.4,0.4,0.4]},"ground":{"translation":[0,3,0],"scale":[0.25,0.25,0.25]},"gui":{"rotation":[30,225,0],"scale":[0.625,0.625,0.625]},"fixed":{"scale":[0.5,0.5,0.5]}}}