{"credit":"ObeeNow","ambientocclusion":false,"textures":{"0":"block/warped_door_top","particle":"block/warped_door_top"},"elements":[{"from":[-0.1,14,8],"to":[3.15,16,9],"rotation":{"angle":0,"axis":"y","origin":[8,-8,8]},"faces":{"north":{"uv":[9,0,8,2],"texture":"#0"},"east":{"uv":[9,0,8,1],"texture":"#0"},"south":{"uv":[9,0,8,2],"texture":"#0"},"west":{"uv":[9,2,8,0],"rotation":180,"texture":"#0","cullface":"west"},"up":{"uv":[8,0,9,1],"rotation":90,"texture":"#0","cullface":"up"},"down":{"uv":[9,0,8,1],"rotation":90,"texture":"#0"}}},{"from":[-0.1,3,11.99],"to":[3.15,4,14],"rotation":{"angle":0,"axis":"y","origin":[8,-8,8]},"faces":{"north":{"uv":[13,12,12,13],"texture":"#0"},"east":{"uv":[14,12,12,13],"texture":"#0"},"south":{"uv":[14,12,13,13],"texture":"#0"},"west":{"uv":[14,13,12,12],"rotation":180,"texture":"#0","cullface":"west"},"up":{"uv":[12,12,14,13],"rotation":90,"texture":"#0"},"down":{"uv":[13,12,12,13],"rotation":90,"texture":"#0"}}},{"from":[-0.1,0,7],"to":[3.15,4,8],"rotation":{"angle":0,"axis":"y","origin":[8,-8,8]},"faces":{"north":{"uv":[8,12,7,16],"texture":"#0"},"east":{"uv":[8,12,7,16],"texture":"#0"},"south":{"uv":[8,12,7,16],"texture":"#0"},"west":{"uv":[8,16,7,12],"rotation":180,"texture":"#0","cullface":"west"},"up":{"uv":[7,12,8,13],"rotation":90,"texture":"#0"},"down":{"uv":[8,12,7,13],"rotation":90,"texture":"#0","cullface":"down"}}},{"from":[-0.1,4,14],"to":[3.15,5,15],"rotation":{"angle":0,"axis":"y","origin":[8,-8,8]},"faces":{"north":{"uv":[15,11,14,12],"texture":"#0"},"east":{"uv":[13,9,12,10],"texture":"#0"},"south":{"uv":[15,11,14,12],"texture":"#0"},"west":{"uv":[15,12,14,11],"rotation":180,"texture":"#0","cullface":"west"},"up":{"uv":[14,11,15,12],"rotation":90,"texture":"#0"},"down":{"uv":[15,11,14,12],"rotation":90,"texture":"#0"}}},{"from":[-0.1,4,11],"to":[3.15,5,12],"rotation":{"angle":0,"axis":"y","origin":[8,-8,8]},"faces":{"north":{"uv":[12,11,11,12],"texture":"#0"},"east":{"uv":[12,11,11,12],"texture":"#0"},"south":{"uv":[12,11,11,12],"texture":"#0"},"west":{"uv":[12,12,11,11],"rotation":180,"texture":"#0","cullface":"west"},"up":{"uv":[11,11,12,12],"rotation":90,"texture":"#0"},"down":{"uv":[12,11,11,12],"rotation":90,"texture":"#0"}}},{"from":[-0.1,4,8],"to":[3.15,5,9],"rotation":{"angle":0,"axis":"y","origin":[8,-8,8]},"faces":{"north":{"uv":[9,11,8,12],"texture":"#0"},"east":{"uv":[9,11,8,12],"texture":"#0"},"south":{"uv":[9,11,8,12],"texture":"#0"},"west":{"uv":[9,12,8,11],"rotation":180,"texture":"#0","cullface":"west"},"up":{"uv":[8,11,9,12],"rotation":90,"texture":"#0"},"down":{"uv":[9,11,8,12],"rotation":90,"texture":"#0"}}},{"from":[-0.1,5,15],"to":[3.15,6,16.1],"rotation":{"angle":0,"axis":"y","origin":[8,-8,8]},"faces":{"north":{"uv":[16,10,15,11],"texture":"#0"},"east":{"uv":[14,8,13,9],"texture":"#0"},"south":{"uv":[16,10,15,11],"texture":"#0","cullface":"south"},"west":{"uv":[16,11,15,10],"rotation":180,"texture":"#0","cullface":"west"},"up":{"uv":[15,10,16,11],"rotation":90,"texture":"#0"},"down":{"uv":[16,10,15,11],"rotation":90,"texture":"#0"}}},{"from":[-0.1,5,9],"to":[3.15,6,11.01],"rotation":{"angle":0,"axis":"y","origin":[8,-8,8]},"faces":{"north":{"uv":[10,10,9,11],"texture":"#0"},"east":{"uv":[11,10,9,11],"texture":"#0"},"south":{"uv":[11,10,10,11],"texture":"#0"},"west":{"uv":[11,11,9,10],"rotation":180,"texture":"#0","cullface":"west"},"up":{"uv":[9,10,11,11],"rotation":90,"texture":"#0"},"down":{"uv":[10,10,9,11],"rotation":90,"texture":"#0"}}},{"from":[-0.1,6,11.99],"to":[3.15,7,13],"rotation":{"angle":0,"axis":"y","origin":[8,-8,8]},"faces":{"north":{"uv":[13,9,12,10],"texture":"#0"},"east":{"uv":[13,9,12,10],"texture":"#0"},"south":{"uv":[13,9,12,10],"texture":"#0"},"west":{"uv":[13,10,12,9],"rotation":180,"texture":"#0","cullface":"west"},"up":{"uv":[12,9,13,10],"rotation":90,"texture":"#0"},"down":{"uv":[13,9,12,10],"rotation":90,"texture":"#0"}}},{"from":[-0.1,7,13],"to":[3.15,8,15],"rotation":{"angle":0,"axis":"y","origin":[8,-8,8]},"faces":{"north":{"uv":[14,8,13,9],"texture":"#0"},"east":{"uv":[15,8,13,9],"texture":"#0"},"south":{"uv":[15,8,14,9],"texture":"#0"},"west":{"uv":[15,9,13,8],"rotation":180,"texture":"#0","cullface":"west"},"up":{"uv":[13,8,15,9],"rotation":90,"texture":"#0"},"down":{"uv":[14,8,13,9],"rotation":90,"texture":"#0"}}},{"from":[-0.1,3,-0.1],"to":[3.15,8,1],"rotation":{"angle":0,"axis":"y","origin":[8,-8,8]},"faces":{"north":{"uv":[1,8,0,13],"texture":"#0"},"east":{"uv":[1,8,0,13],"texture":"#0"},"south":{"uv":[1,8,0,13],"texture":"#0"},"west":{"uv":[1,13,0,8],"rotation":180,"texture":"#0","cullface":"west"},"up":{"uv":[0,8,1,9],"rotation":90,"texture":"#0"},"down":{"uv":[1,8,0,9],"rotation":90,"texture":"#0"}}},{"from":[-0.1,8,15],"to":[3.15,9,16.1],"rotation":{"angle":0,"axis":"y","origin":[8,-8,8]},"faces":{"north":{"uv":[16,7,15,8],"texture":"#0"},"east":{"uv":[16,7,15,8],"texture":"#0"},"south":{"uv":[16,7,15,8],"texture":"#0","cullface":"south"},"west":{"uv":[16,8,15,7],"rotation":180,"texture":"#0","cullface":"west"},"up":{"uv":[15,7,16,8],"rotation":90,"texture":"#0"},"down":{"uv":[16,7,15,8],"rotation":90,"texture":"#0"}}},{"from":[-0.1,8,1],"to":[3.15,9,3],"rotation":{"angle":0,"axis":"y","origin":[8,-8,8]},"faces":{"north":{"uv":[2,7,1,8],"texture":"#0"},"east":{"uv":[3,7,1,8],"texture":"#0"},"south":{"uv":[3,7,2,8],"texture":"#0"},"west":{"uv":[3,8,1,7],"rotation":180,"texture":"#0","cullface":"west"},"up":{"uv":[1,7,3,8],"rotation":90,"texture":"#0"},"down":{"uv":[2,7,1,8],"rotation":90,"texture":"#0"}}},{"from":[-0.1,9,3],"to":[3.15,10,4.01],"rotation":{"angle":0,"axis":"y","origin":[8,-8,8]},"faces":{"north":{"uv":[4,6,3,7],"texture":"#0"},"east":{"uv":[4,6,3,7],"texture":"#0"},"south":{"uv":[4,6,3,7],"texture":"#0"},"west":{"uv":[4,7,3,6],"rotation":180,"texture":"#0","cullface":"west"},"up":{"uv":[3,6,4,7],"rotation":90,"texture":"#0"},"down":{"uv":[4,6,3,7],"rotation":90,"texture":"#0"}}},{"from":[-0.1,10,4],"to":[3.15,12,5],"rotation":{"angle":0,"axis":"y","origin":[8,-8,8]},"faces":{"north":{"uv":[5,4,4,6],"texture":"#0"},"east":{"uv":[5,4,4,6],"texture":"#0"},"south":{"uv":[5,4,4,6],"texture":"#0"},"west":{"uv":[5,6,4,4],"rotation":180,"texture":"#0","cullface":"west"},"down":{"uv":[5,5,4,6],"rotation":90,"texture":"#0"}}},{"from":[-0.1,12,3],"to":[3.15,13,7],"rotation":{"angle":0,"axis":"y","origin":[8,-8,8]},"faces":{"north":{"uv":[4,3,3,4],"texture":"#0"},"east":{"uv":[7,3,3,4],"texture":"#0"},"south":{"uv":[7,3,6,4],"texture":"#0"},"west":{"uv":[7,4,3,3],"rotation":180,"texture":"#0","cullface":"west"},"up":{"uv":[3,3,7,4],"rotation":90,"texture":"#0"},"down":{"uv":[7,3,6,4],"rotation":90,"texture":"#0"}}},{"from":[-0.1,13,13],"to":[3.15,14,16.1],"rotation":{"angle":0,"axis":"y","origin":[8,-8,8]},"faces":{"north":{"uv":[14,2,13,3],"texture":"#0"},"east":{"uv":[16,2,13,3],"texture":"#0"},"south":{"uv":[16,2,15,3],"texture":"#0","cullface":"south"},"west":{"uv":[16,3,13,2],"rotation":180,"texture":"#0","cullface":"west"},"up":{"uv":[13,2,16,3],"rotation":90,"texture":"#0"},"down":{"uv":[14,2,13,3],"rotation":90,"texture":"#0"}}},{"from":[-0.1,13,7],"to":[3.15,14,8],"rotation":{"angle":0,"axis":"y","origin":[8,-8,8]},"faces":{"north":{"uv":[8,2,7,3],"texture":"#0"},"east":{"uv":[8,2,7,3],"texture":"#0"},"south":{"uv":[8,2,7,3],"texture":"#0"},"west":{"uv":[8,3,7,2],"rotation":180,"texture":"#0","cullface":"west"},"up":{"uv":[7,2,8,3],"rotation":90,"texture":"#0"},"down":{"uv":[8,2,7,3],"rotation":90,"texture":"#0"}}},{"from":[-0.1,13,1],"to":[3.15,14,3],"rotation":{"angle":0,"axis":"y","origin":[8,-8,8]},"faces":{"north":{"uv":[2,2,1,3],"texture":"#0"},"east":{"uv":[3,2,1,3],"texture":"#0"},"south":{"uv":[3,2,2,3],"texture":"#0"},"west":{"uv":[3,3,1,2],"rotation":180,"texture":"#0","cullface":"west"},"up":{"uv":[1,2,3,3],"rotation":90,"texture":"#0"},"down":{"uv":[3,2,2,3],"rotation":90,"texture":"#0"}}},{"from":[-0.1,14,11.99],"to":[3.15,15,13],"rotation":{"angle":0,"axis":"y","origin":[8,-8,8]},"faces":{"north":{"uv":[13,1,12,2],"texture":"#0"},"east":{"uv":[13,1,12,2],"texture":"#0"},"south":{"uv":[13,1,12,2],"texture":"#0"},"west":{"uv":[13,2,12,1],"rotation":180,"texture":"#0","cullface":"west"},"up":{"uv":[12,1,13,2],"rotation":90,"texture":"#0"},"down":{"uv":[13,1,12,2],"rotation":90,"texture":"#0"}}},{"from":[-0.1,14,-0.1],"to":[3.15,15,1],"rotation":{"angle":0,"axis":"y","origin":[8,-8,8]},"faces":{"north":{"uv":[1,1,0,2],"texture":"#0"},"east":{"uv":[1,1,0,2],"texture":"#0"},"south":{"uv":[1,1,0,2],"texture":"#0"},"west":{"uv":[1,2,0,1],"rotation":180,"texture":"#0","cullface":"west"},"up":{"uv":[0,1,1,2],"rotation":90,"texture":"#0"},"down":{"uv":[1,1,0,2],"rotation":90,"texture":"#0"}}},{"from":[0.5,0,0],"to":[2.5,15.98,16],"rotation":{"angle":0,"axis":"y","origin":[8,-8,8]},"faces":{"east":{"uv":[16,0,0,16],"texture":"#0"},"west":{"uv":[16,16,0,0],"rotation":180,"texture":"#0"},"up":{"uv":[0,0,16,3],"rotation":90,"texture":"#0"},"down":{"uv":[16,15,0,16],"rotation":90,"texture":"#0","cullface":"down"}}},{"from":[0,0,5],"to":[3,15.99,11],"rotation":{"angle":0,"axis":"y","origin":[8,-8,8]},"faces":{"north":{"uv":[6,0,5,16],"texture":"#0"},"east":{"uv":[11,0,5,16],"texture":"#0"},"south":{"uv":[11,0,10,16],"texture":"#0"},"west":{"uv":[11,16,5,0],"rotation":180,"texture":"#0","cullface":"west"},"up":{"uv":[5,8,11,11],"rotation":90,"texture":"#0"},"down":{"uv":[11,15,5,16],"rotation":90,"texture":"#0","cullface":"down"}}},{"from":[0,0,0],"to":[3,15.99,4],"rotation":{"angle":0,"axis":"y","origin":[8,-8,8]},"faces":{"north":{"uv":[0,0,3,16],"texture":"#0"},"east":{"uv":[4,0,0,16],"texture":"#0"},"south":{"uv":[4,0,3,16],"texture":"#0"},"west":{"uv":[4,16,0,0],"rotation":180,"texture":"#0"},"up":{"uv":[7,4,11,7],"rotation":90,"texture":"#0"},"down":{"uv":[4,15,0,16],"rotation":90,"texture":"#0","cullface":"down"}}},{"from":[0,0,12],"to":[3,15.99,16],"rotation":{"angle":0,"axis":"y","origin":[8,-8,8]},"faces":{"north":{"uv":[12,0,13,16],"texture":"#0"},"east":{"uv":[16,0,12,16],"texture":"#0"},"south":{"uv":[16,0,13,16],"texture":"#0","cullface":"south"},"west":{"uv":[16,16,12,0],"rotation":180,"texture":"#0","cullface":"west"},"up":{"uv":[0,7,4,10],"rotation":90,"texture":"#0"},"down":{"uv":[16,15,12,16],"rotation":90,"texture":"#0","cullface":"down"}}},{"from":[-0.35,0,14],"to":[3.4,2,15],"rotation":{"angle":0,"axis":"y","origin":[8,-8,8]},"faces":{"north":{"uv":[15,15,14,16],"texture":"#0"},"east":{"uv":[15,14,14,16],"texture":"#0"},"south":{"uv":[15,15,14,16],"texture":"#0"},"west":{"uv":[15,16,14,15],"rotation":180,"texture":"#0","cullface":"west"},"up":{"uv":[14,15,15,16],"rotation":90,"texture":"#0"},"down":{"uv":[15,15,14,16],"rotation":90,"texture":"#0","cullface":"down"}}},{"from":[-0.35,0,10],"to":[3.4,2,11.001],"rotation":{"angle":0,"axis":"y","origin":[8,-8,8]},"faces":{"north":{"uv":[11,15,10,16],"texture":"#0"},"east":{"uv":[11,14,10,16],"texture":"#0"},"south":{"uv":[11,15,10,16],"texture":"#0"},"west":{"uv":[11,16,10,15],"rotation":180,"texture":"#0","cullface":"west"},"up":{"uv":[10,15,11,16],"rotation":90,"texture":"#0"},"down":{"uv":[11,15,10,16],"rotation":90,"texture":"#0","cullface":"down"}}}],"groups":[{"name":"vine1","origin":[8,8,8],"children":[0,1,2,3,4,5,6,7,8,9,10,11,12,13,14,15,16,17,18,19,20]},{"name":"in","origin":[8,8,8],"children":[21]},{"name":"planks","origin":[8,8,8],"children":[22,23,24]},25,26]}