{"credit":"ObeeNow","ambientocclusion":false,"textures":{"0":"block/warped_door_top","particle":"block/warped_door_top"},"elements":[{"from":[-0.1,14,7],"to":[3.15,16,8],"rotation":{"angle":0,"axis":"y","origin":[8,-8,8]},"faces":{"north":{"uv":[8,0,9,2],"texture":"#0"},"east":{"uv":[8,0,9,1],"texture":"#0"},"south":{"uv":[8,0,9,2],"texture":"#0"},"west":{"uv":[8,2,9,0],"rotation":180,"texture":"#0","cullface":"west"},"up":{"uv":[9,0,8,1],"rotation":90,"texture":"#0","cullface":"up"},"down":{"uv":[8,0,9,1],"rotation":90,"texture":"#0"}}},{"from":[-0.1,3,2],"to":[3.15,4,4.01],"rotation":{"angle":0,"axis":"y","origin":[8,-8,8]},"faces":{"north":{"uv":[13,12,14,13],"texture":"#0"},"east":{"uv":[12,12,14,13],"texture":"#0"},"south":{"uv":[12,12,13,13],"texture":"#0"},"west":{"uv":[12,13,14,12],"rotation":180,"texture":"#0","cullface":"west"},"up":{"uv":[14,12,12,13],"rotation":90,"texture":"#0"},"down":{"uv":[12,12,13,13],"rotation":90,"texture":"#0"}}},{"from":[-0.1,0,8],"to":[3.15,4,9],"rotation":{"angle":0,"axis":"y","origin":[8,-8,8]},"faces":{"north":{"uv":[7,12,8,16],"texture":"#0"},"east":{"uv":[7,12,8,16],"texture":"#0"},"south":{"uv":[7,12,8,16],"texture":"#0"},"west":{"uv":[7,16,8,12],"rotation":180,"texture":"#0","cullface":"west"},"up":{"uv":[8,12,7,13],"rotation":90,"texture":"#0"},"down":{"uv":[7,12,8,13],"rotation":90,"texture":"#0","cullface":"down"}}},{"from":[-0.1,4,1],"to":[3.15,5,2],"rotation":{"angle":0,"axis":"y","origin":[8,-8,8]},"faces":{"north":{"uv":[14,11,15,12],"texture":"#0"},"east":{"uv":[12,9,13,10],"texture":"#0"},"south":{"uv":[14,11,15,12],"texture":"#0"},"west":{"uv":[14,12,15,11],"rotation":180,"texture":"#0","cullface":"west"},"up":{"uv":[15,11,14,12],"rotation":90,"texture":"#0"},"down":{"uv":[14,11,15,12],"rotation":90,"texture":"#0"}}},{"from":[-0.1,4,4],"to":[3.15,5,5],"rotation":{"angle":0,"axis":"y","origin":[8,-8,8]},"faces":{"north":{"uv":[11,11,12,12],"texture":"#0"},"east":{"uv":[11,11,12,12],"texture":"#0"},"south":{"uv":[11,11,12,12],"texture":"#0"},"west":{"uv":[11,12,12,11],"rotation":180,"texture":"#0","cullface":"west"},"up":{"uv":[12,11,11,12],"rotation":90,"texture":"#0"},"down":{"uv":[11,11,12,12],"rotation":90,"texture":"#0"}}},{"from":[-0.1,4,7],"to":[3.15,5,8],"rotation":{"angle":0,"axis":"y","origin":[8,-8,8]},"faces":{"north":{"uv":[8,11,9,12],"texture":"#0"},"east":{"uv":[8,11,9,12],"texture":"#0"},"south":{"uv":[8,11,9,12],"texture":"#0"},"west":{"uv":[8,12,9,11],"rotation":180,"texture":"#0","cullface":"west"},"up":{"uv":[9,11,8,12],"rotation":90,"texture":"#0"},"down":{"uv":[8,11,9,12],"rotation":90,"texture":"#0"}}},{"from":[-0.1,5,-0.1],"to":[3.15,6,1],"rotation":{"angle":0,"axis":"y","origin":[8,-8,8]},"faces":{"north":{"uv":[15,10,16,11],"texture":"#0","cullface":"north"},"east":{"uv":[13,8,14,9],"texture":"#0"},"south":{"uv":[15,10,16,11],"texture":"#0"},"west":{"uv":[15,11,16,10],"rotation":180,"texture":"#0","cullface":"west"},"up":{"uv":[16,10,15,11],"rotation":90,"texture":"#0"},"down":{"uv":[15,10,16,11],"rotation":90,"texture":"#0"}}},{"from":[-0.1,5,4.99],"to":[3.15,6,7],"rotation":{"angle":0,"axis":"y","origin":[8,-8,8]},"faces":{"north":{"uv":[10,10,11,11],"texture":"#0"},"east":{"uv":[9,10,11,11],"texture":"#0"},"south":{"uv":[9,10,10,11],"texture":"#0"},"west":{"uv":[9,11,11,10],"rotation":180,"texture":"#0","cullface":"west"},"up":{"uv":[11,10,9,11],"rotation":90,"texture":"#0"},"down":{"uv":[9,10,10,11],"rotation":90,"texture":"#0"}}},{"from":[-0.1,6,3],"to":[3.15,7,4.01],"rotation":{"angle":0,"axis":"y","origin":[8,-8,8]},"faces":{"north":{"uv":[12,9,13,10],"texture":"#0"},"east":{"uv":[12,9,13,10],"texture":"#0"},"south":{"uv":[12,9,13,10],"texture":"#0"},"west":{"uv":[12,10,13,9],"rotation":180,"texture":"#0","cullface":"west"},"up":{"uv":[13,9,12,10],"rotation":90,"texture":"#0"},"down":{"uv":[12,9,13,10],"rotation":90,"texture":"#0"}}},{"from":[-0.1,7,1],"to":[3.15,8,3],"rotation":{"angle":0,"axis":"y","origin":[8,-8,8]},"faces":{"north":{"uv":[14,8,15,9],"texture":"#0"},"east":{"uv":[13,8,15,9],"texture":"#0"},"south":{"uv":[13,8,14,9],"texture":"#0"},"west":{"uv":[13,9,15,8],"rotation":180,"texture":"#0","cullface":"west"},"up":{"uv":[15,8,13,9],"rotation":90,"texture":"#0"},"down":{"uv":[13,8,14,9],"rotation":90,"texture":"#0"}}},{"from":[-0.1,3,15],"to":[3.15,8,16.1],"rotation":{"angle":0,"axis":"y","origin":[8,-8,8]},"faces":{"north":{"uv":[0,8,1,13],"texture":"#0"},"east":{"uv":[0,8,1,13],"texture":"#0"},"south":{"uv":[0,8,1,13],"texture":"#0","cullface":"south"},"west":{"uv":[0,13,1,8],"rotation":180,"texture":"#0","cullface":"west"},"up":{"uv":[1,8,0,9],"rotation":90,"texture":"#0"},"down":{"uv":[0,8,1,9],"rotation":90,"texture":"#0"}}},{"from":[-0.1,8,-0.1],"to":[3.15,9,1],"rotation":{"angle":0,"axis":"y","origin":[8,-8,8]},"faces":{"north":{"uv":[15,7,16,8],"texture":"#0","cullface":"north"},"east":{"uv":[15,7,16,8],"texture":"#0"},"south":{"uv":[15,7,16,8],"texture":"#0"},"west":{"uv":[15,8,16,7],"rotation":180,"texture":"#0","cullface":"west"},"up":{"uv":[16,7,15,8],"rotation":90,"texture":"#0"},"down":{"uv":[15,7,16,8],"rotation":90,"texture":"#0"}}},{"from":[-0.1,8,13],"to":[3.15,9,15],"rotation":{"angle":0,"axis":"y","origin":[8,-8,8]},"faces":{"north":{"uv":[2,7,3,8],"texture":"#0"},"east":{"uv":[1,7,3,8],"texture":"#0"},"south":{"uv":[1,7,2,8],"texture":"#0"},"west":{"uv":[1,8,3,7],"rotation":180,"texture":"#0","cullface":"west"},"up":{"uv":[3,7,1,8],"rotation":90,"texture":"#0"},"down":{"uv":[1,7,2,8],"rotation":90,"texture":"#0"}}},{"from":[-0.1,9,11.99],"to":[3.15,10,13],"rotation":{"angle":0,"axis":"y","origin":[8,-8,8]},"faces":{"north":{"uv":[3,6,4,7],"texture":"#0"},"east":{"uv":[3,6,4,7],"texture":"#0"},"south":{"uv":[3,6,4,7],"texture":"#0"},"west":{"uv":[3,7,4,6],"rotation":180,"texture":"#0","cullface":"west"},"up":{"uv":[4,6,3,7],"rotation":90,"texture":"#0"},"down":{"uv":[3,6,4,7],"rotation":90,"texture":"#0"}}},{"from":[-0.1,10,11],"to":[3.15,12,12],"rotation":{"angle":0,"axis":"y","origin":[8,-8,8]},"faces":{"north":{"uv":[4,4,5,6],"texture":"#0"},"east":{"uv":[4,4,5,6],"texture":"#0"},"south":{"uv":[4,4,5,6],"texture":"#0"},"west":{"uv":[4,6,5,4],"rotation":180,"texture":"#0","cullface":"west"},"down":{"uv":[4,5,5,6],"rotation":90,"texture":"#0"}}},{"from":[-0.1,12,9],"to":[3.15,13,13],"rotation":{"angle":0,"axis":"y","origin":[8,-8,8]},"faces":{"north":{"uv":[6,3,7,4],"texture":"#0"},"east":{"uv":[3,3,7,4],"texture":"#0"},"south":{"uv":[3,3,4,4],"texture":"#0"},"west":{"uv":[3,4,7,3],"rotation":180,"texture":"#0","cullface":"west"},"up":{"uv":[7,3,3,4],"rotation":90,"texture":"#0"},"down":{"uv":[6,3,7,4],"rotation":90,"texture":"#0"}}},{"from":[-0.1,13,-0.1],"to":[3.15,14,3],"rotation":{"angle":0,"axis":"y","origin":[8,-8,8]},"faces":{"north":{"uv":[15,2,16,3],"texture":"#0","cullface":"north"},"east":{"uv":[13,2,16,3],"texture":"#0"},"south":{"uv":[13,2,14,3],"texture":"#0"},"west":{"uv":[13,3,16,2],"rotation":180,"texture":"#0","cullface":"west"},"up":{"uv":[16,2,13,3],"rotation":90,"texture":"#0"},"down":{"uv":[13,2,14,3],"rotation":90,"texture":"#0"}}},{"from":[-0.1,13,8],"to":[3.15,14,9],"rotation":{"angle":0,"axis":"y","origin":[8,-8,8]},"faces":{"north":{"uv":[7,2,8,3],"texture":"#0"},"east":{"uv":[7,2,8,3],"texture":"#0"},"south":{"uv":[7,2,8,3],"texture":"#0"},"west":{"uv":[7,3,8,2],"rotation":180,"texture":"#0","cullface":"west"},"up":{"uv":[8,2,7,3],"rotation":90,"texture":"#0"},"down":{"uv":[7,2,8,3],"rotation":90,"texture":"#0"}}},{"from":[-0.1,13,13],"to":[3.15,14,15],"rotation":{"angle":0,"axis":"y","origin":[8,-8,8]},"faces":{"north":{"uv":[2,2,3,3],"texture":"#0"},"east":{"uv":[1,2,3,3],"texture":"#0"},"south":{"uv":[1,2,2,3],"texture":"#0"},"west":{"uv":[1,3,3,2],"rotation":180,"texture":"#0","cullface":"west"},"up":{"uv":[3,2,1,3],"rotation":90,"texture":"#0"},"down":{"uv":[2,2,3,3],"rotation":90,"texture":"#0"}}},{"from":[-0.1,14,3],"to":[3.15,15,4.01],"rotation":{"angle":0,"axis":"y","origin":[8,-8,8]},"faces":{"north":{"uv":[12,1,13,2],"texture":"#0"},"east":{"uv":[12,1,13,2],"texture":"#0"},"south":{"uv":[12,1,13,2],"texture":"#0"},"west":{"uv":[12,2,13,1],"rotation":180,"texture":"#0","cullface":"west"},"up":{"uv":[13,1,12,2],"rotation":90,"texture":"#0"},"down":{"uv":[12,1,13,2],"rotation":90,"texture":"#0"}}},{"from":[-0.1,14,15],"to":[3.15,15,16.1],"rotation":{"angle":0,"axis":"y","origin":[8,-8,8]},"faces":{"north":{"uv":[0,1,1,2],"texture":"#0"},"east":{"uv":[0,1,1,2],"texture":"#0"},"south":{"uv":[0,1,1,2],"texture":"#0","cullface":"south"},"west":{"uv":[0,2,1,1],"rotation":180,"texture":"#0","cullface":"west"},"up":{"uv":[1,1,0,2],"rotation":90,"texture":"#0"},"down":{"uv":[0,1,1,2],"rotation":90,"texture":"#0"}}},{"from":[0.5,0,0],"to":[2.5,15.98,16],"rotation":{"angle":0,"axis":"y","origin":[8,-8,8]},"faces":{"east":{"uv":[0,0,16,16],"texture":"#0"},"west":{"uv":[0,16,16,0],"rotation":180,"texture":"#0"},"up":{"uv":[16,0,0,3],"rotation":90,"texture":"#0"},"down":{"uv":[0,15,16,16],"rotation":90,"texture":"#0","cullface":"down"}}},{"from":[0,0,5],"to":[3,15.99,11],"rotation":{"angle":0,"axis":"y","origin":[8,-8,8]},"faces":{"north":{"uv":[10,0,11,16],"texture":"#0"},"east":{"uv":[5,0,11,16],"texture":"#0"},"south":{"uv":[5,0,6,16],"texture":"#0"},"west":{"uv":[5,16,11,0],"rotation":180,"texture":"#0","cullface":"west"},"up":{"uv":[11,8,5,11],"rotation":90,"texture":"#0"},"down":{"uv":[5,15,11,16],"rotation":90,"texture":"#0","cullface":"down"}}},{"from":[0,0,12],"to":[3,15.99,16],"rotation":{"angle":0,"axis":"y","origin":[8,-8,8]},"faces":{"north":{"uv":[3,0,4,16],"texture":"#0"},"east":{"uv":[0,0,4,16],"texture":"#0"},"south":{"uv":[3,0,0,16],"texture":"#0","cullface":"south"},"west":{"uv":[0,16,4,0],"rotation":180,"texture":"#0","cullface":"west"},"up":{"uv":[11,4,7,7],"rotation":90,"texture":"#0"},"down":{"uv":[0,15,4,16],"rotation":90,"texture":"#0","cullface":"down"}}},{"from":[0,0,0],"to":[3,15.99,4],"rotation":{"angle":0,"axis":"y","origin":[8,-8,8]},"faces":{"north":{"uv":[13,0,16,16],"texture":"#0","cullface":"north"},"east":{"uv":[12,0,16,16],"texture":"#0"},"south":{"uv":[13,0,12,16],"texture":"#0"},"west":{"uv":[12,16,16,0],"rotation":180,"texture":"#0","cullface":"west"},"up":{"uv":[4,7,0,10],"rotation":90,"texture":"#0"},"down":{"uv":[12,15,16,16],"rotation":90,"texture":"#0","cullface":"down"}}},{"from":[-0.35,0,1],"to":[3.4,2,2],"rotation":{"angle":0,"axis":"y","origin":[8,-8,8]},"faces":{"north":{"uv":[14,15,15,16],"texture":"#0"},"east":{"uv":[14,14,15,16],"texture":"#0"},"south":{"uv":[14,15,15,16],"texture":"#0"},"west":{"uv":[14,16,15,15],"rotation":180,"texture":"#0","cullface":"west"},"up":{"uv":[15,15,14,16],"rotation":90,"texture":"#0"},"down":{"uv":[14,15,15,16],"rotation":90,"texture":"#0","cullface":"down"}}},{"from":[-0.35,0,4.999],"to":[3.4,2,6],"rotation":{"angle":0,"axis":"y","origin":[8,-8,8]},"faces":{"north":{"uv":[10,15,11,16],"texture":"#0"},"east":{"uv":[10,14,11,16],"texture":"#0"},"south":{"uv":[10,15,11,16],"texture":"#0"},"west":{"uv":[10,16,11,15],"rotation":180,"texture":"#0","cullface":"west"},"up":{"uv":[11,15,10,16],"rotation":90,"texture":"#0"},"down":{"uv":[10,15,11,16],"rotation":90,"texture":"#0","cullface":"down"}}}],"groups":[{"name":"vine1","origin":[8,8,8],"children":[0,1,2,3,4,5,6,7,8,9,10,11,12,13,14,15,16,17,18,19,20]},{"name":"in","origin":[8,8,8],"children":[21]},{"name":"planks","origin":[8,8,8],"children":[22,23,24]},25,26]}