{
	"textures": {
		"0": "item/exposed_copper_golem",
		"particle": "item/exposed_copper_golem"
	},
	"elements": [
		{
			"from": [4, 10, 4],
			"to": [12, 15, 12],
			"faces": {
				"north": {"uv": [0, 0, 4, 2.5], "texture": "#0"},
				"east": {"uv": [0, 3, 4, 5.5], "texture": "#0"},
				"south": {"uv": [0, 9, 4, 11.5], "texture": "#0"},
				"west": {"uv": [0, 6, 4, 8.5], "texture": "#0"},
				"up": {"uv": [0, 12, 4, 16], "texture": "#0"},
				"down": {"uv": [4, 12, 8, 16], "texture": "#0"}
			}
		},
		{
			"from": [7, 9, 2],
			"to": [9, 12, 4],
			"faces": {
				"north": {"uv": [6, 1, 7, 2.5], "texture": "#0"},
				"east": {"uv": [4.5, 1, 5.5, 2.5], "texture": "#0"},
				"south": {"uv": [9, 1, 10, 2.5], "texture": "#0"},
				"west": {"uv": [7.5, 1, 8.5, 2.5], "texture": "#0"},
				"up": {"uv": [4.5, 3, 5.5, 4], "texture": "#0"},
				"down": {"uv": [6, 3, 7, 4], "texture": "#0"}
			}
		},
		{
			"from": [7, 15, 7],
			"to": [9, 18, 9],
			"faces": {
				"north": {"uv": [14.5, 0.5, 15.5, 2], "texture": "#0"},
				"east": {"uv": [14.5, 0.5, 15.5, 2], "texture": "#0"},
				"south": {"uv": [14.5, 0.5, 15.5, 2], "texture": "#0"},
				"west": {"uv": [14.5, 0.5, 15.5, 2], "texture": "#0"},
				"up": {"uv": [4.5, 3, 5.5, 4], "texture": "#0"},
				"down": {"uv": [4.5, 3, 5.5, 4], "texture": "#0"}
			}
		},
		{
			"from": [6, 18, 6],
			"to": [10, 21, 10],
			"faces": {
				"north": {"uv": [13.5, 2.5, 15.5, 4], "texture": "#0"},
				"east": {"uv": [13.5, 2.5, 15.5, 4], "texture": "#0"},
				"south": {"uv": [13.5, 2.5, 15.5, 4], "texture": "#0"},
				"west": {"uv": [13.5, 2.5, 15.5, 4], "texture": "#0"},
				"up": {"uv": [11, 3, 13, 5], "texture": "#0"},
				"down": {"uv": [11, 0.5, 13, 2.5], "texture": "#0"}
			}
		},
		{
			"from": [4, 4, 6],
			"to": [12, 10, 11],
			"faces": {
				"north": {"uv": [12, 10, 16, 13], "texture": "#0"},
				"east": {"uv": [13, 13, 15.5, 16], "texture": "#0"},
				"south": {"uv": [8, 10, 12, 13], "texture": "#0"},
				"west": {"uv": [13, 13, 15.5, 16], "texture": "#0"},
				"up": {"uv": [8.5, 13.5, 12.5, 16], "texture": "#0"},
				"down": {"uv": [8.5, 13.5, 12.5, 16], "texture": "#0"}
			}
		},
		{
			"from": [4, 0, 7],
			"to": [8, 4, 10],
			"faces": {
				"north": {"uv": [13.5, 7.5, 15.5, 9.5], "texture": "#0"},
				"east": {"uv": [11.5, 7.5, 13, 9.5], "texture": "#0"},
				"south": {"uv": [13.5, 7.5, 15.5, 9.5], "texture": "#0"},
				"west": {"uv": [11.5, 7.5, 13, 9.5], "texture": "#0"},
				"up": {"uv": [13.5, 5.5, 15.5, 7], "texture": "#0"},
				"down": {"uv": [11, 5.5, 13, 7], "texture": "#0"}
			}
		},
		{
			"from": [8, 0, 7],
			"to": [12, 4, 10],
			"faces": {
				"north": {"uv": [13.5, 7.5, 15.5, 9.5], "texture": "#0"},
				"east": {"uv": [11.5, 7.5, 13, 9.5], "texture": "#0"},
				"south": {"uv": [13.5, 7.5, 15.5, 9.5], "texture": "#0"},
				"west": {"uv": [11.5, 7.5, 13, 9.5], "texture": "#0"},
				"up": {"uv": [13.5, 5.5, 15.5, 7], "texture": "#0"},
				"down": {"uv": [11, 5.5, 13, 7], "texture": "#0"}
			}
		},
		{
			"from": [12, 1, 7],
			"to": [14, 11, 10],
			"faces": {
				"north": {"uv": [4.5, 6.5, 5.5, 11.5], "texture": "#0"},
				"east": {"uv": [6, 6.5, 7.5, 11.5], "texture": "#0"},
				"south": {"uv": [4.5, 6.5, 5.5, 11.5], "texture": "#0"},
				"west": {"uv": [6, 6.5, 7.5, 11.5], "texture": "#0"},
				"up": {"uv": [4.5, 4.5, 5.5, 6], "texture": "#0"},
				"down": {"uv": [6, 4.5, 7, 6], "texture": "#0"}
			}
		},
		{
			"from": [2, 1, 7],
			"to": [4, 11, 10],
			"faces": {
				"north": {"uv": [4.5, 6.5, 5.5, 11.5], "texture": "#0"},
				"east": {"uv": [6, 6.5, 7.5, 11.5], "texture": "#0"},
				"south": {"uv": [4.5, 6.5, 5.5, 11.5], "texture": "#0"},
				"west": {"uv": [6, 6.5, 7.5, 11.5], "texture": "#0"},
				"up": {"uv": [4.5, 4.5, 5.5, 6], "texture": "#0"},
				"down": {"uv": [6, 4.5, 7, 6], "texture": "#0"}
			}
		}
	],
	"display": {
		"thirdperson_righthand": {
			"rotation": [90, 0, 0],
			"translation": [-6, -2, 4.8],
			"scale": [2.1, 2.1, 2.1]
		},
		"head": {
			"translation": [0, -12.323, 0],
			"scale": [2.37, 2.37, 2.37]
		}
	}
}