{
	"textures": {
		"0": "item/exposed_copper_golem",
		"particle": "item/exposed_copper_golem"
	},
	"elements": [
		{
			"from": [4, 4, 6],
			"to": [12, 10, 11],
			"faces": {
				"north": {"uv": [12, 10, 16, 13], "texture": "#0"},
				"east": {"uv": [13, 13, 15.5, 16], "texture": "#0"},
				"south": {"uv": [8, 10, 12, 13], "texture": "#0"},
				"west": {"uv": [13, 13, 15.5, 16], "texture": "#0"},
				"up": {"uv": [8.5, 13.5, 12.5, 16], "texture": "#0"},
				"down": {"uv": [8.5, 13.5, 12.5, 16], "texture": "#0"}
			}
		},
		{
			"from": [4, 0, 7],
			"to": [8, 4, 10],
			"faces": {
				"north": {"uv": [13.5, 7.5, 15.5, 9.5], "texture": "#0"},
				"east": {"uv": [11.5, 7.5, 13, 9.5], "texture": "#0"},
				"south": {"uv": [13.5, 7.5, 15.5, 9.5], "texture": "#0"},
				"west": {"uv": [11.5, 7.5, 13, 9.5], "texture": "#0"},
				"up": {"uv": [13.5, 5.5, 15.5, 7], "texture": "#0"},
				"down": {"uv": [11, 5.5, 13, 7], "texture": "#0"}
			}
		},
		{
			"from": [8, 0, 7],
			"to": [12, 4, 10],
			"faces": {
				"north": {"uv": [13.5, 7.5, 15.5, 9.5], "texture": "#0"},
				"east": {"uv": [11.5, 7.5, 13, 9.5], "texture": "#0"},
				"south": {"uv": [13.5, 7.5, 15.5, 9.5], "texture": "#0"},
				"west": {"uv": [11.5, 7.5, 13, 9.5], "texture": "#0"},
				"up": {"uv": [13.5, 5.5, 15.5, 7], "texture": "#0"},
				"down": {"uv": [11, 5.5, 13, 7], "texture": "#0"}
			}
		},
		{
			"from": [12, 1, 7],
			"to": [14, 11, 10],
			"rotation": {"angle": 22.5, "axis": "x", "origin": [13, 10.5, 8.5]},
			"faces": {
				"north": {"uv": [4.5, 6.5, 5.5, 11.5], "texture": "#0"},
				"east": {"uv": [6, 6.5, 7.5, 11.5], "texture": "#0"},
				"south": {"uv": [4.5, 6.5, 5.5, 11.5], "texture": "#0"},
				"west": {"uv": [6, 6.5, 7.5, 11.5], "texture": "#0"},
				"up": {"uv": [4.5, 4.5, 5.5, 6], "texture": "#0"},
				"down": {"uv": [6, 4.5, 7, 6], "texture": "#0"}
			}
		},
		{
			"from": [2, 1, 7],
			"to": [4, 11, 10],
			"rotation": {"angle": 22.5, "axis": "x", "origin": [3, 10.5, 8.5]},
			"faces": {
				"north": {"uv": [4.5, 6.5, 5.5, 11.5], "texture": "#0"},
				"east": {"uv": [6, 6.5, 7.5, 11.5], "texture": "#0"},
				"south": {"uv": [4.5, 6.5, 5.5, 11.5], "texture": "#0"},
				"west": {"uv": [6, 6.5, 7.5, 11.5], "texture": "#0"},
				"up": {"uv": [4.5, 4.5, 5.5, 6], "texture": "#0"},
				"down": {"uv": [6, 4.5, 7, 6], "texture": "#0"}
			}
		}
	],
	"display": {
		"thirdperson_righthand": {
			"rotation": [90, 0, 0],
			"translation": [-6, -2, 4.8],
			"scale": [2.1, 2.1, 2.1]
		},
		"head": {
			"translation": [0, -14, 0],
			"scale": [2.37, 2.37, 2.37]
		}
	}
}