{
    "parent": "item/handheld",
	"author": "RaulH22",
    "textures": {
        "layer0": "items/raulh22/slimefun/slimefun/food/sweet_berry_juice",
        "layer1": "items/raulh22/slimefun/slimefun/food/sweet_berry_juice"
    },
	"display": {
		"thirdperson_righthand": {
			"rotation": [ 0, 0, 0 ],
			"translation": [ 0, 1, 0 ],
			"scale": [ 0.55, 0.55, 0.55 ]
		},
		"thirdperson_lefthand": {
			"rotation": [ 0, 0, 0 ],
			"translation": [ 0, 1, 0 ],
			"scale": [ 0.55, 0.55, 0.55 ]
		}
	}
}
