{
	"parent": "block/block",
	"textures": {
		"0": "block/exposed_copper"
	},
	"elements": [
		{
			"from": [5, 6, 6],
			"to": [11, 10, 10],
			"faces": {
				"north": {"uv": [5, 12, 11, 16], "texture": "#0"},
				"east": {"uv": [6, 12, 10, 16], "texture": "#0"},
				"south": {"uv": [5, 12, 11, 16], "texture": "#0"},
				"west": {"uv": [6, 12, 10, 16], "texture": "#0"},
				"up": {"uv": [5, 10, 11, 6], "texture": "#0"},
				"down": {"uv": [5, 6, 11, 10], "texture": "#0"}
			}
		}
	],
	"display": {
		"fixed": {
			"rotation": [-90, 0, 0],
			"translation": [0, 0, -16],
			"scale": [2, 2, 2]
		}
	}
}