{
	"__comment": "By: RaulH22",
	"textures": {
		"particle": "./lime_smoothie",
		"texture": "./lime_smoothie"
	},
	"elements": [
		{
			"__comment": "Cube1",
			"from": [ 4.5, 3, 6 ],
			"to": [ 5.5, 12, 7 ],
			"faces": {
				"down": { "uv": [ 3, 13, 4, 14 ], "texture": "#texture" },
				"up": { "uv": [ 3, 6, 4, 5 ], "texture": "#texture" },
				"north": { "uv": [ 4, 5, 3, 14 ], "texture": "#texture" },
				"south": { "uv": [ 3, 5, 4, 14 ], "texture": "#texture" },
				"west": { "uv": [ 3, 5, 4, 14 ], "texture": "#texture" },
				"east": { "uv": [ 4, 14, 3, 5 ], "texture": "#texture", "rotation": 180 }
			}
		},
		{
			"__comment": "Cube2",
			"from": [ 5.5, 12, 6 ],
			"to": [ 10.5, 13, 7 ],
			"faces": {
				"down": { "uv": [ 4, 4, 9, 5 ], "texture": "#texture" },
				"up": { "uv": [ 4, 5, 9, 4 ], "texture": "#texture" },
				"north": { "uv": [ 9, 4, 4, 5 ], "texture": "#texture" },
				"south": { "uv": [ 4, 4, 9, 5 ], "texture": "#texture" },
				"west": { "uv": [ 4, 4, 5, 5 ], "texture": "#texture" },
				"east": { "uv": [ 9, 5, 8, 4 ], "texture": "#texture", "rotation": 180 }
			}
		},
		{
			"__comment": "Cube3",
			"from": [ 5.5, 3, 6 ],
			"to": [ 11.5, 11, 7 ],
			"faces": {
				"down": { "uv": [ 4, 13, 10, 14 ], "texture": "#texture" },
				"up": { "uv": [ 4, 7, 10, 6 ], "texture": "#texture" },
				"north": { "uv": [ 10, 6, 4, 14 ], "texture": "#texture" },
				"south": { "uv": [ 4, 6, 10, 14 ], "texture": "#texture" },
				"west": { "uv": [ 4, 6, 5, 14 ], "texture": "#texture" },
				"east": { "uv": [ 10, 14, 9, 6 ], "texture": "#texture", "rotation": 180 }
			}
		},
		{
			"__comment": "Cube4",
			"from": [ 5.5, 2, 6 ],
			"to": [ 10.5, 3, 7 ],
			"faces": {
				"down": { "uv": [ 4, 14, 9, 15 ], "texture": "#texture" },
				"up": { "uv": [ 4, 15, 9, 14 ], "texture": "#texture" },
				"north": { "uv": [ 9, 14, 4, 15 ], "texture": "#texture" },
				"south": { "uv": [ 4, 14, 9, 15 ], "texture": "#texture" },
				"west": { "uv": [ 4, 14, 5, 15 ], "texture": "#texture" },
				"east": { "uv": [ 9, 15, 8, 14 ], "texture": "#texture", "rotation": 180 }
			}
		},
		{
			"__comment": "Cube5",
			"from": [ 8.5, 11, 6 ],
			"to": [ 9.5, 12, 7 ],
			"faces": {
				"down": { "uv": [ 7, 5, 8, 6 ], "texture": "#texture" },
				"up": { "uv": [ 7, 6, 8, 5 ], "texture": "#texture" },
				"north": { "uv": [ 8, 5, 7, 6 ], "texture": "#texture" },
				"south": { "uv": [ 7, 5, 8, 6 ], "texture": "#texture" },
				"west": { "uv": [ 7, 5, 8, 6 ], "texture": "#texture" },
				"east": { "uv": [ 8, 6, 7, 5 ], "texture": "#texture", "rotation": 180 }
			}
		},
		{
			"__comment": "Cube6",
			"from": [ 9.5, 13, 6 ],
			"to": [ 10.5, 14, 7 ],
			"faces": {
				"down": { "uv": [ 8, 3, 9, 4 ], "texture": "#texture" },
				"up": { "uv": [ 8, 4, 9, 3 ], "texture": "#texture" },
				"north": { "uv": [ 9, 3, 8, 4 ], "texture": "#texture" },
				"south": { "uv": [ 8, 3, 9, 4 ], "texture": "#texture" },
				"west": { "uv": [ 8, 3, 9, 4 ], "texture": "#texture" },
				"east": { "uv": [ 9, 4, 8, 3 ], "texture": "#texture", "rotation": 180 }
			}
		},
		{
			"__comment": "Cube7",
			"from": [ 10.5, 14, 6 ],
			"to": [ 12.5, 15, 7 ],
			"faces": {
				"down": { "uv": [ 9, 2, 11, 3 ], "texture": "#texture" },
				"up": { "uv": [ 9, 3, 11, 2 ], "texture": "#texture" },
				"north": { "uv": [ 11, 2, 9, 3 ], "texture": "#texture" },
				"south": { "uv": [ 9, 2, 11, 3 ], "texture": "#texture" },
				"west": { "uv": [ 9, 2, 10, 3 ], "texture": "#texture" },
				"east": { "uv": [ 11, 3, 10, 2 ], "texture": "#texture", "rotation": 180 }
			}
		},
		{
			"__comment": "Cube8",
			"from": [ 10.5, 11, 6 ],
			"to": [ 11.5, 12, 7 ],
			"faces": {
				"down": { "uv": [ 9, 5, 10, 6 ], "texture": "#texture" },
				"up": { "uv": [ 9, 6, 10, 5 ], "texture": "#texture" },
				"north": { "uv": [ 10, 5, 9, 6 ], "texture": "#texture" },
				"south": { "uv": [ 9, 5, 10, 6 ], "texture": "#texture" },
				"west": { "uv": [ 9, 5, 10, 6 ], "texture": "#texture" },
				"east": { "uv": [ 10, 6, 9, 5 ], "texture": "#texture", "rotation": 180 }
			}
		}
	],
	"display": {
		"thirdperson_righthand": {
			"rotation":  [ 0, -45, 0 ],
			"translation":  [ 0, 2, 2 ],
			"scale":  [ 0.5, 0.5, 0.5 ]
		},
		"thirdperson_lefthand": {
			"rotation":  [ 0, -45, 0 ],
			"translation":  [ 0, 2, 2 ],
			"scale":  [ 0.5, 0.5, 0.5 ]
		},
		"firstperson_righthand": {
			"rotation":  [ 0, 180, 0 ],
			"translation":  [ 0, 0, -2.782 ]
		},
		"ground": {
			"translation":  [ 0, 2, 0 ],
			"scale":  [ 0.5, 0.5, 0.5 ]
		}
	}
}