{
	"__comment": "By: RaulH22",
	"textures": {
		"particle": "./raspberry_juice",
		"texture": "./raspberry_juice"
	},
	"elements": [
		{
			"__comment": "Cube1",
			"from": [ 4, 1, 7 ],
			"to": [ 12, 6, 8 ],
			"faces": {
				"down": { "uv": [ 4, 14, 12, 15 ], "texture": "#texture" },
				"up": { "uv": [ 4, 11, 12, 10 ], "texture": "#texture" },
				"north": { "uv": [ 12, 10, 4, 15 ], "texture": "#texture" },
				"south": { "uv": [ 4, 10, 12, 15 ], "texture": "#texture" },
				"west": { "uv": [ 4, 10, 5, 15 ], "texture": "#texture" },
				"east": { "uv": [ 12, 15, 11, 10 ], "texture": "#texture", "rotation": 180 }
			}
		},
		{
			"__comment": "Cube2",
			"from": [ 5, 11, 7 ],
			"to": [ 11, 13, 8 ],
			"faces": {
				"down": { "uv": [ 5, 4, 11, 5 ], "texture": "#texture" },
				"up": { "uv": [ 5, 4, 11, 3 ], "texture": "#texture" },
				"north": { "uv": [ 11, 3, 5, 5 ], "texture": "#texture" },
				"south": { "uv": [ 5, 3, 11, 5 ], "texture": "#texture" },
				"west": { "uv": [ 5, 3, 6, 5 ], "texture": "#texture" },
				"east": { "uv": [ 11, 5, 10, 3 ], "texture": "#texture", "rotation": 180 }
			}
		},
		{
			"__comment": "Cube3",
			"from": [ 5, 0, 7 ],
			"to": [ 11, 1, 8 ],
			"faces": {
				"down": { "uv": [ 5, 15, 11, 16 ], "texture": "#texture" },
				"north": { "uv": [ 11, 15, 5, 16 ], "texture": "#texture" },
				"south": { "uv": [ 5, 15, 11, 16 ], "texture": "#texture" },
				"west": { "uv": [ 5, 15, 6, 16 ], "texture": "#texture" },
				"east": { "uv": [ 11, 16, 10, 15 ], "texture": "#texture", "rotation": 180 }
			}
		},
		{
			"__comment": "Cube4",
			"from": [ 6, 10, 7 ],
			"to": [ 10, 11, 8 ],
			"faces": {
				"down": { "uv": [ 6, 5, 10, 6 ], "texture": "#texture" },
				"north": { "uv": [ 10, 5, 6, 6 ], "texture": "#texture" },
				"south": { "uv": [ 6, 5, 10, 6 ], "texture": "#texture" },
				"west": { "uv": [ 6, 5, 7, 6 ], "texture": "#texture" },
				"east": { "uv": [ 10, 6, 9, 5 ], "texture": "#texture", "rotation": 180 }
			}
		},
		{
			"__comment": "Cube5",
			"from": [ 6, 8, 7 ],
			"to": [ 7, 10, 8 ],
			"faces": {
				"north": { "uv": [ 7, 6, 6, 8 ], "texture": "#texture" },
				"south": { "uv": [ 6, 6, 7, 8 ], "texture": "#texture" },
				"west": { "uv": [ 6, 6, 7, 8 ], "texture": "#texture" },
				"east": { "uv": [ 7, 8, 6, 6 ], "texture": "#texture", "rotation": 180 }
			}
		},
		{
			"__comment": "Cube6",
			"from": [ 7, 14, 6.9999 ],
			"to": [ 9, 15, 7.9999 ],
			"faces": {
				"up": { "uv": [ 7, 2, 9, 1 ], "texture": "#texture" },
				"north": { "uv": [ 9, 1, 7, 2 ], "texture": "#texture" },
				"south": { "uv": [ 7, 1, 9, 2 ], "texture": "#texture" },
				"west": { "uv": [ 7, 1, 8, 2 ], "texture": "#texture" },
				"east": { "uv": [ 9, 2, 8, 1 ], "texture": "#texture", "rotation": 180 }
			}
		},
		{
			"__comment": "Cube7",
			"from": [ 9, 8, 7 ],
			"to": [ 10, 10, 8 ],
			"faces": {
				"north": { "uv": [ 10, 6, 9, 8 ], "texture": "#texture" },
				"south": { "uv": [ 9, 6, 10, 8 ], "texture": "#texture" },
				"west": { "uv": [ 9, 6, 10, 8 ], "texture": "#texture" },
				"east": { "uv": [ 10, 8, 9, 6 ], "texture": "#texture", "rotation": 180 }
			}
		},
		{
			"__comment": "Cube3",
			"from": [ 5, 6, 7 ],
			"to": [ 11, 8, 8 ],
			"faces": {
				"up": { "uv": [ 5, 9, 11, 8 ], "texture": "#texture" },
				"north": { "uv": [ 11, 8, 5, 10 ], "texture": "#texture" },
				"south": { "uv": [ 5, 8, 11, 10 ], "texture": "#texture" },
				"west": { "uv": [ 5, 8, 6, 10 ], "texture": "#texture" },
				"east": { "uv": [ 11, 10, 10, 8 ], "texture": "#texture", "rotation": 180 }
			}
		},
		{
			"__comment": "Cube4",
			"from": [ 6, 13, 7 ],
			"to": [ 10, 14, 8 ],
			"faces": {
				"up": { "uv": [ 6, 3, 10, 2 ], "texture": "#texture" },
				"north": { "uv": [ 10, 2, 6, 3 ], "texture": "#texture" },
				"south": { "uv": [ 6, 2, 10, 3 ], "texture": "#texture" },
				"west": { "uv": [ 6, 2, 7, 3 ], "texture": "#texture" },
				"east": { "uv": [ 10, 3, 9, 2 ], "texture": "#texture", "rotation": 180 }
			}
		}
	],
	"display": {
		"thirdperson_righthand": {
			"rotation":  [ 0, -30, 0 ],
			"translation":  [ 0, 2.5, 0 ],
			"scale":  [ 0.375, 0.375, 0.375 ]
		},
		"thirdperson_lefthand": {
			"rotation":  [ 0, -30, 0 ],
			"translation":  [ 0, 2.5, 0 ],
			"scale":  [ 0.375, 0.375, 0.375 ]
		},
		"firstperson_righthand": {
			"rotation":  [ 0, -90, 25 ],
			"translation":  [ 1.13, 3.2, 1.13 ],
			"scale":  [ 0.68, 0.68, 0.68 ]
		},
		"firstperson_lefthand": {
			"rotation":  [ 0, 90, -25 ],
			"translation":  [ 1.13, 3.2, 1.13 ],
			"scale":  [ 0.68, 0.68, 0.68 ]
		},
		"ground": {
			"translation":  [ 0, 2, 0 ],
			"scale":  [ 0.5, 0.5, 0.5 ]
		}
	}
}