{
    "music_disc.all_star": {
      "sounds": [
        "records/all_star"
      ]
    },
    "music_disc.aauughhh": {
      "sounds": [
        "records/aauughhh"
      ]
    },
    "music_disc.10": {
      "sounds": [
        "records/10"
      ]
    },
    "music_disc.mine_diamonds": {
      "sounds": [
        "records/mine_diamonds"
      ]
    },
    "music_disc.soviet_anthem": {
      "sounds": [
        "records/soviet_anthem"
      ]
    },
    "music_disc.sketchers": {
      "sounds": [
        "records/sketchers"
      ]
    },
    "music_disc.el_sonidito": {
      "sounds": [
        "records/el_sonidito"
      ]
    },
    "music_disc.chad": {
      "sounds": [
        "records/chad"
      ]
    },
    "music_disc.amogus": {
      "sounds": [
        "records/amogus"
      ]
    },
    "music_disc.just_the_two_of_us": {
      "sounds": [
        "records/just_the_two_of_us"
      ]
    },
    "music_disc.narcos": {
      "sounds": [
        "records/narcos"
      ]
    },
    "music_disc.coco": {
      "sounds": [
        "records/coco"
      ]
    },
    "music_disc.gulp": {
      "sounds": [
        "records/gulp"
      ]
    },
    "music_disc.perry": {
      "sounds": [
        "records/perry"
      ]
    },
    "music_disc.sadi_gali": {
      "sounds": [
        "records/sadi_gali"
      ]
    },
    "music_disc.careless_whisper": {
      "sounds": [
        "records/careless_whisper"
      ]
    },
    "music_disc.paris": {
      "sounds": [
        "records/paris"
      ]
    },
    "music_disc.funky": {
      "sounds": [
        "records/funky"
      ]
    },
    "music_disc.gangstas_paradise": {
      "sounds": [
        "records/gangstas_paradise"
      ]
    },
    "music_disc.bustin": {
      "sounds": [
        "records/bustin"
      ]
    },
    "music_disc.katyusha": {
      "sounds": [
        "records/katyusha"
      ]
    },
    "music_disc.universal_collapse": {
      "sounds": [
        "records/universal_collapse"
      ]
    },
    "music_disc.one_kiss": {
      "sounds": [
        "records/one_kiss"
      ]
    }
}
