{"credit":"ObeeNow","textures":{"particle":"item/arrow","layer0":"item/arrow"},"elements":[{"from":[12,12,7.5],"to":[15,14,8.5],"rotation":{"angle":0,"axis":"x","origin":[8,8,15]},"faces":{"north":{"uv":[12,4,15,2],"rotation":180,"texture":"#layer0"},"east":{"uv":[14,2,15,4],"texture":"#layer0"},"south":{"uv":[12,2,15,4],"texture":"#layer0"},"west":{"uv":[12,2,13,4],"texture":"#layer0"},"up":{"uv":[15,2,12,3],"rotation":180,"texture":"#layer0"},"down":{"uv":[12,3,15,4],"texture":"#layer0"}}},{"from":[10,10,7.5],"to":[12,13,8.5],"rotation":{"angle":0,"axis":"x","origin":[8,8,15]},"faces":{"north":{"uv":[10,6,12,3],"rotation":180,"texture":"#layer0"},"south":{"uv":[10,3,12,6],"texture":"#layer0"},"west":{"uv":[10,3,11,6],"texture":"#layer0"},"up":{"uv":[12,3,10,4],"rotation":180,"texture":"#layer0"},"down":{"uv":[10,5,12,6],"texture":"#layer0"}}},{"from":[12,10,7.5],"to":[14,12,8.5],"rotation":{"angle":0,"axis":"x","origin":[8,8,15]},"faces":{"north":{"uv":[12,6,14,4],"rotation":180,"texture":"#layer0"},"east":{"uv":[13,4,14,6],"texture":"#layer0"},"south":{"uv":[12,4,14,6],"texture":"#layer0"},"down":{"uv":[12,5,14,6],"texture":"#layer0"}}},{"from":[9,9,7.5],"to":[11,10,8.5],"rotation":{"angle":0,"axis":"x","origin":[8,8,15]},"faces":{"north":{"uv":[9,7,11,6],"rotation":180,"texture":"#layer0"},"east":{"uv":[10,6,11,7],"texture":"#layer0"},"south":{"uv":[9,6,11,7],"texture":"#layer0"},"west":{"uv":[9,6,10,7],"texture":"#layer0"},"up":{"uv":[11,6,9,7],"rotation":180,"texture":"#layer0"},"down":{"uv":[9,6,11,7],"texture":"#layer0"}}},{"from":[12,9,7.5],"to":[13,10,8.5],"rotation":{"angle":0,"axis":"x","origin":[8,8,15]},"faces":{"north":{"uv":[12,7,13,6],"rotation":180,"texture":"#layer0"},"east":{"uv":[12,6,13,7],"texture":"#layer0"},"south":{"uv":[12,6,13,7],"texture":"#layer0"},"west":{"uv":[12,6,13,7],"texture":"#layer0"},"down":{"uv":[12,6,13,7],"texture":"#layer0"}}},{"from":[8,8,7.5],"to":[10,9,8.5],"rotation":{"angle":0,"axis":"x","origin":[8,8,15]},"faces":{"north":{"uv":[8,8,10,7],"rotation":180,"texture":"#layer0"},"east":{"uv":[9,7,10,8],"texture":"#layer0"},"south":{"uv":[8,7,10,8],"texture":"#layer0"},"west":{"uv":[8,7,9,8],"texture":"#layer0"},"up":{"uv":[10,7,8,8],"rotation":180,"texture":"#layer0"},"down":{"uv":[8,7,10,8],"texture":"#layer0"}}},{"from":[7,7,7.5],"to":[9,8,8.5],"rotation":{"angle":0,"axis":"x","origin":[8,8,15]},"faces":{"north":{"uv":[7,9,9,8],"rotation":180,"texture":"#layer0"},"east":{"uv":[8,8,9,9],"texture":"#layer0"},"south":{"uv":[7,8,9,9],"texture":"#layer0"},"west":{"uv":[7,8,8,9],"texture":"#layer0"},"up":{"uv":[9,8,7,9],"rotation":180,"texture":"#layer0"},"down":{"uv":[7,8,9,9],"texture":"#layer0"}}},{"from":[6,6,7.5],"to":[8,7,8.5],"rotation":{"angle":0,"axis":"x","origin":[8,8,15]},"faces":{"north":{"uv":[6,10,8,9],"rotation":180,"texture":"#layer0"},"east":{"uv":[7,9,8,10],"texture":"#layer0"},"south":{"uv":[6,9,8,10],"texture":"#layer0"},"west":{"uv":[6,9,7,10],"texture":"#layer0"},"up":{"uv":[8,9,6,10],"rotation":180,"texture":"#layer0"},"down":{"uv":[6,9,8,10],"texture":"#layer0"}}},{"from":[5,5,7.5],"to":[7,6,8.5],"rotation":{"angle":0,"axis":"x","origin":[8,8,15]},"faces":{"north":{"uv":[5,11,7,10],"rotation":180,"texture":"#layer0"},"east":{"uv":[6,10,7,11],"texture":"#layer0"},"south":{"uv":[5,10,7,11],"texture":"#layer0"},"west":{"uv":[5,10,6,11],"texture":"#layer0"},"up":{"uv":[7,10,5,11],"rotation":180,"texture":"#layer0"},"down":{"uv":[5,10,7,11],"texture":"#layer0"}}},{"from":[3,3,7.5],"to":[6,5,8.5],"rotation":{"angle":0,"axis":"x","origin":[8,8,15]},"faces":{"north":{"uv":[3,13,6,11],"rotation":180,"texture":"#layer0"},"east":{"uv":[5,11,6,13],"texture":"#layer0"},"south":{"uv":[3,11,6,13],"texture":"#layer0"},"west":{"uv":[3,11,4,13],"texture":"#layer0"},"up":{"uv":[6,11,3,12],"rotation":180,"texture":"#layer0"},"down":{"uv":[3,12,6,13],"texture":"#layer0"}}},{"from":[2,2,7.5],"to":[3,4,8.5],"rotation":{"angle":0,"axis":"x","origin":[8,8,15]},"faces":{"north":{"uv":[2,14,3,12],"rotation":180,"texture":"#layer0"},"south":{"uv":[2,12,3,14],"texture":"#layer0"},"west":{"uv":[2,12,3,14],"texture":"#layer0"},"up":{"uv":[3,12,2,13],"rotation":180,"texture":"#layer0"},"down":{"uv":[2,13,3,14],"texture":"#layer0"}}},{"from":[3,2,7.5],"to":[5,3,8.5],"rotation":{"angle":0,"axis":"x","origin":[8,8,15]},"faces":{"north":{"uv":[3,14,5,13],"rotation":180,"texture":"#layer0"},"east":{"uv":[4,13,5,14],"texture":"#layer0"},"south":{"uv":[3,13,5,14],"texture":"#layer0"},"down":{"uv":[3,13,5,14],"texture":"#layer0"}}},{"from":[3,1,7.5],"to":[4,2,8.5],"rotation":{"angle":0,"axis":"x","origin":[8,8,15]},"faces":{"north":{"uv":[3,15,4,14],"rotation":180,"texture":"#layer0"},"east":{"uv":[3,14,4,15],"texture":"#layer0"},"south":{"uv":[3,14,4,15],"texture":"#layer0"},"west":{"uv":[3,14,4,15],"texture":"#layer0"},"down":{"uv":[3,14,4,15],"texture":"#layer0"}}}],"gui_light":"front","display":{"thirdperson_righthand":{"translation":[0,3,1],"scale":[0.55,0.55,0.55]},"thirdperson_lefthand":{"translation":[0,3,1],"scale":[0.55,0.55,0.55]},"firstperson_righthand":{"rotation":[0,-90,25],"translation":[1.13,3.2,1.13],"scale":[0.68,0.68,0.68]},"firstperson_lefthand":{"rotation":[0,-90,25],"translation":[1.13,3.2,1.13],"scale":[0.68,0.68,0.68]},"ground":{"translation":[0,2,0],"scale":[0.5,0.5,0.5]},"head":{"rotation":[0,180,0],"translation":[0,13,7]},"fixed":{"rotation":[0,180,0]}},"groups":[{"name":"arrow","origin":[8,8,8],"children":[0,1,2,3,4,5,6,7,8,9,10,11,12]}]}