{
	"parent": "minecraft:item/generated",
	"author": "sab",
	"textures": {
	  "layer0": "minecraft:item/barrier"
	},
	"overrides": [
		{ "predicate": { "custom_model_data": 1 }, "model": "records/mine_diamonds"},
		{ "predicate": { "custom_model_data": 2 }, "model": "records/10"},
		{ "predicate": { "custom_model_data": 3 }, "model": "records/all_star"},
		{ "predicate": { "custom_model_data": 4 }, "model": "records/soviet_anthem"},
		{ "predicate": { "custom_model_data": 5 }, "model": "records/aauughhh"},
		{ "predicate": { "custom_model_data": 6 }, "model": "records/sketchers"},
		{ "predicate": { "custom_model_data": 7 }, "model": "records/el_sonidito"},
		{ "predicate": { "custom_model_data": 8 }, "model": "records/chad"},
		{ "predicate": { "custom_model_data": 9 }, "model": "records/amogus"},
		{ "predicate": { "custom_model_data": 10 }, "model": "records/just_the_two_of_us"},
		{ "predicate": { "custom_model_data": 11 }, "model": "records/narcos"},
		{ "predicate": { "custom_model_data": 12 }, "model": "records/coco"},
		{ "predicate": { "custom_model_data": 13 }, "model": "records/gulp"},
		{ "predicate": { "custom_model_data": 14 }, "model": "records/perry"},
		{ "predicate": { "custom_model_data": 15 }, "model": "records/sadi_gali"},
		{ "predicate": { "custom_model_data": 16 }, "model": "records/careless_whisper"},
		{ "predicate": { "custom_model_data": 17 }, "model": "records/paris"},
		{ "predicate": { "custom_model_data": 18 }, "model": "records/funky"},
		{ "predicate": { "custom_model_data": 19 }, "model": "records/gangstas_paradise"}
	]
}