{"credit":"ObeeNow","textures":{"particle":"item/chain","layer0":"item/chain"},"elements":[{"from":[6,13,7.5],"to":[7,15,8.5],"faces":{"north":{"uv":[6,3,7,1],"rotation":180,"texture":"#layer0"},"east":{"uv":[6,1,7,3],"texture":"#layer0"},"south":{"uv":[6,1,7,3],"texture":"#layer0"},"west":{"uv":[6,1,7,3],"texture":"#layer0"},"up":{"uv":[7,1,6,2],"rotation":180,"texture":"#layer0"},"down":{"uv":[6,2,7,3],"texture":"#layer0"}}},{"from":[8,13,7.5],"to":[9,15,8.5],"faces":{"north":{"uv":[8,3,9,1],"rotation":180,"texture":"#layer0"},"east":{"uv":[8,1,9,3],"texture":"#layer0"},"south":{"uv":[8,1,9,3],"texture":"#layer0"},"west":{"uv":[8,1,9,3],"texture":"#layer0"},"up":{"uv":[9,1,8,2],"rotation":180,"texture":"#layer0"},"down":{"uv":[8,2,9,3],"texture":"#layer0"}}},{"from":[7,11,7.5],"to":[8,14,8.5],"faces":{"north":{"uv":[7,5,8,2],"rotation":180,"texture":"#layer0"},"east":{"uv":[7,2,8,5],"texture":"#layer0"},"south":{"uv":[7,2,8,5],"texture":"#layer0"},"west":{"uv":[7,2,8,5],"texture":"#layer0"},"up":{"uv":[8,2,7,3],"rotation":180,"texture":"#layer0"},"down":{"uv":[7,4,8,5],"texture":"#layer0"}}},{"from":[6,8,7.5],"to":[7,12,8.5],"faces":{"north":{"uv":[6,8,7,4],"rotation":180,"texture":"#layer0"},"east":{"uv":[6,4,7,8],"texture":"#layer0"},"south":{"uv":[6,4,7,8],"texture":"#layer0"},"west":{"uv":[6,4,7,8],"texture":"#layer0"},"up":{"uv":[7,4,6,5],"rotation":180,"texture":"#layer0"},"down":{"uv":[6,7,7,8],"texture":"#layer0"}}},{"from":[8,8,7.5],"to":[9,12,8.5],"faces":{"north":{"uv":[8,8,9,4],"rotation":180,"texture":"#layer0"},"east":{"uv":[8,4,9,8],"texture":"#layer0"},"south":{"uv":[8,4,9,8],"texture":"#layer0"},"west":{"uv":[8,4,9,8],"texture":"#layer0"},"up":{"uv":[9,4,8,5],"rotation":180,"texture":"#layer0"},"down":{"uv":[8,7,9,8],"texture":"#layer0"}}},{"from":[7,5,7.5],"to":[8,9,8.5],"faces":{"north":{"uv":[7,11,8,7],"rotation":180,"texture":"#layer0"},"east":{"uv":[7,7,8,11],"texture":"#layer0"},"south":{"uv":[7,7,8,11],"texture":"#layer0"},"west":{"uv":[7,7,8,11],"texture":"#layer0"},"up":{"uv":[8,7,7,8],"rotation":180,"texture":"#layer0"},"down":{"uv":[7,10,8,11],"texture":"#layer0"}}},{"from":[6,2,7.5],"to":[7,6,8.5],"faces":{"north":{"uv":[6,14,7,10],"rotation":180,"texture":"#layer0"},"east":{"uv":[6,10,7,14],"texture":"#layer0"},"south":{"uv":[6,10,7,14],"texture":"#layer0"},"west":{"uv":[6,10,7,14],"texture":"#layer0"},"up":{"uv":[7,10,6,11],"rotation":180,"texture":"#layer0"},"down":{"uv":[6,13,7,14],"texture":"#layer0"}}},{"from":[8,2,7.5],"to":[9,6,8.5],"faces":{"north":{"uv":[8,14,9,10],"rotation":180,"texture":"#layer0"},"east":{"uv":[8,10,9,14],"texture":"#layer0"},"south":{"uv":[8,10,9,14],"texture":"#layer0"},"west":{"uv":[8,10,9,14],"texture":"#layer0"},"up":{"uv":[9,10,8,11],"rotation":180,"texture":"#layer0"},"down":{"uv":[8,13,9,14],"texture":"#layer0"}}},{"from":[7,1,7.5],"to":[8,3,8.5],"faces":{"north":{"uv":[7,15,8,13],"rotation":180,"texture":"#layer0"},"east":{"uv":[7,13,8,15],"texture":"#layer0"},"south":{"uv":[7,13,8,15],"texture":"#layer0"},"west":{"uv":[7,13,8,15],"texture":"#layer0"},"up":{"uv":[8,13,7,14],"rotation":180,"texture":"#layer0"},"down":{"uv":[7,14,8,15],"texture":"#layer0"}}}],"gui_light":"front","display":{"thirdperson_righthand":{"translation":[0,3,1],"scale":[0.55,0.55,0.55]},"thirdperson_lefthand":{"translation":[0,3,1],"scale":[0.55,0.55,0.55]},"firstperson_righthand":{"rotation":[0,-90,25],"translation":[1.13,3.2,1.13],"scale":[0.68,0.68,0.68]},"firstperson_lefthand":{"rotation":[0,-90,25],"translation":[1.13,3.2,1.13],"scale":[0.68,0.68,0.68]},"ground":{"translation":[0,2,0],"scale":[0.5,0.5,0.5]},"head":{"rotation":[0,180,0],"translation":[0,13,7]},"fixed":{"rotation":[0,180,0]}},"groups":[{"name":"chain","origin":[8,8,8],"children":[0,1,2,3,4,5,6,7,8]}]}