{"credit":"ObeeNow","parent":"minecraft:block/door_top","textures":{"bottom":"block/crimson_door_bottom","top":"block/crimson_door_top"},"elements":[{"from":[1,0,0],"to":[2,16,16],"faces":{"north":{"uv":[1,0,2,16],"texture":"#bottom"},"east":{"uv":[0,0,16,16],"texture":"#bottom"},"south":{"uv":[1,0,2,16],"texture":"#bottom"},"west":{"uv":[16,0,0,16],"texture":"#bottom"},"down":{"uv":[0,15,16,16],"rotation":90,"texture":"#bottom"}}},{"from":[2,0,0],"to":[3,5,4],"faces":{"north":{"uv":[2,11,3,16],"texture":"#bottom"},"east":{"uv":[12,11,16,16],"texture":"#bottom"},"south":{"uv":[12,11,13,16],"texture":"#bottom"},"up":{"uv":[12,11,16,12],"rotation":270,"texture":"#bottom"},"down":{"uv":[12,15,16,16],"rotation":90,"texture":"#bottom"}}},{"from":[0,0,0],"to":[1,5,4],"faces":{"north":{"uv":[0,11,1,16],"texture":"#bottom"},"south":{"uv":[12,11,13,16],"texture":"#bottom"},"west":{"uv":[12,11,16,16],"texture":"#bottom"},"up":{"uv":[12,11,16,12],"rotation":90,"texture":"#bottom"},"down":{"uv":[16,15,12,16],"rotation":270,"texture":"#bottom"}}},{"from":[2,12,0],"to":[3,16,1],"faces":{"north":{"uv":[2,0,3,4],"texture":"#bottom"},"east":{"uv":[15,0,16,4],"texture":"#bottom"},"south":{"uv":[15,0,16,4],"texture":"#bottom"},"down":{"uv":[14,3,16,4],"rotation":90,"texture":"#bottom"}}},{"from":[2,12,1],"to":[3,15,2],"faces":{"east":{"uv":[14,1,15,4],"texture":"#bottom"},"south":{"uv":[14,1,15,2],"texture":"#bottom"},"up":{"uv":[14,1,15,2],"rotation":270,"texture":"#bottom"},"down":{"uv":[14,3,16,4],"rotation":90,"texture":"#bottom"}}},{"from":[0,12,0],"to":[1,16,1],"faces":{"north":{"uv":[0,0,1,4],"texture":"#bottom"},"south":{"uv":[15,0,16,4],"texture":"#bottom"},"west":{"uv":[16,0,15,4],"texture":"#bottom"},"down":{"uv":[16,3,12,4],"rotation":270,"texture":"#bottom"}}},{"from":[0,12,1],"to":[1,15,2],"faces":{"south":{"uv":[14,1,15,2],"texture":"#bottom"},"west":{"uv":[15,1,14,4],"texture":"#bottom"},"up":{"uv":[15,1,14,2],"rotation":90,"texture":"#bottom"},"down":{"uv":[16,3,12,4],"rotation":270,"texture":"#bottom"}}},{"from":[2,0,5],"to":[3,5,11],"faces":{"north":{"uv":[10,11,11,16],"texture":"#bottom"},"east":{"uv":[5,11,11,16],"texture":"#bottom"},"south":{"uv":[5,11,6,16],"texture":"#bottom"},"up":{"uv":[5,11,11,12],"rotation":270,"texture":"#bottom"},"down":{"uv":[5,15,11,16],"rotation":90,"texture":"#bottom"}}},{"from":[0,0,5],"to":[1,5,11],"faces":{"north":{"uv":[10,11,11,16],"texture":"#bottom"},"south":{"uv":[5,11,6,16],"texture":"#bottom"},"west":{"uv":[5,11,11,16],"texture":"#bottom"},"up":{"uv":[5,11,11,12],"rotation":90,"texture":"#bottom"},"down":{"uv":[11,15,5,16],"rotation":270,"texture":"#bottom"}}},{"from":[2,12,5],"to":[3,16,11],"faces":{"north":{"uv":[10,0,11,4],"texture":"#bottom"},"east":{"uv":[5,0,11,4],"texture":"#bottom"},"south":{"uv":[5,0,6,4],"texture":"#bottom"},"up":{"uv":[5,0,11,1],"rotation":270,"texture":"#bottom"},"down":{"uv":[5,3,11,4],"rotation":90,"texture":"#bottom"}}},{"from":[0,12,5],"to":[1,16,11],"faces":{"north":{"uv":[10,0,11,4],"texture":"#bottom"},"south":{"uv":[5,0,6,4],"texture":"#bottom"},"west":{"uv":[11,0,5,4],"texture":"#bottom"},"up":{"uv":[11,0,5,1],"rotation":90,"texture":"#bottom"},"down":{"uv":[11,3,5,4],"rotation":270,"texture":"#bottom"}}},{"from":[2,0,12],"to":[3,5,16],"faces":{"north":{"uv":[3,11,4,16],"texture":"#bottom"},"east":{"uv":[0,11,4,16],"texture":"#bottom"},"south":{"uv":[2,11,3,16],"texture":"#bottom"},"up":{"uv":[0,11,4,12],"rotation":270,"texture":"#bottom"},"down":{"uv":[0,15,4,16],"rotation":90,"texture":"#bottom"}}},{"from":[0,0,12],"to":[1,5,16],"faces":{"north":{"uv":[3,11,4,16],"texture":"#bottom"},"south":{"uv":[0,11,1,16],"texture":"#bottom"},"west":{"uv":[4,11,0,16],"texture":"#bottom"},"up":{"uv":[0,11,4,12],"rotation":90,"texture":"#bottom"},"down":{"uv":[4,15,0,16],"rotation":270,"texture":"#bottom"}}},{"from":[2,12,12],"to":[3,16,16],"faces":{"north":{"uv":[3,0,4,4],"texture":"#bottom"},"east":{"uv":[0,0,4,4],"texture":"#bottom"},"south":{"uv":[0,0,1,4],"texture":"#bottom"},"down":{"uv":[0,3,4,4],"rotation":90,"texture":"#bottom"}}},{"from":[0,12,12],"to":[1,16,16],"faces":{"north":{"uv":[0,0,1,4],"texture":"#bottom"},"south":{"uv":[0,0,1,4],"texture":"#bottom"},"west":{"uv":[4,0,0,4],"texture":"#bottom"},"down":{"uv":[4,3,0,4],"rotation":270,"texture":"#bottom"}}},{"from":[2,6,0],"to":[3,11,16],"faces":{"north":{"uv":[2,5,3,10],"texture":"#bottom"},"east":{"uv":[0,5,16,10],"texture":"#bottom"},"south":{"uv":[2,5,3,10],"texture":"#bottom"},"up":{"uv":[0,5,16,6],"rotation":270,"texture":"#bottom"},"down":{"uv":[0,9,16,10],"rotation":90,"texture":"#bottom"}}},{"from":[0,6,0],"to":[1,11,16],"faces":{"north":{"uv":[0,5,1,10],"texture":"#bottom"},"south":{"uv":[0,5,1,10],"texture":"#bottom"},"west":{"uv":[16,5,0,10],"texture":"#bottom"},"up":{"uv":[0,5,16,6],"rotation":90,"texture":"#bottom"},"down":{"uv":[16,9,0,10],"rotation":270,"texture":"#bottom"}}},{"from":[2,12,2],"to":[3,14,4],"faces":{"east":{"uv":[12,2,14,4],"texture":"#bottom"},"south":{"uv":[12,2,14,4],"texture":"#bottom"},"up":{"uv":[12,2,14,3],"texture":"#bottom"},"down":{"uv":[12,3,14,4],"texture":"#bottom"}}},{"from":[0,12,2],"to":[1,14,4],"faces":{"south":{"uv":[12,2,14,4],"texture":"#bottom"},"west":{"uv":[12,2,14,4],"texture":"#bottom"},"up":{"uv":[12,2,14,3],"texture":"#bottom"},"down":{"uv":[12,3,14,4],"texture":"#bottom"}}},{"from":[1,16,0],"to":[2,32,16],"faces":{"north":{"uv":[1,0,2,16],"texture":"#top"},"east":{"uv":[0,0,16,16],"texture":"#top"},"south":{"uv":[1,0,2,16],"texture":"#top"},"west":{"uv":[16,0,0,16],"texture":"#top"},"up":{"uv":[0,0,16,1],"rotation":270,"texture":"#top"}}},{"from":[2,16,12],"to":[3,21,16],"faces":{"north":{"uv":[3,11,4,16],"texture":"#top"},"east":{"uv":[0,11,4,16],"texture":"#top"},"south":{"uv":[0,11,1,16],"texture":"#top"},"up":{"uv":[0,11,1,12],"texture":"#top"}}},{"from":[0,16,12],"to":[1,21,16],"faces":{"north":{"uv":[3,11,4,16],"texture":"#top"},"south":{"uv":[2,11,3,16],"texture":"#top"},"west":{"uv":[4,11,0,16],"texture":"#top"},"up":{"uv":[0,11,1,12],"rotation":180,"texture":"#top"}}},{"from":[2,22,0],"to":[3,27,16],"faces":{"north":{"uv":[0,5,1,10],"texture":"#top"},"east":{"uv":[0,5,16,10],"texture":"#top"},"south":{"uv":[0,5,1,10],"texture":"#top"},"up":{"uv":[0,5,16,6],"rotation":270,"texture":"#top"},"down":{"uv":[0,9,16,10],"rotation":90,"texture":"#top"}}},{"from":[0,22,0],"to":[1,27,16],"faces":{"north":{"uv":[2,5,3,10],"texture":"#top"},"south":{"uv":[2,5,3,10],"texture":"#top"},"west":{"uv":[16,5,0,10],"texture":"#top"},"up":{"uv":[0,5,16,6],"rotation":270,"texture":"#top"},"down":{"uv":[0,9,16,10],"rotation":270,"texture":"#top"}}},{"from":[2,28,0],"to":[3,32,4],"faces":{"north":{"uv":[0,0,1,4],"texture":"#top"},"east":{"uv":[12,0,16,4],"texture":"#top"},"south":{"uv":[0,0,1,4],"texture":"#top"},"up":{"uv":[12,0,13,1],"texture":"#top"},"down":{"uv":[12,3,16,4],"rotation":90,"texture":"#top"}}},{"from":[0,28,12],"to":[1,32,16],"faces":{"north":{"uv":[0,0,1,4],"texture":"#top"},"south":{"uv":[2,0,3,4],"texture":"#top"},"west":{"uv":[16,0,12,4],"texture":"#top"},"up":{"uv":[0,0,4,1],"rotation":270,"texture":"#top"},"down":{"uv":[12,3,16,4],"rotation":270,"texture":"#top"}}},{"from":[2,28,5],"to":[3,32,11],"faces":{"north":{"uv":[0,0,1,4],"texture":"#top"},"east":{"uv":[5,0,11,4],"texture":"#top"},"south":{"uv":[0,0,1,4],"texture":"#top"},"up":{"uv":[10,0,11,1],"texture":"#top"},"down":{"uv":[5,3,11,4],"rotation":90,"texture":"#top"}}},{"from":[0,28,5],"to":[1,32,11],"faces":{"north":{"uv":[0,0,1,4],"texture":"#top"},"south":{"uv":[0,0,1,4],"texture":"#top"},"west":{"uv":[11,0,5,4],"texture":"#top"},"up":{"uv":[10,0,11,1],"rotation":180,"texture":"#top"},"down":{"uv":[5,3,11,4],"rotation":270,"texture":"#top"}}},{"from":[2,28,12],"to":[3,32,16],"faces":{"north":{"uv":[0,0,1,4],"texture":"#top"},"east":{"uv":[0,0,4,4],"texture":"#top"},"south":{"uv":[0,0,1,4],"texture":"#top"},"up":{"uv":[0,0,4,1],"rotation":270,"texture":"#top"},"down":{"uv":[0,3,4,4],"rotation":90,"texture":"#top"}}},{"from":[0,28,0],"to":[1,32,4],"faces":{"north":{"uv":[2,0,3,4],"texture":"#top"},"south":{"uv":[0,0,1,4],"texture":"#top"},"west":{"uv":[4,0,0,4],"texture":"#top"},"up":{"uv":[12,0,16,1],"rotation":90,"texture":"#top"},"down":{"uv":[0,3,4,4],"rotation":270,"texture":"#top"}}},{"from":[2,16,0],"to":[3,21,1],"faces":{"north":{"uv":[0,11,1,16],"texture":"#top"},"east":{"uv":[15,11,16,16],"texture":"#top"},"south":{"uv":[15,11,16,16],"texture":"#top"},"up":{"uv":[12,11,13,12],"texture":"#top"}}},{"from":[0,16,0],"to":[1,21,1],"faces":{"north":{"uv":[2,11,3,16],"texture":"#top"},"south":{"uv":[15,11,16,16],"texture":"#top"},"west":{"uv":[16,11,15,16],"texture":"#top"},"up":{"uv":[12,11,13,12],"rotation":180,"texture":"#top"}}},{"from":[2,17,1],"to":[3,21,4],"faces":{"east":{"uv":[12,11,15,15],"texture":"#top"},"south":{"uv":[12,11,13,15],"texture":"#top"},"up":{"uv":[12,11,13,12],"texture":"#top"},"down":{"uv":[14,14,15,15],"texture":"#top"}}},{"from":[0,17,1],"to":[1,21,4],"faces":{"south":{"uv":[12,11,13,15],"texture":"#top"},"west":{"uv":[15,11,12,15],"texture":"#top"},"up":{"uv":[12,11,13,12],"rotation":180,"texture":"#top"},"down":{"uv":[14,14,15,15],"rotation":180,"texture":"#top"}}},{"from":[2,16,2],"to":[3,17,4],"faces":{"north":{"uv":[13,15,14,16],"texture":"#top"},"east":{"uv":[12,15,14,16],"texture":"#top"},"down":{"uv":[0,0,1,2],"texture":"#top"}}},{"from":[0,16,2],"to":[1,17,4],"faces":{"north":{"uv":[0,0,1,1],"texture":"#top"},"west":{"uv":[14,15,12,16],"texture":"#top"},"down":{"uv":[0,0,1,2],"rotation":180,"texture":"#top"}}},{"from":[2,16,4],"to":[3,18,5],"faces":{"east":{"uv":[11,14,12,16],"texture":"#top"},"south":{"uv":[11,14,12,16],"texture":"#top"},"up":{"uv":[11,14,12,16],"texture":"#top"},"down":{"uv":[11,14,12,16],"texture":"#top"}}},{"from":[0,16,4],"to":[1,18,5],"faces":{"south":{"uv":[11,14,12,16],"texture":"#top"},"west":{"uv":[12,14,11,16],"texture":"#top"},"up":{"uv":[11,14,12,16],"rotation":180,"texture":"#top"},"down":{"uv":[11,14,12,16],"rotation":180,"texture":"#top"}}},{"from":[2,16,6],"to":[3,18,11],"faces":{"north":{"uv":[9,14,10,16],"texture":"#top"},"east":{"uv":[5,14,10,16],"texture":"#top"},"south":{"uv":[5,14,6,16],"texture":"#top"}}},{"from":[0,16,6],"to":[1,18,11],"faces":{"north":{"uv":[9,14,10,16],"texture":"#top"},"south":{"uv":[5,14,6,16],"texture":"#top"},"west":{"uv":[10,14,5,16],"texture":"#top"}}},{"from":[2,18,5],"to":[3,21,11],"faces":{"north":{"uv":[10,11,11,14],"texture":"#top"},"east":{"uv":[5,11,11,14],"texture":"#top"},"south":{"uv":[5,11,6,14],"texture":"#top"},"up":{"uv":[5,11,6,12],"texture":"#top"},"down":{"uv":[10,13,11,14],"texture":"#top"}}},{"from":[0,18,5],"to":[1,21,11],"faces":{"north":{"uv":[10,11,11,14],"texture":"#top"},"south":{"uv":[5,11,6,14],"texture":"#top"},"west":{"uv":[11,11,5,14],"texture":"#top"},"up":{"uv":[5,11,6,12],"rotation":180,"texture":"#top"},"down":{"uv":[10,13,11,14],"rotation":180,"texture":"#top"}}}],"display":{"thirdperson_righthand":{"rotation":[40,50,0],"translation":[0,1,0],"scale":[0.22,0.22,0.22]},"thirdperson_lefthand":{"rotation":[40,50,0],"translation":[0,-1.5,0],"scale":[0.22,0.22,0.22]},"firstperson_righthand":{"rotation":[-22,30,0],"translation":[0,1,4],"scale":[0.25,0.25,0.25]},"firstperson_lefthand":{"rotation":[-16,30,0],"translation":[0,1.5,3],"scale":[0.25,0.25,0.25]},"ground":{"translation":[2,3,0],"scale":[0.25,0.25,0.25]},"gui":{"rotation":[30,225,0],"translation":[-2.5,-4.1,0],"scale":[0.45,0.45,0.45]},"fixed":{"rotation":[0,-90,0],"translation":[0,-3.5,2.5],"scale":[0.5,0.5,0.5]}},"groups":[0,1,2,3,4,5,6,7,8,9,10,11,12,13,14,15,16,17,18,{"name":"crimson_door_top","origin":[8,8,8],"children":[19,20,21,22,23,24,25,26,27,28,29,30,31,32,33,34,35,36,37,38,39,40,41]}]}