{"credit":"ObeeNow","textures":{"0":"item/crossbow_arrow"},"elements":[{"from":[12,1,7.5],"to":[13,16,8.5],"faces":{"north":{"uv":[12,15,13,0],"rotation":180,"texture":"#0"},"east":{"uv":[12,0,13,15],"texture":"#0"},"south":{"uv":[12,0,13,15],"texture":"#0"},"west":{"uv":[12,0,13,15],"texture":"#0"},"up":{"uv":[13,0,12,1],"rotation":180,"texture":"#0"},"down":{"uv":[12,14,13,15],"texture":"#0"}}},{"from":[8,12,7.5],"to":[11,15,8.5],"faces":{"north":{"uv":[8,4,11,1],"rotation":180,"texture":"#0"},"east":{"uv":[10,1,11,4],"texture":"#0"},"south":{"uv":[8,1,11,4],"texture":"#0"},"west":{"uv":[8,1,9,4],"texture":"#0"},"up":{"uv":[11,1,8,2],"rotation":180,"texture":"#0"},"down":{"uv":[8,3,11,4],"texture":"#0"}}},{"from":[11,13,7.5],"to":[12,15,8.5],"faces":{"north":{"uv":[11,3,12,1],"rotation":180,"texture":"#0"},"east":{"uv":[11,1,12,3],"texture":"#0"},"south":{"uv":[11,1,12,3],"texture":"#0"},"west":{"uv":[11,1,12,3],"texture":"#0"},"up":{"uv":[12,1,11,2],"rotation":180,"texture":"#0"},"down":{"uv":[11,2,12,3],"texture":"#0"}}},{"from":[13,13,7.5],"to":[14,15,8.5],"faces":{"north":{"uv":[13,3,14,1],"rotation":180,"texture":"#0"},"east":{"uv":[13,1,14,3],"texture":"#0"},"south":{"uv":[13,1,14,3],"texture":"#0"},"west":{"uv":[13,1,14,3],"texture":"#0"},"up":{"uv":[14,1,13,2],"rotation":180,"texture":"#0"},"down":{"uv":[13,2,14,3],"texture":"#0"}}},{"from":[2,11,7.5],"to":[5,14,8.5],"faces":{"north":{"uv":[2,5,5,2],"rotation":180,"texture":"#0"},"east":{"uv":[4,2,5,5],"texture":"#0"},"south":{"uv":[2,2,5,5],"texture":"#0"},"west":{"uv":[2,2,3,5],"texture":"#0"},"up":{"uv":[5,2,2,3],"rotation":180,"texture":"#0"},"down":{"uv":[2,4,5,5],"texture":"#0"}}},{"from":[6,6,7.5],"to":[8,14,8.5],"faces":{"north":{"uv":[6,10,8,2],"rotation":180,"texture":"#0"},"east":{"uv":[7,2,8,10],"texture":"#0"},"south":{"uv":[6,2,8,10],"texture":"#0"},"west":{"uv":[6,2,7,10],"texture":"#0"},"up":{"uv":[8,2,6,3],"rotation":180,"texture":"#0"},"down":{"uv":[6,9,8,10],"texture":"#0"}}},{"from":[5,7,7.5],"to":[6,13,8.5],"faces":{"north":{"uv":[5,9,6,3],"rotation":180,"texture":"#0"},"east":{"uv":[5,3,6,9],"texture":"#0"},"south":{"uv":[5,3,6,9],"texture":"#0"},"west":{"uv":[5,3,6,9],"texture":"#0"},"up":{"uv":[6,3,5,4],"rotation":180,"texture":"#0"},"down":{"uv":[5,8,6,9],"texture":"#0"}}},{"from":[3,8,7.5],"to":[5,11,8.5],"faces":{"north":{"uv":[3,8,5,5],"rotation":180,"texture":"#0"},"east":{"uv":[4,5,5,8],"texture":"#0"},"south":{"uv":[3,5,5,8],"texture":"#0"},"west":{"uv":[3,5,4,8],"texture":"#0"},"up":{"uv":[5,5,3,6],"rotation":180,"texture":"#0"},"down":{"uv":[3,7,5,8],"texture":"#0"}}},{"from":[8,3,7.5],"to":[9,11,8.5],"faces":{"north":{"uv":[8,13,9,5],"rotation":180,"texture":"#0"},"east":{"uv":[8,5,9,13],"texture":"#0"},"south":{"uv":[8,5,9,13],"texture":"#0"},"west":{"uv":[8,5,9,13],"texture":"#0"},"up":{"uv":[9,5,8,6],"rotation":180,"texture":"#0"},"down":{"uv":[8,12,9,13],"texture":"#0"}}},{"from":[2,2,7.5],"to":[3,10,8.5],"faces":{"north":{"uv":[2,14,3,6],"rotation":180,"texture":"#0"},"east":{"uv":[2,6,3,14],"texture":"#0"},"south":{"uv":[2,6,3,14],"texture":"#0"},"west":{"uv":[2,6,3,14],"texture":"#0"},"up":{"uv":[3,6,2,7],"rotation":180,"texture":"#0"},"down":{"uv":[2,13,3,14],"texture":"#0"}}},{"from":[9,3,7.5],"to":[10,10,8.5],"faces":{"north":{"uv":[9,13,10,6],"rotation":180,"texture":"#0"},"east":{"uv":[9,6,10,13],"texture":"#0"},"south":{"uv":[9,6,10,13],"texture":"#0"},"west":{"uv":[9,6,10,13],"texture":"#0"},"up":{"uv":[10,6,9,7],"rotation":180,"texture":"#0"},"down":{"uv":[9,12,10,13],"texture":"#0"}}},{"from":[10,3,7.5],"to":[11,9,8.5],"faces":{"north":{"uv":[10,13,11,7],"rotation":180,"texture":"#0"},"east":{"uv":[10,7,11,13],"texture":"#0"},"south":{"uv":[10,7,11,13],"texture":"#0"},"west":{"uv":[10,7,11,13],"texture":"#0"},"up":{"uv":[11,7,10,8],"rotation":180,"texture":"#0"},"down":{"uv":[10,12,11,13],"texture":"#0"}}},{"from":[1,2,7.5],"to":[2,8,8.5],"faces":{"north":{"uv":[1,14,2,8],"rotation":180,"texture":"#0"},"east":{"uv":[1,8,2,14],"texture":"#0"},"south":{"uv":[1,8,2,14],"texture":"#0"},"west":{"uv":[1,8,2,14],"texture":"#0"},"up":{"uv":[2,8,1,9],"rotation":180,"texture":"#0"},"down":{"uv":[1,13,2,14],"texture":"#0"}}},{"from":[3,6,7.5],"to":[4,8,8.5],"faces":{"north":{"uv":[3,10,4,8],"rotation":180,"texture":"#0"},"east":{"uv":[3,8,4,10],"texture":"#0"},"south":{"uv":[3,8,4,10],"texture":"#0"},"west":{"uv":[3,8,4,10],"texture":"#0"},"up":{"uv":[4,8,3,9],"rotation":180,"texture":"#0"},"down":{"uv":[3,9,4,10],"texture":"#0"}}},{"from":[11,2,7.5],"to":[12,8,8.5],"faces":{"north":{"uv":[11,14,12,8],"rotation":180,"texture":"#0"},"east":{"uv":[11,8,12,14],"texture":"#0"},"south":{"uv":[11,8,12,14],"texture":"#0"},"west":{"uv":[11,8,12,14],"texture":"#0"},"up":{"uv":[12,8,11,9],"rotation":180,"texture":"#0"},"down":{"uv":[11,13,12,14],"texture":"#0"}}},{"from":[7,5,7.5],"to":[8,6,8.5],"faces":{"north":{"uv":[7,11,8,10],"rotation":180,"texture":"#0"},"east":{"uv":[7,10,8,11],"texture":"#0"},"south":{"uv":[7,10,8,11],"texture":"#0"},"west":{"uv":[7,10,8,11],"texture":"#0"},"up":{"uv":[8,10,7,11],"rotation":180,"texture":"#0"},"down":{"uv":[7,10,8,11],"texture":"#0"}}},{"from":[13,0,7.5],"to":[14,5,8.5],"faces":{"north":{"uv":[13,16,14,11],"rotation":180,"texture":"#0"},"east":{"uv":[13,11,14,16],"texture":"#0"},"south":{"uv":[13,11,14,16],"texture":"#0"},"west":{"uv":[13,11,14,16],"texture":"#0"},"up":{"uv":[14,11,13,12],"rotation":180,"texture":"#0"},"down":{"uv":[13,15,14,16],"texture":"#0"}}},{"from":[0,3,7.5],"to":[1,4,8.5],"faces":{"north":{"uv":[0,13,1,12],"rotation":180,"texture":"#0"},"east":{"uv":[0,12,1,13],"texture":"#0"},"south":{"uv":[0,12,1,13],"texture":"#0"},"west":{"uv":[0,12,1,13],"texture":"#0"},"up":{"uv":[1,12,0,13],"rotation":180,"texture":"#0"},"down":{"uv":[0,12,1,13],"texture":"#0"}}},{"from":[3,3,7.5],"to":[8,4,8.5],"faces":{"north":{"uv":[3,13,8,12],"rotation":180,"texture":"#0"},"east":{"uv":[7,12,8,13],"texture":"#0"},"south":{"uv":[3,12,8,13],"texture":"#0"},"west":{"uv":[3,12,4,13],"texture":"#0"},"up":{"uv":[8,12,3,13],"rotation":180,"texture":"#0"},"down":{"uv":[3,12,8,13],"texture":"#0"}}},{"from":[14,0,7.5],"to":[15,4,8.5],"faces":{"north":{"uv":[14,16,15,12],"rotation":180,"texture":"#0"},"east":{"uv":[14,12,15,16],"texture":"#0"},"south":{"uv":[14,12,15,16],"texture":"#0"},"west":{"uv":[14,12,15,16],"texture":"#0"},"up":{"uv":[15,12,14,13],"rotation":180,"texture":"#0"},"down":{"uv":[14,15,15,16],"texture":"#0"}}},{"from":[15,1,7.5],"to":[16,3,8.5],"faces":{"north":{"uv":[15,15,16,13],"rotation":180,"texture":"#0"},"east":{"uv":[15,13,16,15],"texture":"#0"},"south":{"uv":[15,13,16,15],"texture":"#0"},"west":{"uv":[15,13,16,15],"texture":"#0"},"up":{"uv":[16,13,15,14],"rotation":180,"texture":"#0"},"down":{"uv":[15,14,16,15],"texture":"#0"}}}],"gui_light":"front","display":{"thirdperson_righthand":{"rotation":[-90,0,-60],"translation":[2,0.1,-3],"scale":[0.9,0.9,0.9]},"thirdperson_lefthand":{"rotation":[-90,0,30],"translation":[2,0.1,-3],"scale":[0.9,0.9,0.9]},"firstperson_righthand":{"rotation":[-90,0,-55],"translation":[1.13,3.2,1.13],"scale":[0.68,0.68,0.68]},"firstperson_lefthand":{"rotation":[-90,0,35],"translation":[1.13,3.2,1.13],"scale":[0.68,0.68,0.68]},"fixed":{"rotation":[0,0,270],"scale":[1.02,1.02,1.02]}},"groups":[{"name":"crossbow_arrow","origin":[8,8,8],"children":[0,1,2,3,4,5,6,7,8,9,10,11,12,13,14,15,16,17,18,19,20]}]}