{"credit":"ObeeNow","textures":{"6":"item/firework_rocket"},"elements":[{"from":[8,2,7.5],"to":[9,14,8.5],"faces":{"north":{"uv":[8,14,9,2],"rotation":180,"texture":"#6"},"east":{"uv":[8,2,9,14],"texture":"#6"},"south":{"uv":[8,2,9,14],"texture":"#6"},"west":{"uv":[8,2,9,14],"texture":"#6"},"up":{"uv":[9,2,8,3],"rotation":180,"texture":"#6"},"down":{"uv":[8,13,9,14],"texture":"#6"}}},{"from":[7,2,7.5],"to":[8,13,8.5],"faces":{"north":{"uv":[7,14,8,3],"rotation":180,"texture":"#6"},"south":{"uv":[7,3,8,14],"texture":"#6"},"west":{"uv":[7,3,8,14],"texture":"#6"},"up":{"uv":[8,3,7,4],"rotation":180,"texture":"#6"},"down":{"uv":[7,13,8,14],"texture":"#6"}}},{"from":[9,1,7.5],"to":[10,13,8.5],"faces":{"north":{"uv":[9,15,10,3],"rotation":180,"texture":"#6"},"east":{"uv":[9,3,10,15],"texture":"#6"},"south":{"uv":[9,3,10,15],"texture":"#6"},"west":{"uv":[9,3,10,15],"texture":"#6"},"up":{"uv":[10,3,9,4],"rotation":180,"texture":"#6"},"down":{"uv":[9,14,10,15],"texture":"#6"}}},{"from":[6,10,7.5],"to":[7,12,8.5],"faces":{"north":{"uv":[6,6,7,4],"rotation":180,"texture":"#6"},"south":{"uv":[6,4,7,6],"texture":"#6"},"west":{"uv":[6,4,7,6],"texture":"#6"},"up":{"uv":[7,4,6,5],"rotation":180,"texture":"#6"},"down":{"uv":[6,5,7,6],"texture":"#6"}}},{"from":[10,10,7.5],"to":[11,12,8.5],"faces":{"north":{"uv":[10,6,11,4],"rotation":180,"texture":"#6"},"east":{"uv":[10,4,11,6],"texture":"#6"},"south":{"uv":[10,4,11,6],"texture":"#6"},"up":{"uv":[11,4,10,5],"rotation":180,"texture":"#6"},"down":{"uv":[10,5,11,6],"texture":"#6"}}},{"from":[12,3,7.5],"to":[14,4,8.5],"faces":{"north":{"uv":[12,13,14,12],"rotation":180,"texture":"#6"},"east":{"uv":[13,12,14,13],"texture":"#6"},"south":{"uv":[12,12,14,13],"texture":"#6"},"west":{"uv":[12,12,13,13],"texture":"#6"},"up":{"uv":[14,12,12,13],"rotation":180,"texture":"#6"},"down":{"uv":[12,12,14,13],"texture":"#6"}}},{"from":[11,2,7.5],"to":[12,3,8.5],"faces":{"north":{"uv":[11,14,12,13],"rotation":180,"texture":"#6"},"east":{"uv":[11,13,12,14],"texture":"#6"},"south":{"uv":[11,13,12,14],"texture":"#6"},"west":{"uv":[11,13,12,14],"texture":"#6"},"up":{"uv":[12,13,11,14],"rotation":180,"texture":"#6"},"down":{"uv":[11,13,12,14],"texture":"#6"}}},{"from":[10,1,7.5],"to":[11,2,8.5],"faces":{"north":{"uv":[10,15,11,14],"rotation":180,"texture":"#6"},"east":{"uv":[10,14,11,15],"texture":"#6"},"south":{"uv":[10,14,11,15],"texture":"#6"},"up":{"uv":[11,14,10,15],"rotation":180,"texture":"#6"},"down":{"uv":[10,14,11,15],"texture":"#6"}}}],"gui_light":"front","display":{"thirdperson_righthand":{"translation":[0,3,1],"scale":[0.55,0.55,0.55]},"firstperson_righthand":{"rotation":[0,-90,25],"translation":[1.13,3.2,1.13],"scale":[0.68,0.68,0.68]},"ground":{"translation":[0,3,0],"scale":[0.5,0.5,0.5]},"head":{"rotation":[0,180,0],"translation":[0,13,7]},"fixed":{"rotation":[0,180,0],"scale":[1.02,1.02,1.02]}},"groups":[{"name":"firework_rocket","origin":[8,8,8],"children":[0,1,2,3,4,5,6,7]}]}