{"credit":"ObeeNow","textures":{"2":"item/fishing_rod","particle":"item/fishing_rod"},"elements":[{"from":[13,11,7.5],"to":[15,15,8.5],"faces":{"north":{"uv":[13,5,15,1],"rotation":180,"texture":"#2"},"east":{"uv":[14,1,15,5],"texture":"#2"},"south":{"uv":[13,1,15,5],"texture":"#2"},"west":{"uv":[13,1,14,5],"texture":"#2"},"up":{"uv":[15,1,13,2],"rotation":180,"texture":"#2"},"down":{"uv":[13,4,15,5],"texture":"#2"}}},{"from":[12,10,7.5],"to":[13,14,8.5],"faces":{"north":{"uv":[12,6,13,2],"rotation":180,"texture":"#2"},"east":{"uv":[12,2,13,6],"texture":"#2"},"south":{"uv":[12,2,13,6],"texture":"#2"},"west":{"uv":[12,2,13,6],"texture":"#2"},"up":{"uv":[13,2,12,3],"rotation":180,"texture":"#2"},"down":{"uv":[12,5,13,6],"texture":"#2"}}},{"from":[11,9,7.5],"to":[12,13,8.5],"faces":{"north":{"uv":[11,7,12,3],"rotation":180,"texture":"#2"},"east":{"uv":[11,3,12,7],"texture":"#2"},"south":{"uv":[11,3,12,7],"texture":"#2"},"west":{"uv":[11,3,12,7],"texture":"#2"},"up":{"uv":[12,3,11,4],"rotation":180,"texture":"#2"},"down":{"uv":[11,6,12,7],"texture":"#2"}}},{"from":[10,8,7.5],"to":[11,12,8.5],"faces":{"north":{"uv":[10,8,11,4],"rotation":180,"texture":"#2"},"east":{"uv":[10,4,11,8],"texture":"#2"},"south":{"uv":[10,4,11,8],"texture":"#2"},"west":{"uv":[10,4,11,8],"texture":"#2"},"up":{"uv":[11,4,10,5],"rotation":180,"texture":"#2"},"down":{"uv":[10,7,11,8],"texture":"#2"}}},{"from":[9,7,7.5],"to":[10,11,8.5],"faces":{"north":{"uv":[9,9,10,5],"rotation":180,"texture":"#2"},"east":{"uv":[9,5,10,9],"texture":"#2"},"south":{"uv":[9,5,10,9],"texture":"#2"},"west":{"uv":[9,5,10,9],"texture":"#2"},"up":{"uv":[10,5,9,6],"rotation":180,"texture":"#2"},"down":{"uv":[9,8,10,9],"texture":"#2"}}},{"from":[14,6,7.5],"to":[15,11,8.5],"faces":{"north":{"uv":[14,10,15,5],"rotation":180,"texture":"#2"},"east":{"uv":[14,5,15,10],"texture":"#2"},"south":{"uv":[14,5,15,10],"texture":"#2"},"west":{"uv":[14,5,15,10],"texture":"#2"},"down":{"uv":[14,9,15,10],"texture":"#2"}}},{"from":[8,6,7.5],"to":[9,10,8.5],"faces":{"north":{"uv":[8,10,9,6],"rotation":180,"texture":"#2"},"east":{"uv":[8,6,9,10],"texture":"#2"},"south":{"uv":[8,6,9,10],"texture":"#2"},"west":{"uv":[8,6,9,10],"texture":"#2"},"up":{"uv":[9,6,8,7],"rotation":180,"texture":"#2"},"down":{"uv":[8,9,9,10],"texture":"#2"}}},{"from":[7,2,7.5],"to":[8,9,8.5],"faces":{"north":{"uv":[7,14,8,7],"rotation":180,"texture":"#2"},"east":{"uv":[7,7,8,14],"texture":"#2"},"south":{"uv":[7,7,8,14],"texture":"#2"},"west":{"uv":[7,7,8,14],"texture":"#2"},"up":{"uv":[8,7,7,8],"rotation":180,"texture":"#2"},"down":{"uv":[7,13,8,14],"texture":"#2"}}},{"from":[6,2,7.5],"to":[7,8,8.5],"faces":{"north":{"uv":[6,14,7,8],"rotation":180,"texture":"#2"},"south":{"uv":[6,8,7,14],"texture":"#2"},"west":{"uv":[6,8,7,14],"texture":"#2"},"up":{"uv":[7,8,6,9],"rotation":180,"texture":"#2"},"down":{"uv":[6,13,7,14],"texture":"#2"}}},{"from":[5,3,7.5],"to":[6,7,8.5],"faces":{"north":{"uv":[5,13,6,9],"rotation":180,"texture":"#2"},"south":{"uv":[5,9,6,13],"texture":"#2"},"west":{"uv":[5,9,6,13],"texture":"#2"},"up":{"uv":[6,9,5,10],"rotation":180,"texture":"#2"},"down":{"uv":[5,12,6,13],"texture":"#2"}}},{"from":[13,4,7.5],"to":[14,6,8.5],"faces":{"north":{"uv":[13,12,14,10],"rotation":180,"texture":"#2"},"east":{"uv":[13,10,14,12],"texture":"#2"},"south":{"uv":[13,10,14,12],"texture":"#2"},"west":{"uv":[13,10,14,12],"texture":"#2"},"up":{"uv":[14,10,13,11],"rotation":180,"texture":"#2"},"down":{"uv":[13,11,14,12],"texture":"#2"}}},{"from":[4,2,7.5],"to":[5,5,8.5],"faces":{"north":{"uv":[4,14,5,11],"rotation":180,"texture":"#2"},"east":{"uv":[4,11,5,14],"texture":"#2"},"south":{"uv":[4,11,5,14],"texture":"#2"},"west":{"uv":[4,11,5,14],"texture":"#2"},"up":{"uv":[5,11,4,12],"rotation":180,"texture":"#2"},"down":{"uv":[4,13,5,14],"texture":"#2"}}},{"from":[8,3,7.5],"to":[9,5,8.5],"faces":{"north":{"uv":[8,13,9,11],"rotation":180,"texture":"#2"},"east":{"uv":[8,11,9,13],"texture":"#2"},"south":{"uv":[8,11,9,13],"texture":"#2"},"up":{"uv":[9,11,8,12],"rotation":180,"texture":"#2"},"down":{"uv":[8,12,9,13],"texture":"#2"}}},{"from":[3,1,7.5],"to":[4,4,8.5],"faces":{"north":{"uv":[3,15,4,12],"rotation":180,"texture":"#2"},"east":{"uv":[3,12,4,15],"texture":"#2"},"south":{"uv":[3,12,4,15],"texture":"#2"},"west":{"uv":[3,12,4,15],"texture":"#2"},"up":{"uv":[4,12,3,13],"rotation":180,"texture":"#2"},"down":{"uv":[3,14,4,15],"texture":"#2"}}},{"from":[12,2,7.5],"to":[13,4,8.5],"faces":{"north":{"uv":[12,14,13,12],"rotation":180,"texture":"#2"},"east":{"uv":[12,12,13,14],"texture":"#2"},"south":{"uv":[12,12,13,14],"texture":"#2"},"west":{"uv":[12,12,13,14],"texture":"#2"},"up":{"uv":[13,12,12,13],"rotation":180,"texture":"#2"},"down":{"uv":[12,13,13,14],"texture":"#2"}}},{"from":[2,1,7.5],"to":[3,3,8.5],"faces":{"north":{"uv":[2,15,3,13],"rotation":180,"texture":"#2"},"south":{"uv":[2,13,3,15],"texture":"#2"},"west":{"uv":[2,13,3,15],"texture":"#2"},"up":{"uv":[3,13,2,14],"rotation":180,"texture":"#2"},"down":{"uv":[2,14,3,15],"texture":"#2"}}},{"from":[10,1,7.5],"to":[11,3,8.5],"faces":{"north":{"uv":[10,15,11,13],"rotation":180,"texture":"#2"},"east":{"uv":[10,13,11,15],"texture":"#2"},"south":{"uv":[10,13,11,15],"texture":"#2"},"west":{"uv":[10,13,11,15],"texture":"#2"},"up":{"uv":[11,13,10,14],"rotation":180,"texture":"#2"},"down":{"uv":[10,14,11,15],"texture":"#2"}}},{"from":[11,1,7.5],"to":[12,2,8.5],"faces":{"north":{"uv":[11,15,12,14],"rotation":180,"texture":"#2"},"east":{"uv":[11,14,12,15],"texture":"#2"},"south":{"uv":[11,14,12,15],"texture":"#2"},"up":{"uv":[12,14,11,15],"rotation":180,"texture":"#2"},"down":{"uv":[11,14,12,15],"texture":"#2"}}}],"gui_light":"front","overrides":[{"predicate":{"cast":1},"model":"item/fishing_rod_cast"}],"display":{"thirdperson_righthand":{"rotation":[0,90,50],"translation":[0,4,2],"scale":[0.85,0.85,0.85]},"thirdperson_lefthand":{"rotation":[0,-90,-50],"translation":[0,4,2],"scale":[0.85,0.85,0.85]},"firstperson_righthand":{"rotation":[0,90,25],"translation":[1.13,1.75,1.13],"scale":[0.68,0.68,0.68]},"firstperson_lefthand":{"rotation":[0,-90,-25],"translation":[1.13,1.75,1.13],"scale":[0.68,0.68,0.68]},"ground":{"translation":[0,3,0],"scale":[0.5,0.5,0.5]},"head":{"rotation":[0,180,0],"translation":[0,13,7]},"fixed":{"rotation":[0,180,0],"scale":[1.02,1.02,1.02]}},"groups":[{"name":"fishing_rod","origin":[8,8,8],"children":[0,1,2,3,4,5,6,7,8,9,10,11,12,13,14,15,16,17]}]}