{"credit":"ObeeNow","textures":{"4":"item/flint_and_steel"},"elements":[{"from":[4,12,7.5],"to":[6,15,8.5],"faces":{"north":{"uv":[4,4,6,1],"rotation":180,"texture":"#4"},"east":{"uv":[5,1,6,4],"texture":"#4"},"south":{"uv":[4,1,6,4],"texture":"#4"},"west":{"uv":[4,1,5,4],"texture":"#4"},"up":{"uv":[6,1,4,2],"rotation":180,"texture":"#4"},"down":{"uv":[4,3,6,4],"texture":"#4"}}},{"from":[3,6,7.5],"to":[4,14,8.5],"faces":{"north":{"uv":[3,10,4,2],"rotation":180,"texture":"#4"},"south":{"uv":[3,2,4,10],"texture":"#4"},"west":{"uv":[3,2,4,10],"texture":"#4"},"up":{"uv":[4,2,3,3],"rotation":180,"texture":"#4"},"down":{"uv":[3,9,4,10],"texture":"#4"}}},{"from":[6,11,7.5],"to":[7,14,8.5],"faces":{"north":{"uv":[6,5,7,2],"rotation":180,"texture":"#4"},"east":{"uv":[6,2,7,5],"texture":"#4"},"south":{"uv":[6,2,7,5],"texture":"#4"},"west":{"uv":[6,2,7,5],"texture":"#4"},"up":{"uv":[7,2,6,3],"rotation":180,"texture":"#4"},"down":{"uv":[6,4,7,5],"texture":"#4"}}},{"from":[2,7,7.5],"to":[3,13,8.5],"faces":{"north":{"uv":[2,9,3,3],"rotation":180,"texture":"#4"},"south":{"uv":[2,3,3,9],"texture":"#4"},"west":{"uv":[2,3,3,9],"texture":"#4"},"up":{"uv":[3,3,2,4],"rotation":180,"texture":"#4"},"down":{"uv":[2,8,3,9],"texture":"#4"}}},{"from":[7,11,7.5],"to":[8,13,8.5],"faces":{"north":{"uv":[7,5,8,3],"rotation":180,"texture":"#4"},"east":{"uv":[7,3,8,5],"texture":"#4"},"south":{"uv":[7,3,8,5],"texture":"#4"},"up":{"uv":[8,3,7,4],"rotation":180,"texture":"#4"},"down":{"uv":[7,4,8,5],"texture":"#4"}}},{"from":[4,5,7.5],"to":[5,12,8.5],"faces":{"north":{"uv":[4,11,5,4],"rotation":180,"texture":"#4"},"east":{"uv":[4,4,5,11],"texture":"#4"},"south":{"uv":[4,4,5,11],"texture":"#4"},"west":{"uv":[4,4,5,11],"texture":"#4"},"down":{"uv":[4,10,5,11],"texture":"#4"}}},{"from":[6,7,7.5],"to":[8,9,8.5],"faces":{"north":{"uv":[6,9,8,7],"rotation":180,"texture":"#4"},"east":{"uv":[7,7,8,9],"texture":"#4"},"south":{"uv":[6,7,8,9],"texture":"#4"},"west":{"uv":[6,7,7,9],"texture":"#4"},"up":{"uv":[8,7,6,8],"rotation":180,"texture":"#4"},"down":{"uv":[6,8,8,9],"texture":"#4"}}},{"from":[11,1,7.5],"to":[12,9,8.5],"faces":{"north":{"uv":[11,15,12,7],"rotation":180,"texture":"#4"},"east":{"uv":[11,7,12,15],"texture":"#4"},"south":{"uv":[11,7,12,15],"texture":"#4"},"west":{"uv":[11,7,12,15],"texture":"#4"},"up":{"uv":[12,7,11,8],"rotation":180,"texture":"#4"},"down":{"uv":[11,14,12,15],"texture":"#4"}}},{"from":[5,5,7.5],"to":[6,8,8.5],"faces":{"north":{"uv":[5,11,6,8],"rotation":180,"texture":"#4"},"east":{"uv":[5,8,6,11],"texture":"#4"},"south":{"uv":[5,8,6,11],"texture":"#4"},"up":{"uv":[6,8,5,9],"rotation":180,"texture":"#4"},"down":{"uv":[5,10,6,11],"texture":"#4"}}},{"from":[10,0,7.5],"to":[11,8,8.5],"faces":{"north":{"uv":[10,16,11,8],"rotation":180,"texture":"#4"},"east":{"uv":[10,8,11,16],"texture":"#4"},"south":{"uv":[10,8,11,16],"texture":"#4"},"west":{"uv":[10,8,11,16],"texture":"#4"},"up":{"uv":[11,8,10,9],"rotation":180,"texture":"#4"},"down":{"uv":[10,15,11,16],"texture":"#4"}}},{"from":[12,1,7.5],"to":[13,8,8.5],"faces":{"north":{"uv":[12,15,13,8],"rotation":180,"texture":"#4"},"east":{"uv":[12,8,13,15],"texture":"#4"},"south":{"uv":[12,8,13,15],"texture":"#4"},"up":{"uv":[13,8,12,9],"rotation":180,"texture":"#4"},"down":{"uv":[12,14,13,15],"texture":"#4"}}},{"from":[6,6,7.5],"to":[7,7,8.5],"faces":{"north":{"uv":[6,10,7,9],"rotation":180,"texture":"#4"},"east":{"uv":[6,9,7,10],"texture":"#4"},"south":{"uv":[6,9,7,10],"texture":"#4"},"down":{"uv":[6,9,7,10],"texture":"#4"}}},{"from":[9,0,7.5],"to":[10,7,8.5],"faces":{"north":{"uv":[9,16,10,9],"rotation":180,"texture":"#4"},"south":{"uv":[9,9,10,16],"texture":"#4"},"west":{"uv":[9,9,10,16],"texture":"#4"},"up":{"uv":[10,9,9,10],"rotation":180,"texture":"#4"},"down":{"uv":[9,15,10,16],"texture":"#4"}}},{"from":[8,1,7.5],"to":[9,6,8.5],"faces":{"north":{"uv":[8,15,9,10],"rotation":180,"texture":"#4"},"south":{"uv":[8,10,9,15],"texture":"#4"},"west":{"uv":[8,10,9,15],"texture":"#4"},"up":{"uv":[9,10,8,11],"rotation":180,"texture":"#4"},"down":{"uv":[8,14,9,15],"texture":"#4"}}},{"from":[13,1,7.5],"to":[14,6,8.5],"faces":{"north":{"uv":[13,15,14,10],"rotation":180,"texture":"#4"},"east":{"uv":[13,10,14,15],"texture":"#4"},"south":{"uv":[13,10,14,15],"texture":"#4"},"up":{"uv":[14,10,13,11],"rotation":180,"texture":"#4"},"down":{"uv":[13,14,14,15],"texture":"#4"}}},{"from":[7,2,7.5],"to":[8,5,8.5],"faces":{"north":{"uv":[7,14,8,11],"rotation":180,"texture":"#4"},"south":{"uv":[7,11,8,14],"texture":"#4"},"west":{"uv":[7,11,8,14],"texture":"#4"},"up":{"uv":[8,11,7,12],"rotation":180,"texture":"#4"},"down":{"uv":[7,13,8,14],"texture":"#4"}}},{"from":[14,2,7.5],"to":[15,4,8.5],"faces":{"north":{"uv":[14,14,15,12],"rotation":180,"texture":"#4"},"east":{"uv":[14,12,15,14],"texture":"#4"},"south":{"uv":[14,12,15,14],"texture":"#4"},"up":{"uv":[15,12,14,13],"rotation":180,"texture":"#4"},"down":{"uv":[14,13,15,14],"texture":"#4"}}}],"gui_light":"front","display":{"thirdperson_righthand":{"translation":[0,3,1],"scale":[0.55,0.55,0.55]},"firstperson_righthand":{"rotation":[0,-90,25],"translation":[1.13,3.2,1.13],"scale":[0.68,0.68,0.68]},"ground":{"translation":[0,3,0],"scale":[0.5,0.5,0.5]},"head":{"rotation":[0,180,0],"translation":[0,13,7]},"fixed":{"rotation":[0,180,0],"scale":[1.02,1.02,1.02]}},"groups":[{"name":"flint_and_steel","origin":[8,8,8],"children":[0,1,2,3,4,5,6,7,8,9,10,11,12,13,14,15,16]}]}