{"credit":"ObeeNow","parent":"item/sword_display","textures":{"block":"item/diamond_sword"},"elements":[{"from":[13,15,7.5],"to":[16,16,8.5],"faces":{"north":{"uv":[13,1,16,0],"rotation":180,"texture":"#block"},"east":{"uv":[15,0,16,1],"texture":"#block","cullface":"east"},"south":{"uv":[13,0,16,1],"texture":"#block"},"west":{"uv":[13,0,14,1],"texture":"#block"},"up":{"uv":[16,0,13,1],"rotation":180,"texture":"#block","cullface":"up"}}},{"from":[12,14,7.5],"to":[16,15,8.5],"faces":{"north":{"uv":[12,2,16,1],"rotation":180,"texture":"#block"},"east":{"uv":[15,1,16,2],"texture":"#block","cullface":"east"},"south":{"uv":[12,1,16,2],"texture":"#block"},"west":{"uv":[12,1,13,2],"texture":"#block"},"up":{"uv":[16,1,12,2],"rotation":180,"texture":"#block"}}},{"from":[11,13,7.5],"to":[16,14,8.5],"faces":{"north":{"uv":[11,3,16,2],"rotation":180,"texture":"#block"},"east":{"uv":[15,2,16,3],"texture":"#block","cullface":"east"},"south":{"uv":[11,2,16,3],"texture":"#block"},"west":{"uv":[11,2,12,3],"texture":"#block"},"up":{"uv":[16,2,11,3],"rotation":180,"texture":"#block"},"down":{"uv":[11,2,16,3],"texture":"#block"}}},{"from":[10,12,7.5],"to":[15,13,8.5],"faces":{"north":{"uv":[10,4,15,3],"rotation":180,"texture":"#block"},"east":{"uv":[14,3,15,4],"texture":"#block"},"south":{"uv":[10,3,15,4],"texture":"#block"},"west":{"uv":[10,3,11,4],"texture":"#block"},"up":{"uv":[15,3,10,4],"rotation":180,"texture":"#block"},"down":{"uv":[10,3,15,4],"texture":"#block"}}},{"from":[9,11,7.5],"to":[14,12,8.5],"faces":{"north":{"uv":[9,5,14,4],"rotation":180,"texture":"#block"},"east":{"uv":[13,4,14,5],"texture":"#block"},"south":{"uv":[9,4,14,5],"texture":"#block"},"west":{"uv":[9,4,10,5],"texture":"#block"},"up":{"uv":[14,4,9,5],"rotation":180,"texture":"#block"},"down":{"uv":[9,4,14,5],"texture":"#block"}}},{"from":[8,10,7.5],"to":[13,11,8.5],"faces":{"north":{"uv":[8,6,13,5],"rotation":180,"texture":"#block"},"east":{"uv":[12,5,13,6],"texture":"#block"},"south":{"uv":[8,5,13,6],"texture":"#block"},"west":{"uv":[8,5,9,6],"texture":"#block"},"up":{"uv":[13,5,8,6],"rotation":180,"texture":"#block"},"down":{"uv":[8,5,13,6],"texture":"#block"}}},{"from":[2,9,7.5],"to":[4,10,8.5],"faces":{"north":{"uv":[2,7,4,6],"rotation":180,"texture":"#block"},"east":{"uv":[3,6,4,7],"texture":"#block"},"south":{"uv":[2,6,4,7],"texture":"#block"},"west":{"uv":[2,6,3,7],"texture":"#block"},"up":{"uv":[4,6,2,7],"rotation":180,"texture":"#block"}}},{"from":[7,9,7.5],"to":[12,10,8.5],"faces":{"north":{"uv":[7,7,12,6],"rotation":180,"texture":"#block"},"east":{"uv":[11,6,12,7],"texture":"#block"},"south":{"uv":[7,6,12,7],"texture":"#block"},"west":{"uv":[7,6,8,7],"texture":"#block"},"up":{"uv":[12,6,7,7],"rotation":180,"texture":"#block"},"down":{"uv":[7,6,12,7],"texture":"#block"}}},{"from":[2,8,7.5],"to":[5,9,8.5],"faces":{"north":{"uv":[2,8,5,7],"rotation":180,"texture":"#block"},"east":{"uv":[4,7,5,8],"texture":"#block"},"south":{"uv":[2,7,5,8],"texture":"#block"},"west":{"uv":[2,7,3,8],"texture":"#block"},"up":{"uv":[5,7,2,8],"rotation":180,"texture":"#block"},"down":{"uv":[2,7,5,8],"texture":"#block"}}},{"from":[6,8,7.5],"to":[11,9,8.5],"faces":{"north":{"uv":[6,8,11,7],"rotation":180,"texture":"#block"},"east":{"uv":[10,7,11,8],"texture":"#block"},"south":{"uv":[6,7,11,8],"texture":"#block"},"west":{"uv":[6,7,7,8],"texture":"#block"},"up":{"uv":[11,7,6,8],"rotation":180,"texture":"#block"},"down":{"uv":[6,7,11,8],"texture":"#block"}}},{"from":[3,7,7.5],"to":[10,8,8.5],"faces":{"north":{"uv":[3,9,10,8],"rotation":180,"texture":"#block"},"east":{"uv":[9,8,10,9],"texture":"#block"},"south":{"uv":[3,8,10,9],"texture":"#block"},"west":{"uv":[3,8,4,9],"texture":"#block"},"up":{"uv":[10,8,3,9],"rotation":180,"texture":"#block"},"down":{"uv":[3,8,10,9],"texture":"#block"}}},{"from":[3,6,7.5],"to":[9,7,8.5],"faces":{"north":{"uv":[3,10,9,9],"rotation":180,"texture":"#block"},"east":{"uv":[8,9,9,10],"texture":"#block"},"south":{"uv":[3,9,9,10],"texture":"#block"},"west":{"uv":[3,9,4,10],"texture":"#block"},"down":{"uv":[3,9,9,10],"texture":"#block"}}},{"from":[4,5,7.5],"to":[8,6,8.5],"faces":{"north":{"uv":[4,11,8,10],"rotation":180,"texture":"#block"},"east":{"uv":[7,10,8,11],"texture":"#block"},"south":{"uv":[4,10,8,11],"texture":"#block"},"west":{"uv":[4,10,5,11],"texture":"#block"}}},{"from":[3,4,7.5],"to":[9,5,8.5],"faces":{"north":{"uv":[3,12,9,11],"rotation":180,"texture":"#block"},"east":{"uv":[8,11,9,12],"texture":"#block"},"south":{"uv":[3,11,9,12],"texture":"#block"},"west":{"uv":[3,11,4,12],"texture":"#block"},"up":{"uv":[9,11,3,12],"rotation":180,"texture":"#block"},"down":{"uv":[3,11,9,12],"texture":"#block"}}},{"from":[2,3,7.5],"to":[5,4,8.5],"faces":{"north":{"uv":[2,13,5,12],"rotation":180,"texture":"#block"},"east":{"uv":[4,12,5,13],"texture":"#block"},"south":{"uv":[2,12,5,13],"texture":"#block"},"west":{"uv":[2,12,3,13],"texture":"#block"},"up":{"uv":[5,12,2,13],"rotation":180,"texture":"#block"},"down":{"uv":[2,12,5,13],"texture":"#block"}}},{"from":[6,3,7.5],"to":[10,4,8.5],"faces":{"north":{"uv":[6,13,10,12],"rotation":180,"texture":"#block"},"east":{"uv":[9,12,10,13],"texture":"#block"},"south":{"uv":[6,12,10,13],"texture":"#block"},"west":{"uv":[6,12,7,13],"texture":"#block"},"up":{"uv":[10,12,6,13],"rotation":180,"texture":"#block"},"down":{"uv":[6,12,10,13],"texture":"#block"}}},{"from":[0,2,7.5],"to":[4,3,8.5],"faces":{"north":{"uv":[0,14,4,13],"rotation":180,"texture":"#block"},"east":{"uv":[3,13,4,14],"texture":"#block"},"south":{"uv":[0,13,4,14],"texture":"#block"},"west":{"uv":[0,13,1,14],"texture":"#block","cullface":"west"},"up":{"uv":[4,13,0,14],"rotation":180,"texture":"#block"},"down":{"uv":[0,13,4,14],"texture":"#block"}}},{"from":[8,2,7.5],"to":[10,3,8.5],"faces":{"north":{"uv":[8,14,10,13],"rotation":180,"texture":"#block"},"east":{"uv":[9,13,10,14],"texture":"#block"},"south":{"uv":[8,13,10,14],"texture":"#block"},"west":{"uv":[8,13,9,14],"texture":"#block"},"down":{"uv":[8,13,10,14],"texture":"#block"}}},{"from":[0,1,7.5],"to":[3,2,8.5],"faces":{"north":{"uv":[0,15,3,14],"rotation":180,"texture":"#block"},"east":{"uv":[2,14,3,15],"texture":"#block"},"south":{"uv":[0,14,3,15],"texture":"#block"},"west":{"uv":[0,14,1,15],"texture":"#block","cullface":"west"}}},{"from":[0,0,7.5],"to":[3,1,8.5],"faces":{"north":{"uv":[0,16,3,15],"rotation":180,"texture":"#block"},"east":{"uv":[2,15,3,16],"texture":"#block"},"south":{"uv":[0,15,3,16],"texture":"#block"},"west":{"uv":[0,15,1,16],"texture":"#block","cullface":"west"},"down":{"uv":[0,15,3,16],"texture":"#block","cullface":"down"}}}],"display":{"thirdperson_righthand":{"rotation":[0,-90,55],"translation":[0,4,0.5],"scale":[0.85,0.85,0.85]},"thirdperson_lefthand":{"rotation":[0,90,-55],"translation":[0,4,0.5],"scale":[0.85,0.85,0.85]},"firstperson_righthand":{"rotation":[0,-90,25],"translation":[1.13,3.2,1.13],"scale":[0.68,0.68,0.68]},"firstperson_lefthand":{"rotation":[0,90,-25],"translation":[1.13,3.2,1.13],"scale":[0.68,0.68,0.68]},"ground":{"translation":[0,2,0],"scale":[0.5,0.5,0.5]}},"groups":[{"name":"diamond_sword","origin":[8,8,8],"children":[0,1,2,3,4,5,6,7,8,9,10,11,12,13,14,15,16,17,18,19]}]}