{"credit":"ObeeNow","parent":"item/shovel_display","textures":{"0":"item/diamond_shovel"},"elements":[{"from":[11,9,7.5],"to":[14,14,8.5],"faces":{"north":{"uv":[11,7,14,2],"rotation":180,"texture":"#0"},"east":{"uv":[13,2,14,7],"texture":"#0"},"south":{"uv":[11,2,14,7],"texture":"#0"},"west":{"uv":[11,2,12,7],"texture":"#0"},"up":{"uv":[14,2,11,3],"rotation":180,"texture":"#0"},"down":{"uv":[11,6,14,7],"texture":"#0"}}},{"from":[10,8,7.5],"to":[11,13,8.5],"faces":{"north":{"uv":[10,8,11,3],"rotation":180,"texture":"#0"},"south":{"uv":[10,3,11,8],"texture":"#0"},"west":{"uv":[10,3,11,8],"texture":"#0"},"up":{"uv":[11,3,10,4],"rotation":180,"texture":"#0"},"down":{"uv":[10,7,11,8],"texture":"#0"}}},{"from":[14,10,7.5],"to":[15,13,8.5],"faces":{"north":{"uv":[14,6,15,3],"rotation":180,"texture":"#0"},"east":{"uv":[14,3,15,6],"texture":"#0"},"south":{"uv":[14,3,15,6],"texture":"#0"},"up":{"uv":[15,3,14,4],"rotation":180,"texture":"#0"},"down":{"uv":[14,5,15,6],"texture":"#0"}}},{"from":[9,7,7.5],"to":[10,12,8.5],"faces":{"north":{"uv":[9,9,10,4],"rotation":180,"texture":"#0"},"east":{"uv":[9,4,10,9],"texture":"#0"},"south":{"uv":[9,4,10,9],"texture":"#0"},"west":{"uv":[9,4,10,9],"texture":"#0"},"up":{"uv":[10,4,9,5],"rotation":180,"texture":"#0"},"down":{"uv":[9,8,10,9],"texture":"#0"}}},{"from":[8,10,7.5],"to":[9,11,8.5],"faces":{"north":{"uv":[8,6,9,5],"rotation":180,"texture":"#0"},"south":{"uv":[8,5,9,6],"texture":"#0"},"west":{"uv":[8,5,9,6],"texture":"#0"},"up":{"uv":[9,5,8,6],"rotation":180,"texture":"#0"},"down":{"uv":[8,5,9,6],"texture":"#0"}}},{"from":[8,6,7.5],"to":[9,9,8.5],"faces":{"north":{"uv":[8,10,9,7],"rotation":180,"texture":"#0"},"east":{"uv":[8,7,9,10],"texture":"#0"},"south":{"uv":[8,7,9,10],"texture":"#0"},"west":{"uv":[8,7,9,10],"texture":"#0"},"up":{"uv":[9,7,8,8],"rotation":180,"texture":"#0"},"down":{"uv":[8,9,9,10],"texture":"#0"}}},{"from":[11,8,7.5],"to":[13,9,8.5],"faces":{"north":{"uv":[11,8,13,7],"rotation":180,"texture":"#0"},"east":{"uv":[12,7,13,8],"texture":"#0"},"south":{"uv":[11,7,13,8],"texture":"#0"},"down":{"uv":[11,7,13,8],"texture":"#0"}}},{"from":[7,5,7.5],"to":[8,8,8.5],"faces":{"north":{"uv":[7,11,8,8],"rotation":180,"texture":"#0"},"east":{"uv":[7,8,8,11],"texture":"#0"},"south":{"uv":[7,8,8,11],"texture":"#0"},"west":{"uv":[7,8,8,11],"texture":"#0"},"up":{"uv":[8,8,7,9],"rotation":180,"texture":"#0"},"down":{"uv":[7,10,8,11],"texture":"#0"}}},{"from":[11,7,7.5],"to":[12,8,8.5],"faces":{"north":{"uv":[11,9,12,8],"rotation":180,"texture":"#0"},"east":{"uv":[11,8,12,9],"texture":"#0"},"south":{"uv":[11,8,12,9],"texture":"#0"},"west":{"uv":[11,8,12,9],"texture":"#0"},"down":{"uv":[11,8,12,9],"texture":"#0"}}},{"from":[6,4,7.5],"to":[7,7,8.5],"faces":{"north":{"uv":[6,12,7,9],"rotation":180,"texture":"#0"},"east":{"uv":[6,9,7,12],"texture":"#0"},"south":{"uv":[6,9,7,12],"texture":"#0"},"west":{"uv":[6,9,7,12],"texture":"#0"},"up":{"uv":[7,9,6,10],"rotation":180,"texture":"#0"},"down":{"uv":[6,11,7,12],"texture":"#0"}}},{"from":[5,3,7.5],"to":[6,6,8.5],"faces":{"north":{"uv":[5,13,6,10],"rotation":180,"texture":"#0"},"east":{"uv":[5,10,6,13],"texture":"#0"},"south":{"uv":[5,10,6,13],"texture":"#0"},"west":{"uv":[5,10,6,13],"texture":"#0"},"up":{"uv":[6,10,5,11],"rotation":180,"texture":"#0"},"down":{"uv":[5,12,6,13],"texture":"#0"}}},{"from":[4,1,7.5],"to":[5,5,8.5],"faces":{"north":{"uv":[4,15,5,11],"rotation":180,"texture":"#0"},"east":{"uv":[4,11,5,15],"texture":"#0"},"south":{"uv":[4,11,5,15],"texture":"#0"},"west":{"uv":[4,11,5,15],"texture":"#0"},"up":{"uv":[5,11,4,12],"rotation":180,"texture":"#0"},"down":{"uv":[4,14,5,15],"texture":"#0"}}},{"from":[2,2,7.5],"to":[4,4,8.5],"faces":{"north":{"uv":[2,14,4,12],"rotation":180,"texture":"#0"},"south":{"uv":[2,12,4,14],"texture":"#0"},"west":{"uv":[2,12,3,14],"texture":"#0"},"up":{"uv":[4,12,2,13],"rotation":180,"texture":"#0"},"down":{"uv":[2,13,4,14],"texture":"#0"}}},{"from":[3,1,7.5],"to":[4,2,8.5],"faces":{"north":{"uv":[3,15,4,14],"rotation":180,"texture":"#0"},"south":{"uv":[3,14,4,15],"texture":"#0"},"west":{"uv":[3,14,4,15],"texture":"#0"},"down":{"uv":[3,14,4,15],"texture":"#0"}}}],"display":{"thirdperson_righthand":{"rotation":[0,-90,55],"translation":[0,4,0.5],"scale":[0.85,0.85,0.85]},"thirdperson_lefthand":{"rotation":[0,90,-55],"translation":[0,4,0.5],"scale":[0.85,0.85,0.85]},"firstperson_righthand":{"rotation":[0,-90,25],"translation":[1.13,3.2,1.13],"scale":[0.68,0.68,0.68]},"firstperson_lefthand":{"rotation":[0,90,-25],"translation":[1.13,3.2,1.13],"scale":[0.68,0.68,0.68]},"ground":{"translation":[0,2,0],"scale":[0.5,0.5,0.5]},"head":{"rotation":[0,180,0],"translation":[0,13,7]},"fixed":{"rotation":[0,180,0]}},"groups":[{"name":"diamond_shovel","origin":[8,8,8],"children":[0,1,2,3,4,5,6,7,8,9,10,11,12,13]}]}