{"credit":"ObeeNow","textures":{"7":"item/golden_carrot","particle":"item/golden_carrot"},"elements":[{"from":[7,14,7.5],"to":[10,15,8.5],"faces":{"north":{"uv":[7,2,10,1],"rotation":180,"texture":"#7"},"east":{"uv":[9,1,10,2],"texture":"#7"},"south":{"uv":[7,1,10,2],"texture":"#7"},"west":{"uv":[7,1,8,2],"texture":"#7"},"up":{"uv":[10,1,7,2],"rotation":180,"texture":"#7"},"down":{"uv":[7,1,10,2],"texture":"#7"}}},{"from":[8,6,7.5],"to":[11,14,8.5],"faces":{"north":{"uv":[8,10,11,2],"rotation":180,"texture":"#7"},"east":{"uv":[10,2,11,10],"texture":"#7"},"south":{"uv":[8,2,11,10],"texture":"#7"},"west":{"uv":[8,2,9,10],"texture":"#7"},"up":{"uv":[11,2,8,3],"rotation":180,"texture":"#7"},"down":{"uv":[8,9,11,10],"texture":"#7"}}},{"from":[12,12,7.5],"to":[14,14,8.5],"faces":{"north":{"uv":[12,4,14,2],"rotation":180,"texture":"#7"},"east":{"uv":[13,2,14,4],"texture":"#7"},"south":{"uv":[12,2,14,4],"texture":"#7"},"west":{"uv":[12,2,13,4],"texture":"#7"},"up":{"uv":[14,2,12,3],"rotation":180,"texture":"#7"},"down":{"uv":[12,3,14,4],"texture":"#7"}}},{"from":[5,12,7.5],"to":[8,13,8.5],"faces":{"north":{"uv":[5,4,8,3],"rotation":180,"texture":"#7"},"south":{"uv":[5,3,8,4],"texture":"#7"},"west":{"uv":[5,3,6,4],"texture":"#7"},"up":{"uv":[8,3,5,4],"rotation":180,"texture":"#7"},"down":{"uv":[5,3,8,4],"texture":"#7"}}},{"from":[11,6,7.5],"to":[12,13,8.5],"faces":{"north":{"uv":[11,10,12,3],"rotation":180,"texture":"#7"},"east":{"uv":[11,3,12,10],"texture":"#7"},"south":{"uv":[11,3,12,10],"texture":"#7"},"up":{"uv":[12,3,11,4],"rotation":180,"texture":"#7"},"down":{"uv":[11,9,12,10],"texture":"#7"}}},{"from":[6,4,7.5],"to":[8,12,8.5],"faces":{"north":{"uv":[6,12,8,4],"rotation":180,"texture":"#7"},"south":{"uv":[6,4,8,12],"texture":"#7"},"west":{"uv":[6,4,7,12],"texture":"#7"},"down":{"uv":[6,11,8,12],"texture":"#7"}}},{"from":[12,7,7.5],"to":[13,12,8.5],"faces":{"north":{"uv":[12,9,13,4],"rotation":180,"texture":"#7"},"east":{"uv":[12,4,13,9],"texture":"#7"},"south":{"uv":[12,4,13,9],"texture":"#7"},"down":{"uv":[12,8,13,9],"texture":"#7"}}},{"from":[13,6,7.5],"to":[14,11,8.5],"faces":{"north":{"uv":[13,10,14,5],"rotation":180,"texture":"#7"},"east":{"uv":[13,5,14,10],"texture":"#7"},"south":{"uv":[13,5,14,10],"texture":"#7"},"west":{"uv":[13,5,14,10],"texture":"#7"},"up":{"uv":[14,5,13,6],"rotation":180,"texture":"#7"},"down":{"uv":[13,9,14,10],"texture":"#7"}}},{"from":[5,2,7.5],"to":[6,10,8.5],"faces":{"north":{"uv":[5,14,6,6],"rotation":180,"texture":"#7"},"east":{"uv":[5,6,6,14],"texture":"#7"},"south":{"uv":[5,6,6,14],"texture":"#7"},"west":{"uv":[5,6,6,14],"texture":"#7"},"up":{"uv":[6,6,5,7],"rotation":180,"texture":"#7"},"down":{"uv":[5,13,6,14],"texture":"#7"}}},{"from":[14,8,7.5],"to":[15,10,8.5],"faces":{"north":{"uv":[14,8,15,6],"rotation":180,"texture":"#7"},"east":{"uv":[14,6,15,8],"texture":"#7"},"south":{"uv":[14,6,15,8],"texture":"#7"},"up":{"uv":[15,6,14,7],"rotation":180,"texture":"#7"},"down":{"uv":[14,7,15,8],"texture":"#7"}}},{"from":[15,8,7.5],"to":[16,9,8.5],"faces":{"north":{"uv":[15,8,16,7],"rotation":180,"texture":"#7"},"east":{"uv":[15,7,16,8],"texture":"#7"},"south":{"uv":[15,7,16,8],"texture":"#7"},"up":{"uv":[16,7,15,8],"rotation":180,"texture":"#7"},"down":{"uv":[15,7,16,8],"texture":"#7"}}},{"from":[4,2,7.5],"to":[5,8,8.5],"faces":{"north":{"uv":[4,14,5,8],"rotation":180,"texture":"#7"},"south":{"uv":[4,8,5,14],"texture":"#7"},"west":{"uv":[4,8,5,14],"texture":"#7"},"up":{"uv":[5,8,4,9],"rotation":180,"texture":"#7"},"down":{"uv":[4,13,5,14],"texture":"#7"}}},{"from":[3,1,7.5],"to":[4,6,8.5],"faces":{"north":{"uv":[3,15,4,10],"rotation":180,"texture":"#7"},"east":{"uv":[3,10,4,15],"texture":"#7"},"south":{"uv":[3,10,4,15],"texture":"#7"},"west":{"uv":[3,10,4,15],"texture":"#7"},"up":{"uv":[4,10,3,11],"rotation":180,"texture":"#7"},"down":{"uv":[3,14,4,15],"texture":"#7"}}},{"from":[8,5,7.5],"to":[10,6,8.5],"faces":{"north":{"uv":[8,11,10,10],"rotation":180,"texture":"#7"},"east":{"uv":[9,10,10,11],"texture":"#7"},"south":{"uv":[8,10,10,11],"texture":"#7"},"down":{"uv":[8,10,10,11],"texture":"#7"}}},{"from":[8,4,7.5],"to":[9,5,8.5],"faces":{"north":{"uv":[8,12,9,11],"rotation":180,"texture":"#7"},"east":{"uv":[8,11,9,12],"texture":"#7"},"south":{"uv":[8,11,9,12],"texture":"#7"},"down":{"uv":[8,11,9,12],"texture":"#7"}}},{"from":[2,1,7.5],"to":[3,4,8.5],"faces":{"north":{"uv":[2,15,3,12],"rotation":180,"texture":"#7"},"south":{"uv":[2,12,3,15],"texture":"#7"},"west":{"uv":[2,12,3,15],"texture":"#7"},"up":{"uv":[3,12,2,13],"rotation":180,"texture":"#7"},"down":{"uv":[2,14,3,15],"texture":"#7"}}},{"from":[6,3,7.5],"to":[7,4,8.5],"faces":{"north":{"uv":[6,13,7,12],"rotation":180,"texture":"#7"},"east":{"uv":[6,12,7,13],"texture":"#7"},"south":{"uv":[6,12,7,13],"texture":"#7"},"down":{"uv":[6,12,7,13],"texture":"#7"}}}],"gui_light":"front","display":{"thirdperson_righthand":{"translation":[0,3,1],"scale":[0.55,0.55,0.55]},"firstperson_righthand":{"rotation":[0,-90,25],"translation":[1.13,3.2,1.13],"scale":[0.68,0.68,0.68]},"ground":{"translation":[0,3,0],"scale":[0.5,0.5,0.5]},"head":{"rotation":[0,180,0],"translation":[0,13,7]},"fixed":{"rotation":[0,180,0],"scale":[1.02,1.02,1.02]}},"groups":[{"name":"golden_carrot","origin":[8,8,8],"children":[0,1,2,3,4,5,6,7,8,9,10,11,12,13,14,15,16]}]}