{
	"parent": "item/handheld",
	"textures": {
		"layer0": "item/stick"
	},
	"overrides": [
		{"predicate":{"custom_model_data":1374001},"model":"ryz.cgol.wecg/0"},
		{"predicate":{"custom_model_data":1374002},"model":"ryz.cgol.wecg/head0"},
		{"predicate":{"custom_model_data":1374003},"model":"ryz.cgol.wecg/dead"},
		{"predicate":{"custom_model_data":1374004},"model":"ryz.cgol.wecg/walk0"},
		{"predicate":{"custom_model_data":1374005},"model":"ryz.cgol.wecg/walk1"},
		{"predicate":{"custom_model_data":1374006},"model":"ryz.cgol.wecg/pb0"},
		{"predicate":{"custom_model_data":1374007},"model":"ryz.cgol.wecg/pb1"},
		{"predicate":{"custom_model_data":1374008},"model":"ryz.cgol.wecg/pb2"},
		{"predicate":{"custom_model_data":1374009},"model":"ryz.cgol.wecg/pb3"},
		{"predicate":{"custom_model_data":1374010},"model":"ryz.cgol.wecg/pb4"}

		
	]
}
